State-Pred-Expt-MSE,State-Pred-Real-MSE,Inverse-Dynamic-MSE,Test Rewards Mean,Test Rewards Std,Test Rewards Max,Test Rewards Min,Test Returns Mean,Test Returns Std,Test Returns Max,Test Returns Min,Test Actions Mean,Test Actions Std,Test Actions Max,Test Actions Min,Test Ep. Len. Mean,Test Ep. Len. Std,Test Ep. Len. Max,Test Ep. Len. Min,Num Paths,Test Pred_Real_MSE,Exploration Rewards Mean,Exploration Rewards Std,Exploration Rewards Max,Exploration Rewards Min,Exploration Returns Mean,Exploration Returns Std,Exploration Returns Max,Exploration Returns Min,Exploration Actions Mean,Exploration Actions Std,Exploration Actions Max,Exploration Actions Min,Exploration Ep. Len. Mean,Exploration Ep. Len. Std,Exploration Ep. Len. Max,Exploration Ep. Len. Min,AverageReturn,Number of train calls total,Number of env steps total,Number of rollouts total,Train Time (s),(Previous) Eval Time (s),Sample Time (s),Epoch Time (s),Total Train Time (s),Epoch
0.00037010334,117.7015,0.025429236,1.0,0.0,1.0,1.0,1000.0,0.0,1000.0,1000.0,-6.09177e-05,0.10794666,0.9867425,-0.9605376,1000.0,0.0,1000,1000,10,0.0009119673837219443,1.0,0.0,1.0,1.0,1000.0,0.0,1000.0,1000.0,-0.014565468,0.2758698,0.99455714,-0.9955861,1000.0,0.0,1000,1000,1000.0,10,10000,60,20.42610628530383,0,52.37921626144089,72.80532254674472,157.19130592269357,0
0.0006042486,61.76214,0.006323036,1.0,0.0,1.0,1.0,1000.0,0.0,1000.0,1000.0,-7.472516e-05,0.07097469,0.98563457,-0.9713881,1000.0,0.0,1000,1000,10,0.0011888716008934114,1.0,0.0,1.0,1.0,1000.0,0.0,1000.0,1000.0,-5.950397e-05,0.09354357,0.9925577,-0.9786515,1000.0,0.0,1000,1000,1000.0,20,20000,70,19.83866254671011,84.39104827307165,50.41930085083004,154.6490116706118,311.68213021638803,1
0.00014080864,0.00045344714,0.000101223035,1.0,0.0,1.0,1.0,1000.0,0.0,1000.0,1000.0,-7.243301e-05,0.06466805,0.9714947,-0.970836,1000.0,0.0,1000,1000,10,0.0012908277627278358,1.0,0.0,1.0,1.0,1000.0,0.0,1000.0,1000.0,-6.55909e-05,0.0706469,0.9791216,-0.95403767,1000.0,0.0,1000,1000,1000.0,30,30000,80,19.889999689883552,84.26404244801961,49.88373717025388,154.03777930815704,465.0248418676201,2
0.0005097868,0.0006647889,0.00010909983,1.0,0.0,1.0,1.0,1000.0,0.0,1000.0,1000.0,-5.992831e-05,0.060958017,0.9753237,-0.9652524,1000.0,0.0,1000,1000,10,0.0007986376558685473,1.0,0.0,1.0,1.0,1000.0,0.0,1000.0,1000.0,-7.2808936e-05,0.06349477,0.97213763,-0.97530067,1000.0,0.0,1000,1000,1000.0,40,40000,90,20.213775026029907,83.57964763697237,49.31811629189178,153.11153895489406,618.1895006664563,3
0.00024105779,0.00050347217,0.00015901122,1.0,0.0,1.0,1.0,1000.0,0.0,1000.0,1000.0,-7.042313e-05,0.06718033,0.97687113,-0.98118794,1000.0,0.0,1000,1000,10,0.0012882333015835855,1.0,0.0,1.0,1.0,1000.0,0.0,1000.0,1000.0,-7.1676615e-05,0.06700711,0.9745188,-0.96813536,1000.0,0.0,1000,1000,1000.0,50,50000,100,20.232558818068355,83.62943495204672,49.889726124936715,153.7517198950518,771.9476661264198,4
6.425468e-05,0.0036191838,0.00010844914,1.0,0.0,1.0,1.0,1000.0,0.0,1000.0,1000.0,-6.934852e-05,0.06895932,0.97653294,-0.9750625,1000.0,0.0,1000,1000,10,0.001235914989818633,1.0,0.0,1.0,1.0,1000.0,0.0,1000.0,1000.0,-6.6132176e-05,0.06802532,0.9739281,-0.97761536,1000.0,0.0,1000,1000,1000.0,60,60000,110,19.894225141848437,83.65191111003514,50.005157421925105,153.5512936738087,926.2528872431722,5
9.101431e-05,0.0051358314,2.7538277e-05,1.0,0.0,1.0,1.0,1000.0,0.0,1000.0,1000.0,-6.689994e-05,0.07179649,0.97875404,-0.9683569,1000.0,0.0,1000,1000,10,0.0009929834196006956,1.0,0.0,1.0,1.0,1000.0,0.0,1000.0,1000.0,-7.596797e-05,0.07020755,0.9744532,-0.97910064,1000.0,0.0,1000,1000,1000.0,70,70000,120,20.003707822063006,84.39809363801032,49.73427824105602,154.13607970112935,1074.1808963731164,6
0.0001906868,0.0020267346,2.783295e-05,1.0,0.0,1.0,1.0,1000.0,0.0,1000.0,1000.0,-6.0977913e-05,0.06721858,0.9740155,-0.9608887,1000.0,0.0,1000,1000,10,0.0008031629444883723,1.0,0.0,1.0,1.0,1000.0,0.0,1000.0,1000.0,-7.144222e-05,0.072576724,0.9792461,-0.97865933,1000.0,0.0,1000,1000,1000.0,80,80000,130,18.09400109294802,78.19114332296886,45.55091833288316,141.83606274880003,1212.2281423569657,7
9.113857e-05,0.00075012294,2.173035e-05,1.0,0.0,1.0,1.0,1000.0,0.0,1000.0,1000.0,-6.3308e-05,0.06724115,0.97301275,-0.96985555,1000.0,0.0,1000,1000,10,0.001362480181079151,1.0,0.0,1.0,1.0,1000.0,0.0,1000.0,1000.0,-6.319317e-05,0.07525023,0.97397566,-0.96054506,1000.0,0.0,1000,1000,1000.0,90,90000,140,17.710334399016574,74.41328584903385,44.4394499710761,136.56307021912653,1349.8391952977981,8
0.00010897596,0.008312337,1.765432e-05,1.0,0.0,1.0,1.0,1000.0,0.0,1000.0,1000.0,-6.798383e-05,0.06790145,0.9736658,-0.9691052,1000.0,0.0,1000,1000,10,0.0012593321177157845,1.0,0.0,1.0,1.0,1000.0,0.0,1000.0,1000.0,-6.642047e-05,0.06665886,0.97158694,-0.9769245,1000.0,0.0,1000,1000,1000.0,100,100000,150,20.055788222816773,75.4593371679075,49.784972469788045,145.30009786051232,1503.1430822535185,9
0.00018340404,1.0505875,0.00014680719,1.0,0.0,1.0,1.0,1000.0,0.0,1000.0,1000.0,-6.5978915e-05,0.06622368,0.97986704,-0.9313476,1000.0,0.0,1000,1000,10,0.0007314356779467966,1.0,0.0,1.0,1.0,1000.0,0.0,1000.0,1000.0,-0.096562296,0.3028039,0.9740803,-0.9999747,1000.0,0.0,1000,1000,1000.0,110,110000,160,19.066469367127866,83.46075856196694,48.89765664306469,151.4248845721595,1648.2374908117345,10
7.832285e-05,0.88755345,5.510237e-05,1.0,0.0,1.0,1.0,1000.0,0.0,1000.0,1000.0,-6.6928325e-05,0.069306895,0.9805819,-0.9669526,1000.0,0.0,1000,1000,10,0.0016778219870879347,1.0,0.0,1.0,1.0,1000.0,0.0,1000.0,1000.0,-6.527729e-05,0.066975676,0.9804563,-0.97260505,1000.0,0.0,1000,1000,1000.0,120,120000,170,17.780907964217477,77.12969701492693,44.94269368681125,139.85329866595566,1786.1643897938775,11
5.1407176e-05,0.00043284512,0.00016881483,1.0,0.0,1.0,1.0,1000.0,0.0,1000.0,1000.0,-5.895754e-05,0.07003762,0.98162466,-0.9690776,1000.0,0.0,1000,1000,10,0.0013838949222384253,1.0,0.0,1.0,1.0,1000.0,0.0,1000.0,1000.0,-6.3804386e-05,0.07096345,0.9812447,-0.9688154,1000.0,0.0,1000,1000,1000.0,130,130000,180,18.362570193829015,75.2026998080546,46.65912775823381,140.22439776011743,1937.6987120119156,12
0.00010140054,0.0026352638,6.335839e-05,1.0,0.0,1.0,1.0,1000.0,0.0,1000.0,1000.0,-7.343538e-05,0.07148889,0.9849445,-0.95765734,1000.0,0.0,1000,1000,10,0.000911924062226339,1.0,0.0,1.0,1.0,1000.0,0.0,1000.0,1000.0,-6.0595972e-05,0.0679391,0.97970384,-0.95445853,1000.0,0.0,1000,1000,1000.0,140,140000,190,20.439063788042404,86.53439866600093,51.07714222406503,158.05060467810836,2094.602733267937,13
3.4562814e-05,0.00055861805,8.6353275e-06,1.0,0.0,1.0,1.0,1000.0,0.0,1000.0,1000.0,-6.557249e-05,0.07069455,0.9831315,-0.9746916,1000.0,0.0,1000,1000,10,0.0018812011279539605,1.0,0.0,1.0,1.0,1000.0,0.0,1000.0,1000.0,-7.6252305e-05,0.0721837,0.98171973,-0.97341734,1000.0,0.0,1000,1000,1000.0,150,150000,200,20.445052149007097,85.39146882703062,51.20823787897825,157.04475885501597,2251.298417007085,14
9.730876e-05,0.0015160829,2.950842e-05,1.0,0.0,1.0,1.0,1000.0,0.0,1000.0,1000.0,-6.3381434e-05,0.070693515,0.98389363,-0.9772314,1000.0,0.0,1000,1000,10,0.0014584685175997284,1.0,0.0,1.0,1.0,1000.0,0.0,1000.0,1000.0,-6.1000068e-05,0.068499014,0.982306,-0.9583172,1000.0,0.0,1000,1000,1000.0,160,160000,210,20.445862661814317,85.03533243702259,51.81189654790796,157.29309164674487,2408.6588952578604,15
4.5879835e-05,0.0028187523,8.624301e-06,1.0,0.0,1.0,1.0,1000.0,0.0,1000.0,1000.0,-7.218191e-05,0.071218185,0.98425186,-0.9777284,1000.0,0.0,1000,1000,10,0.00217374167312603,1.0,0.0,1.0,1.0,1000.0,0.0,1000.0,1000.0,-7.377068e-05,0.07100852,0.983952,-0.96708584,1000.0,0.0,1000,1000,1000.0,170,170000,220,20.31804890721105,85.12092518503778,50.80167939874809,156.24065349099692,2563.1684927028837,16
0.00011585233,0.0010481667,0.000108897104,1.0,0.0,1.0,1.0,1000.0,0.0,1000.0,1000.0,-7.353121e-05,0.0712625,0.9851508,-0.9801363,1000.0,0.0,1000,1000,10,0.008195974879810611,1.0,0.0,1.0,1.0,1000.0,0.0,1000.0,1000.0,-5.9940434e-05,0.072912045,0.9848826,-0.9797663,1000.0,0.0,1000,1000,1000.0,180,180000,230,20.290224892669357,83.39430791395716,50.000004309928045,153.68453711655457,2717.3644216976827,17
5.93379e-05,0.0032897932,5.409732e-05,1.0,0.0,1.0,1.0,1000.0,0.0,1000.0,1000.0,-6.8466674e-05,0.07321311,0.98489773,-0.9658738,1000.0,0.0,1000,1000,10,0.0008444291176613277,1.0,0.0,1.0,1.0,1000.0,0.0,1000.0,1000.0,-7.3323914e-05,0.0733439,0.983598,-0.9774292,1000.0,0.0,1000,1000,1000.0,190,190000,240,20.37216501426883,83.89909131603781,49.602717360132374,153.87397369043902,2872.6664182031527,18
8.5029584e-05,0.006963637,1.152804e-05,1.0,0.0,1.0,1.0,1000.0,0.0,1000.0,1000.0,-6.938481e-05,0.07318819,0.9863998,-0.98347545,1000.0,0.0,1000,1000,10,0.0014951379004880185,1.0,0.0,1.0,1.0,1000.0,0.0,1000.0,1000.0,-5.536989e-05,0.07155855,0.98400486,-0.9833449,1000.0,0.0,1000,1000,1000.0,200,200000,250,19.82564690010622,85.33355282305274,48.56221941311378,153.72141913627274,3017.5292680741986,19
0.0003242226,0.0042684567,2.5996327e-05,1.0,0.0,1.0,1.0,1000.0,0.0,1000.0,1000.0,-7.402088e-05,0.07269257,0.9874143,-0.9769273,1000.0,0.0,1000,1000,10,0.001538971884474172,1.0,0.0,1.0,1.0,1000.0,0.0,1000.0,1000.0,-6.3477644e-05,0.07226907,0.98633426,-0.98883927,1000.0,0.0,1000,1000,1000.0,210,210000,260,19.944229465094395,76.4901286889799,49.398840023204684,145.83319817727897,3168.723135026521,20
3.7381265e-05,0.0024659203,1.5281825e-05,1.0,0.0,1.0,1.0,1000.0,0.0,1000.0,1000.0,-6.35794e-05,0.072683886,0.9903822,-0.9908026,1000.0,0.0,1000,1000,10,0.0025478744309554444,1.0,0.0,1.0,1.0,1000.0,0.0,1000.0,1000.0,-6.1059494e-05,0.07174366,0.9838798,-0.98131406,1000.0,0.0,1000,1000,1000.0,220,220000,270,19.412270111846738,81.84783362294547,47.04203891393263,148.30214264872484,3308.5987750651548,21
4.4994526e-05,0.0033863236,2.4312998e-05,1.0,0.0,1.0,1.0,1000.0,0.0,1000.0,1000.0,-7.204496e-05,0.07322657,0.98916596,-0.98981524,1000.0,0.0,1000,1000,10,0.0016717811384152797,1.0,0.0,1.0,1.0,1000.0,0.0,1000.0,1000.0,-8.1942024e-05,0.07294855,0.98864543,-0.98654056,1000.0,0.0,1000,1000,1000.0,230,230000,280,19.174716394860297,73.42048958898522,47.195573362056166,139.79077934590168,3452.0016327390913,22
1.9161767e-05,0.0006011799,3.065678e-05,1.0,0.0,1.0,1.0,1000.0,0.0,1000.0,1000.0,-7.397038e-05,0.073507264,0.98586005,-0.9814763,1000.0,0.0,1000,1000,10,0.0016239557267360666,1.0,0.0,1.0,1.0,1000.0,0.0,1000.0,1000.0,-6.120995e-05,0.073120534,0.98633385,-0.9808941,1000.0,0.0,1000,1000,1000.0,240,240000,290,16.429588151047938,77.03355501103215,42.0112742530182,135.4744174150983,3578.6118124123896,23
0.00022948072,0.003233658,8.597699e-05,1.0,0.0,1.0,1.0,1000.0,0.0,1000.0,1000.0,-7.728157e-05,0.07233847,0.9894579,-0.9870017,1000.0,0.0,1000,1000,10,0.002707068861115692,1.0,0.0,1.0,1.0,1000.0,0.0,1000.0,1000.0,-6.9234644e-05,0.073781565,0.988595,-0.98789275,1000.0,0.0,1000,1000,1000.0,250,250000,300,16.53053860901855,68.16294756100979,42.31023970490787,127.00372587493621,3715.1923160593724,24
4.2322245e-05,0.002712991,2.7013979e-05,1.0,0.0,1.0,1.0,1000.0,0.0,1000.0,1000.0,-6.9550035e-05,0.07240774,0.98892474,-0.9784781,1000.0,0.0,1000,1000,10,0.0009214735464213842,1.0,0.0,1.0,1.0,1000.0,0.0,1000.0,1000.0,-5.849213e-05,0.07367977,0.9889981,-0.9837438,1000.0,0.0,1000,1000,1000.0,260,260000,310,19.956629472086206,77.75513287202921,50.93595507310238,148.6477174172178,3872.989362119464,25
3.837553e-05,0.001384995,2.9805913e-05,1.0,0.0,1.0,1.0,1000.0,0.0,1000.0,1000.0,-6.4361724e-05,0.07263549,0.9902661,-0.97948813,1000.0,0.0,1000,1000,10,0.0016647192399147973,1.0,0.0,1.0,1.0,1000.0,0.0,1000.0,1000.0,-6.9110036e-05,0.0744656,0.9899619,-0.9869693,1000.0,0.0,1000,1000,1000.0,270,270000,320,20.273498652968556,86.92187146795914,51.46369053714443,158.65906065807212,4029.7602494145976,26
2.0268526e-05,0.0020517504,2.6630996e-05,1.0,0.0,1.0,1.0,1000.0,0.0,1000.0,1000.0,-6.0624086e-05,0.07311429,0.99081945,-0.9896045,1000.0,0.0,1000,1000,10,0.002097717773262734,1.0,0.0,1.0,1.0,1000.0,0.0,1000.0,1000.0,-7.212602e-05,0.07320849,0.9902528,-0.98447746,1000.0,0.0,1000,1000,1000.0,280,280000,330,20.389229248045012,85.03329664899502,51.884197572944686,157.30672346998472,4186.548540090676,27
1.9258916e-05,0.0056229224,3.0063125e-05,1.0,0.0,1.0,1.0,1000.0,0.0,1000.0,1000.0,-7.0162765e-05,0.073678106,0.98957074,-0.9780964,1000.0,0.0,1000,1000,10,0.0008886841139616365,1.0,0.0,1.0,1.0,1000.0,0.0,1000.0,1000.0,-7.16049e-05,0.0754732,0.9916257,-0.9887056,1000.0,0.0,1000,1000,1000.0,290,290000,340,19.951171360211447,84.50789335893933,51.109829985769466,155.56889470492024,4344.090516413446,28
1.7745557e-05,0.0050571733,0.000110537396,1.0,0.0,1.0,1.0,1000.0,0.0,1000.0,1000.0,-6.73258e-05,0.07486865,0.99154323,-0.98450226,1000.0,0.0,1000,1000,10,0.0012405761421041344,1.0,0.0,1.0,1.0,1000.0,0.0,1000.0,1000.0,-6.980467e-05,0.075393125,0.9900597,-0.9876352,1000.0,0.0,1000,1000,1000.0,300,300000,350,20.121120541822165,86.49131620395929,51.30491788801737,157.91735463379882,4501.207899604458,29
1.5855332e-05,0.0032588402,2.333615e-05,1.0,0.0,1.0,1.0,1000.0,0.0,1000.0,1000.0,-6.6224566e-05,0.073991194,0.9898286,-0.9846393,1000.0,0.0,1000,1000,10,0.001583440768368808,1.0,0.0,1.0,1.0,1000.0,0.0,1000.0,1000.0,-7.411594e-05,0.07661053,0.9935654,-0.9950972,1000.0,0.0,1000,1000,1000.0,310,310000,360,19.647052780957893,85.68872760294471,49.83179072511848,155.16757110902108,4654.084471818409,30
1.8321418e-05,0.00046194327,0.00018423489,1.0,0.0,1.0,1.0,1000.0,0.0,1000.0,1000.0,-6.4095286e-05,0.07265092,0.98560715,-0.9809419,1000.0,0.0,1000,1000,10,0.0011248499924810425,1.0,0.0,1.0,1.0,1000.0,0.0,1000.0,1000.0,-7.0848975e-05,0.073523186,0.988715,-0.9844766,1000.0,0.0,1000,1000,1000.0,320,320000,370,19.256287625059485,83.40247082593851,48.9333492758451,151.5921077268431,4804.624550563516,31
0.0001585277,0.00040191918,6.991667e-06,1.0,0.0,1.0,1.0,1000.0,0.0,1000.0,1000.0,-6.771381e-05,0.07523177,0.9917766,-0.9892912,1000.0,0.0,1000,1000,10,0.0021082404639968665,1.0,0.0,1.0,1.0,1000.0,0.0,1000.0,1000.0,-6.4648666e-05,0.07316837,0.9884753,-0.98445636,1000.0,0.0,1000,1000,1000.0,330,330000,380,19.40190443082247,82.36409033008385,47.56585157383233,149.33184633473866,4953.794992553303,32
2.1910048e-05,0.00053543894,7.7941e-06,1.0,0.0,1.0,1.0,1000.0,0.0,1000.0,1000.0,-6.2296145e-05,0.07432327,0.99132,-0.9861847,1000.0,0.0,1000,1000,10,0.0018892136765417849,1.0,0.0,1.0,1.0,1000.0,0.0,1000.0,1000.0,-6.619793e-05,0.07501529,0.9890868,-0.9873499,1000.0,0.0,1000,1000,1000.0,340,340000,390,19.679032088955864,82.20051815302577,48.88978984509595,150.76934008707758,5103.178438260453,33
3.1154545e-05,0.004992852,3.740406e-06,1.0,0.0,1.0,1.0,1000.0,0.0,1000.0,1000.0,-6.651908e-05,0.074053615,0.99238825,-0.9855986,1000.0,0.0,1000,1000,10,0.002083578258062928,1.0,0.0,1.0,1.0,1000.0,0.0,1000.0,1000.0,-7.212346e-05,0.07505642,0.9916188,-0.9872646,1000.0,0.0,1000,1000,1000.0,350,350000,400,19.861410330049694,80.81865310599096,49.36634905298706,150.04641248902772,5256.025657927385,34
2.389929e-05,0.00059864455,1.8941024e-05,1.0,0.0,1.0,1.0,1000.0,0.0,1000.0,1000.0,-6.398146e-05,0.074772984,0.9918477,-0.98895675,1000.0,0.0,1000,1000,10,0.0014628709006514915,1.0,0.0,1.0,1.0,1000.0,0.0,1000.0,1000.0,-6.800338e-05,0.074232176,0.9915656,-0.98824173,1000.0,0.0,1000,1000,1000.0,360,360000,410,19.38991948333569,83.63480970205273,47.957667822018266,150.9823970074067,5403.957198899938,35
2.9857658e-05,0.00039045577,3.833271e-05,1.0,0.0,1.0,1.0,1000.0,0.0,1000.0,1000.0,-7.103228e-05,0.07570688,0.9923153,-0.98608637,1000.0,0.0,1000,1000,10,0.0013543638528213072,1.0,0.0,1.0,1.0,1000.0,0.0,1000.0,1000.0,-7.6655786e-05,0.07529643,0.99379593,-0.98766315,1000.0,0.0,1000,1000,1000.0,370,370000,420,19.526830792310648,80.59099494700786,47.3447278609965,147.462553600315,5549.298361203284,36
0.00021883773,0.0020941526,3.2056018e-05,1.0,0.0,1.0,1.0,1000.0,0.0,1000.0,1000.0,-7.520726e-05,0.07321095,0.99246585,-0.9849118,1000.0,0.0,1000,1000,10,0.002763608368412651,1.0,0.0,1.0,1.0,1000.0,0.0,1000.0,1000.0,-6.1021172e-05,0.075671084,0.99037576,-0.9891503,1000.0,0.0,1000,1000,1000.0,380,380000,430,17.841914538759738,78.46050506795291,43.57957516342867,139.88199477014132,5680.632020436227,37
2.8479735e-05,0.00056346564,7.5821804e-06,1.0,0.0,1.0,1.0,1000.0,0.0,1000.0,1000.0,-6.221201e-05,0.07320167,0.9910015,-0.98271364,1000.0,0.0,1000,1000,10,0.0008282673651075604,1.0,0.0,1.0,1.0,1000.0,0.0,1000.0,1000.0,-7.569191e-05,0.07340698,0.99374735,-0.9894321,1000.0,0.0,1000,1000,1000.0,390,390000,440,15.524024163023569,69.90755536907818,40.54730303899851,125.97888257110026,5810.908210725291,38
2.4065746e-05,0.0012813462,4.0338782e-05,1.0,0.0,1.0,1.0,1000.0,0.0,1000.0,1000.0,-6.6291585e-05,0.074625716,0.99180233,-0.98062503,1000.0,0.0,1000,1000,10,0.0014335267455381241,1.0,0.0,1.0,1.0,1000.0,0.0,1000.0,1000.0,-7.330258e-05,0.074126534,0.99269634,-0.9843994,1000.0,0.0,1000,1000,1000.0,400,400000,450,16.89863440184854,74.21048513706774,43.44374396407511,134.55286350299139,5944.016736376332,39
6.443381e-05,0.0008913538,1.6850012e-05,1.0,0.0,1.0,1.0,1000.0,0.0,1000.0,1000.0,-6.766076e-05,0.07319958,0.99316657,-0.9818789,1000.0,0.0,1000,1000,10,0.0010510266305514778,1.0,0.0,1.0,1.0,1000.0,0.0,1000.0,1000.0,-6.9552065e-05,0.074439995,0.9921724,-0.98096776,1000.0,0.0,1000,1000,1000.0,410,410000,460,19.702868462074548,72.76453563605901,48.78765749500599,141.25506159313954,6095.888026068336,40
1.1587453e-05,0.003693407,3.0377778e-05,1.0,0.0,1.0,1.0,1000.0,0.0,1000.0,1000.0,-6.851234e-05,0.07279894,0.99290466,-0.9814387,1000.0,0.0,1000,1000,10,0.0007468353418782787,1.0,0.0,1.0,1.0,1000.0,0.0,1000.0,1000.0,-6.9954884e-05,0.07367204,0.9910273,-0.98076063,1000.0,0.0,1000,1000,1000.0,420,420000,470,19.845302043831907,83.39521541399881,50.4026373620145,153.64315481984522,6249.107731863158,41
1.8900819e-05,0.0010155833,1.5799102e-05,1.0,0.0,1.0,1.0,1000.0,0.0,1000.0,1000.0,-6.6373635e-05,0.07303264,0.9940705,-0.98234224,1000.0,0.0,1000,1000,10,0.0011849494682870047,1.0,0.0,1.0,1.0,1000.0,0.0,1000.0,1000.0,-8.0244055e-05,0.07236908,0.991554,-0.9822282,1000.0,0.0,1000,1000,1000.0,430,430000,480,19.698410151991993,82.97328107303474,51.42008825088851,154.09177947591525,6402.954684695229,42
1.2510098e-05,0.00029907998,3.164892e-06,1.0,0.0,1.0,1.0,1000.0,0.0,1000.0,1000.0,-6.867773e-05,0.07331768,0.99297345,-0.9842312,1000.0,0.0,1000,1000,10,0.0009085223954235748,1.0,0.0,1.0,1.0,1000.0,0.0,1000.0,1000.0,-8.259628e-05,0.071764864,0.99369824,-0.9884001,1000.0,0.0,1000,1000,1000.0,440,440000,490,19.895870621781796,82.73636710993014,49.68934950896073,152.32158724067267,6555.920396800735,43
1.22682995e-05,0.00096771715,2.8019436e-05,1.0,0.0,1.0,1.0,1000.0,0.0,1000.0,1000.0,-7.645358e-05,0.07401369,0.9930887,-0.9872463,1000.0,0.0,1000,1000,10,0.0015645873664145195,1.0,0.0,1.0,1.0,1000.0,0.0,1000.0,1000.0,-7.4680516e-05,0.07289416,0.9950694,-0.9826989,1000.0,0.0,1000,1000,1000.0,450,450000,500,19.645337940892205,83.38161428505555,49.52100171602797,152.54795394197572,6709.441307330504,44
1.7507962e-05,0.0015067421,3.8190115e-06,1.0,0.0,1.0,1.0,1000.0,0.0,1000.0,1000.0,-6.851008e-05,0.07280981,0.9944704,-0.98747075,1000.0,0.0,1000,1000,10,0.0010266995414403247,1.0,0.0,1.0,1.0,1000.0,0.0,1000.0,1000.0,-6.7470384e-05,0.07049214,0.9926204,-0.9762371,1000.0,0.0,1000,1000,1000.0,460,460000,510,19.43936713517178,84.3639568319777,48.588893454987556,152.39221742213704,6860.536232793704,45
1.2564487e-05,0.0014869068,1.992731e-05,1.0,0.0,1.0,1.0,1000.0,0.0,1000.0,1000.0,-7.504394e-05,0.06821916,0.99174505,-0.97352034,1000.0,0.0,1000,1000,10,0.0008832309296200343,1.0,0.0,1.0,1.0,1000.0,0.0,1000.0,1000.0,-7.0584465e-05,0.07207289,0.99181134,-0.9765669,1000.0,0.0,1000,1000,1000.0,470,470000,520,19.537303771823645,83.06160691101104,49.711148379254155,152.31005906208884,7013.975302150822,46
1.0864145e-05,0.0002937226,1.0628044e-05,1.0,0.0,1.0,1.0,1000.0,0.0,1000.0,1000.0,-6.956704e-05,0.07425598,0.99495953,-0.9883697,1000.0,0.0,1000,1000,10,0.000997954130815947,1.0,0.0,1.0,1.0,1000.0,0.0,1000.0,1000.0,-6.4832035e-05,0.07506146,0.9945699,-0.98605293,1000.0,0.0,1000,1000,1000.0,480,480000,530,20.059809014899656,84.20981497690082,49.64488312252797,153.91450711432844,7168.587755433982,47
1.1553826e-05,0.0009321216,7.150933e-06,1.0,0.0,1.0,1.0,1000.0,0.0,1000.0,1000.0,-7.074453e-05,0.07181757,0.99418825,-0.983581,1000.0,0.0,1000,1000,10,0.001338072801037899,1.0,0.0,1.0,1.0,1000.0,0.0,1000.0,1000.0,-6.816571e-05,0.071689494,0.99410653,-0.98808813,1000.0,0.0,1000,1000,1000.0,490,490000,540,19.473208741052076,84.90799180103932,48.516061303787865,152.89726184587926,7317.645042958669,48
2.1033835e-05,0.00039986306,9.201229e-06,1.0,0.0,1.0,1.0,1000.0,0.0,1000.0,1000.0,-6.3583204e-05,0.07274575,0.992979,-0.9748952,1000.0,0.0,1000,1000,10,0.0009889624174274855,1.0,0.0,1.0,1.0,1000.0,0.0,1000.0,1000.0,-6.519722e-05,0.074033946,0.9939181,-0.98354155,1000.0,0.0,1000,1000,1000.0,500,500000,550,19.73817644396331,81.07323585799895,47.965089637436904,148.77650193939917,7465.293070688029,49
1.49490415e-05,0.00095233077,1.8881276e-05,1.0,0.0,1.0,1.0,1000.0,0.0,1000.0,1000.0,-6.0835748e-05,0.07058687,0.99358875,-0.97460276,1000.0,0.0,1000,1000,10,0.0007205736361153025,1.0,0.0,1.0,1.0,1000.0,0.0,1000.0,1000.0,-6.176009e-05,0.07385966,0.9944621,-0.98793983,1000.0,0.0,1000,1000,1000.0,510,510000,560,18.097182570840232,79.94059745699633,45.489451131317765,143.52723115915433,7602.925142020569,50
6.239393e-06,0.00089714106,7.5000316e-06,1.0,0.0,1.0,1.0,1000.0,0.0,1000.0,1000.0,-5.9737253e-05,0.07187909,0.9940318,-0.9834882,1000.0,0.0,1000,1000,10,0.0006310957462338624,1.0,0.0,1.0,1.0,1000.0,0.0,1000.0,1000.0,-6.143376e-05,0.07386394,0.99483323,-0.9891971,1000.0,0.0,1000,1000,1000.0,520,520000,570,17.501760214800015,74.0475382549921,42.89213807194028,134.4414365417324,7738.033833055408,51
1.8003455e-05,0.00027188796,2.5140176e-05,1.0,0.0,1.0,1.0,1000.0,0.0,1000.0,1000.0,-7.6614706e-05,0.07048366,0.9923124,-0.97369117,1000.0,0.0,1000,1000,10,0.0009653540273827502,1.0,0.0,1.0,1.0,1000.0,0.0,1000.0,1000.0,-7.6726734e-05,0.071055844,0.99424714,-0.9866137,1000.0,0.0,1000,1000,1000.0,530,530000,580,19.402865962940268,74.73249913204927,47.96746473002713,142.10282982501667,7887.318874671473,52
9.428787e-06,0.0014543309,3.4377812e-05,1.0,0.0,1.0,1.0,1000.0,0.0,1000.0,1000.0,-6.495642e-05,0.07189531,0.99460477,-0.9896209,1000.0,0.0,1000,1000,10,0.000916293446185619,1.0,0.0,1.0,1.0,1000.0,0.0,1000.0,1000.0,-7.2693125e-05,0.071216166,0.99401426,-0.9778562,1000.0,0.0,1000,1000,1000.0,540,540000,590,19.03174883115571,81.91107319004368,47.53848861716688,148.48131063836627,8032.233415377792,53
1.7900225e-05,0.00059896323,3.1070053e-05,1.0,0.0,1.0,1.0,1000.0,0.0,1000.0,1000.0,-7.6104305e-05,0.068437204,0.9928721,-0.9720218,1000.0,0.0,1000,1000,10,0.0008611051501511463,1.0,0.0,1.0,1.0,1000.0,0.0,1000.0,1000.0,-5.950211e-05,0.07151868,0.9933682,-0.97889656,1000.0,0.0,1000,1000,1000.0,550,550000,600,17.333883275277913,78.34835277602542,45.25625748676248,140.9384935380658,8169.351547921775,54
9.858411e-06,0.0009742023,1.4144185e-05,1.0,0.0,1.0,1.0,1000.0,0.0,1000.0,1000.0,-6.791832e-05,0.07203919,0.993439,-0.9767396,1000.0,0.0,1000,1000,10,0.0007787076338462687,1.0,0.0,1.0,1.0,1000.0,0.0,1000.0,1000.0,-7.412469e-05,0.072352685,0.9922758,-0.9759133,1000.0,0.0,1000,1000,1000.0,560,560000,610,17.696643610834144,74.54348397196736,44.05987241608091,136.2999999988824,8306.429575350834,55
1.65717e-05,0.00039908214,2.5665217e-05,1.0,0.0,1.0,1.0,1000.0,0.0,1000.0,1000.0,-5.7746558e-05,0.070944436,0.9935304,-0.97828746,1000.0,0.0,1000,1000,10,0.0009116658329672985,1.0,0.0,1.0,1.0,1000.0,0.0,1000.0,1000.0,-6.133326e-05,0.07361766,0.99342024,-0.9855963,1000.0,0.0,1000,1000,1000.0,570,570000,620,19.69678575033322,75.31589429802261,50.56282554729842,145.57550559565425,8462.886927783722,56
9.004646e-06,0.00038195823,2.2481512e-05,1.0,0.0,1.0,1.0,1000.0,0.0,1000.0,1000.0,-5.9517868e-05,0.0733124,0.9935763,-0.9836994,1000.0,0.0,1000,1000,10,0.0008811801367485545,1.0,0.0,1.0,1.0,1000.0,0.0,1000.0,1000.0,-5.6217254e-05,0.07068384,0.99391854,-0.98312366,1000.0,0.0,1000,1000,1000.0,580,580000,630,19.71259840822313,86.1994667580584,49.364296713029034,155.27636187931057,8615.190925433883,57
1.0789608e-05,0.00019381697,7.1769136e-06,1.0,0.0,1.0,1.0,1000.0,0.0,1000.0,1000.0,-6.135512e-05,0.07299346,0.9943538,-0.9802649,1000.0,0.0,1000,1000,10,0.0010147470190858263,1.0,0.0,1.0,1.0,1000.0,0.0,1000.0,1000.0,-6.5403525e-05,0.0722448,0.9930237,-0.97595686,1000.0,0.0,1000,1000,1000.0,590,590000,640,19.568494738894515,83.23276808101218,49.162612083833665,151.96387490374036,8766.659602146596,58
8.803104e-06,0.0034140751,2.623837e-05,1.0,0.0,1.0,1.0,1000.0,0.0,1000.0,1000.0,-7.325522e-05,0.07011485,0.9946144,-0.9832907,1000.0,0.0,1000,1000,10,0.0009989937678100578,1.0,0.0,1.0,1.0,1000.0,0.0,1000.0,1000.0,-7.3633746e-05,0.07349411,0.99513733,-0.98802966,1000.0,0.0,1000,1000,1000.0,600,600000,650,19.83313716610428,82.76675781898666,49.66291409090627,152.2628090759972,8918.368991696625,59
1.0320752e-05,0.0003099426,1.7286191e-05,1.0,0.0,1.0,1.0,1000.0,0.0,1000.0,1000.0,-6.464249e-05,0.073214896,0.99529094,-0.98703283,1000.0,0.0,1000,1000,10,0.0008769359498435551,1.0,0.0,1.0,1.0,1000.0,0.0,1000.0,1000.0,-7.0926595e-05,0.0723301,0.9943603,-0.985076,1000.0,0.0,1000,1000,1000.0,610,610000,660,19.545666952850297,82.20868036104366,48.85365235526115,150.6079996691551,9068.902105945861,60
1.2073597e-05,0.0003412798,3.0231831e-05,1.0,0.0,1.0,1.0,1000.0,0.0,1000.0,1000.0,-6.939935e-05,0.07054184,0.9940515,-0.97640276,1000.0,0.0,1000,1000,10,0.000987641561531946,1.0,0.0,1.0,1.0,1000.0,0.0,1000.0,1000.0,-5.6482004e-05,0.0728976,0.9937926,-0.98052883,1000.0,0.0,1000,1000,1000.0,620,620000,670,19.20441349525936,82.13708750810474,49.35109849506989,150.692599498434,9220.378402175149,61
7.7425146e-05,0.0016418309,1.1646015e-05,1.0,0.0,1.0,1.0,1000.0,0.0,1000.0,1000.0,-6.227562e-05,0.07266183,0.99483,-0.99164754,1000.0,0.0,1000,1000,10,0.0012681596842089387,1.0,0.0,1.0,1.0,1000.0,0.0,1000.0,1000.0,-6.346848e-05,0.07094972,0.9952364,-0.98226535,1000.0,0.0,1000,1000,1000.0,630,630000,680,19.568952373112552,82.91941447497811,49.293921034317464,151.78228788240813,9369.990386523656,62
6.5115846e-06,0.00016189957,8.793632e-06,1.0,0.0,1.0,1.0,1000.0,0.0,1000.0,1000.0,-6.8721834e-05,0.072045095,0.99361414,-0.9757017,1000.0,0.0,1000,1000,10,0.0007026288129548916,1.0,0.0,1.0,1.0,1000.0,0.0,1000.0,1000.0,-7.637553e-05,0.07079221,0.9940702,-0.98029757,1000.0,0.0,1000,1000,1000.0,640,640000,690,19.059410736896098,80.74478249298409,46.947124163853005,146.7513173937332,9512.297284626518,63
2.453714e-06,0.0014345446,1.78552e-05,1.0,0.0,1.0,1.0,1000.0,0.0,1000.0,1000.0,-7.247056e-05,0.0711168,0.9944343,-0.9803729,1000.0,0.0,1000,1000,10,0.0007407180672850829,1.0,0.0,1.0,1.0,1000.0,0.0,1000.0,1000.0,-5.9075017e-05,0.070452556,0.99472547,-0.9804647,1000.0,0.0,1000,1000,1000.0,650,650000,700,17.821984952082857,76.31367915705778,43.655439492780715,137.79110360192135,9647.193649976514,64
9.845599e-06,0.00011409229,1.1989912e-05,1.0,0.0,1.0,1.0,1000.0,0.0,1000.0,1000.0,-6.921637e-05,0.06930179,0.99445015,-0.9774191,1000.0,0.0,1000,1000,10,0.0006701906349504089,1.0,0.0,1.0,1.0,1000.0,0.0,1000.0,1000.0,-6.987414e-05,0.06954408,0.99399084,-0.9755869,1000.0,0.0,1000,1000,1000.0,660,660000,710,19.672272513853386,73.4273768189596,49.05357440491207,142.15322373772506,9801.356158498209,65
1.0287177e-05,9.99363e-05,5.2367745e-05,1.0,0.0,1.0,1.0,1000.0,0.0,1000.0,1000.0,-6.499125e-05,0.07004417,0.99588156,-0.98040515,1000.0,0.0,1000,1000,10,0.0008546204297238472,1.0,0.0,1.0,1.0,1000.0,0.0,1000.0,1000.0,-5.970493e-05,0.07099688,0.9941932,-0.97586286,1000.0,0.0,1000,1000,1000.0,670,670000,720,19.309018944157287,85.44405286503024,48.48341003700625,153.23648184619378,9951.851968334406,66
6.6211023e-06,0.0026409726,1.7519285e-06,1.0,0.0,1.0,1.0,1000.0,0.0,1000.0,1000.0,-6.6420354e-05,0.071900755,0.9958761,-0.9849359,1000.0,0.0,1000,1000,10,0.000803162777508629,1.0,0.0,1.0,1.0,1000.0,0.0,1000.0,1000.0,-7.399371e-05,0.07358544,0.9956971,-0.97977304,1000.0,0.0,1000,1000,1000.0,680,680000,730,19.38838639203459,82.70957003696822,48.06072087096982,150.15867729997262,10101.819807128632,67
6.4738597e-06,8.008197e-05,4.1476185e-05,1.0,0.0,1.0,1.0,1000.0,0.0,1000.0,1000.0,-7.4488395e-05,0.07262985,0.99609673,-0.98251015,1000.0,0.0,1000,1000,10,0.0009114308365161813,1.0,0.0,1.0,1.0,1000.0,0.0,1000.0,1000.0,-7.3002084e-05,0.07087067,0.99378175,-0.9827774,1000.0,0.0,1000,1000,1000.0,690,690000,740,19.75276107317768,82.5142085920088,48.90650727623142,151.1734769414179,10252.953555059968,68
2.1359709e-05,9.96156e-05,9.741933e-06,1.0,0.0,1.0,1.0,1000.0,0.0,1000.0,1000.0,-7.0691814e-05,0.07125873,0.995559,-0.9805275,1000.0,0.0,1000,1000,10,0.0011040741871025546,1.0,0.0,1.0,1.0,1000.0,0.0,1000.0,1000.0,-6.899928e-05,0.069685966,0.9954098,-0.98140776,1000.0,0.0,1000,1000,1000.0,700,700000,750,18.32374861475546,82.48664281098172,46.098223601002246,146.90861502673943,10392.098862550687,69
7.961698e-06,0.0019099498,2.3173316e-05,1.0,0.0,1.0,1.0,1000.0,0.0,1000.0,1000.0,-5.953351e-05,0.069244765,0.9946062,-0.9794937,1000.0,0.0,1000,1000,10,0.000749473138465462,1.0,0.0,1.0,1.0,1000.0,0.0,1000.0,1000.0,-6.7558845e-05,0.07124124,0.9957492,-0.9821288,1000.0,0.0,1000,1000,1000.0,710,710000,760,17.172830848023295,74.71211573900655,43.20451009704266,135.0894566840725,10525.714675050578,70
1.3450708e-05,0.00015469066,3.8082749e-06,1.0,0.0,1.0,1.0,1000.0,0.0,1000.0,1000.0,-6.703264e-05,0.068126254,0.9956041,-0.9801236,1000.0,0.0,1000,1000,10,0.0006968963692419206,1.0,0.0,1.0,1.0,1000.0,0.0,1000.0,1000.0,-6.5185406e-05,0.07088195,0.9951121,-0.9802751,1000.0,0.0,1000,1000,1000.0,720,720000,770,17.42753434192855,73.25425392901525,43.599055791972205,134.280844062916,10662.249203162617,71
4.5889064e-06,0.000107944805,7.675289e-06,1.0,0.0,1.0,1.0,1000.0,0.0,1000.0,1000.0,-6.738937e-05,0.07068078,0.99614596,-0.98111707,1000.0,0.0,1000,1000,10,0.0006480087159163847,1.0,0.0,1.0,1.0,1000.0,0.0,1000.0,1000.0,-5.896822e-05,0.07184078,0.99459213,-0.9811637,1000.0,0.0,1000,1000,1000.0,730,730000,780,19.678430397994816,75.50315386604052,48.59355152887292,143.77513579290826,10812.119723247248,72
8.263294e-06,5.9416274e-05,4.0846455e-05,1.0,0.0,1.0,1.0,1000.0,0.0,1000.0,1000.0,-7.234165e-05,0.072097965,0.9961742,-0.9834533,1000.0,0.0,1000,1000,10,0.000911055988443197,1.0,0.0,1.0,1.0,1000.0,0.0,1000.0,1000.0,-6.5247914e-05,0.06782137,0.99480647,-0.9838494,1000.0,0.0,1000,1000,1000.0,740,740000,790,19.652625849004835,81.62070598604623,48.772566217929125,150.0458980529802,10963.888644525316,73
1.2008947e-05,0.0006706793,1.0602155e-05,1.0,0.0,1.0,1.0,1000.0,0.0,1000.0,1000.0,-6.20094e-05,0.06853804,0.99620545,-0.9816764,1000.0,0.0,1000,1000,10,0.0009105275211389563,1.0,0.0,1.0,1.0,1000.0,0.0,1000.0,1000.0,-6.00299e-05,0.07306188,0.99571073,-0.9840396,1000.0,0.0,1000,1000,1000.0,750,750000,800,19.34795239206869,83.33585302799474,48.24542956484947,150.9292349849129,11116.396985595231,74
4.749204e-05,0.00018460542,3.6268825e-06,1.0,0.0,1.0,1.0,1000.0,0.0,1000.0,1000.0,-6.86e-05,0.0719075,0.99691826,-0.98988557,1000.0,0.0,1000,1000,10,0.0008765773472368151,1.0,0.0,1.0,1.0,1000.0,0.0,1000.0,1000.0,-6.5248496e-05,0.07288634,0.9960634,-0.9882211,1000.0,0.0,1000,1000,1000.0,760,760000,810,19.603040034067817,84.92665043508168,49.587739134789445,154.11742960393894,11267.769596685073,75
1.2102585e-05,0.0009917049,1.0212143e-05,1.0,0.0,1.0,1.0,1000.0,0.0,1000.0,1000.0,-5.9983824e-05,0.07306417,0.9965871,-0.9865426,1000.0,0.0,1000,1000,10,0.0008200232397368813,1.0,0.0,1.0,1.0,1000.0,0.0,1000.0,1000.0,-6.653726e-05,0.070797086,0.995382,-0.98629963,1000.0,0.0,1000,1000,1000.0,770,770000,820,18.28463485802058,82.1888784780167,45.97659959923476,146.45011293527205,11406.97831955331,76
3.7817204e-06,0.0005473547,1.2528178e-05,1.0,0.0,1.0,1.0,1000.0,0.0,1000.0,1000.0,-6.8002024e-05,0.071801506,0.996598,-0.986684,1000.0,0.0,1000,1000,10,0.0008624582568003488,1.0,0.0,1.0,1.0,1000.0,0.0,1000.0,1000.0,-6.899325e-05,0.070686676,0.99516386,-0.985462,1000.0,0.0,1000,1000,1000.0,780,780000,830,16.917111538001336,74.94228089100216,44.04569272114895,135.90508515015244,11550.040871332516,77
2.6266284e-06,0.0001653897,9.597298e-06,1.0,0.0,1.0,1.0,1000.0,0.0,1000.0,1000.0,-7.206229e-05,0.0707,0.99620193,-0.98243254,1000.0,0.0,1000,1000,10,0.0007056585968434684,1.0,0.0,1.0,1.0,1000.0,0.0,1000.0,1000.0,-6.9056994e-05,0.070395984,0.9958006,-0.98512954,1000.0,0.0,1000,1000,1000.0,790,790000,840,19.429768792935647,82.10136571596377,49.20904932823032,150.74018383712973,11702.586974328617,78
2.738816e-06,0.0001777172,1.0354537e-05,1.0,0.0,1.0,1.0,1000.0,0.0,1000.0,1000.0,-6.498171e-05,0.07055681,0.99657655,-0.9822338,1000.0,0.0,1000,1000,10,0.0006507803115711797,1.0,0.0,1.0,1.0,1000.0,0.0,1000.0,1000.0,-6.85957e-05,0.07215546,0.9960413,-0.983112,1000.0,0.0,1000,1000,1000.0,800,800000,850,19.4337118108524,83.92666238604579,48.463393539655954,151.82376773655415,11853.423186823493,79
1.1116887e-05,0.005293837,1.776795e-05,1.0,0.0,1.0,1.0,1000.0,0.0,1000.0,1000.0,-5.4976612e-05,0.07317704,0.9962863,-0.98596823,1000.0,0.0,1000,1000,10,0.0007817642950104319,1.0,0.0,1.0,1.0,1000.0,0.0,1000.0,1000.0,-6.175525e-05,0.07105126,0.9967348,-0.98639804,1000.0,0.0,1000,1000,1000.0,810,810000,860,19.83004755282309,82.93445742502809,48.62179452308919,151.38629950094037,12005.297627100372,80
6.9252974e-06,0.00018864778,5.7088746e-06,1.0,0.0,1.0,1.0,1000.0,0.0,1000.0,1000.0,-6.619117e-05,0.07088446,0.9966701,-0.98695874,1000.0,0.0,1000,1000,10,0.000709723083786057,1.0,0.0,1.0,1.0,1000.0,0.0,1000.0,1000.0,-7.487949e-05,0.07213122,0.9955419,-0.9837133,1000.0,0.0,1000,1000,1000.0,820,820000,870,19.610497685032897,83.43210775591433,48.902479629032314,151.94508506997954,12156.402990936069,81
7.4934796e-06,0.0027514498,1.1688887e-06,1.0,0.0,1.0,1.0,1000.0,0.0,1000.0,1000.0,-6.493787e-05,0.07005963,0.99682003,-0.9828427,1000.0,0.0,1000,1000,10,0.0008497909700559426,1.0,0.0,1.0,1.0,1000.0,0.0,1000.0,1000.0,-6.8284084e-05,0.0699995,0.99668294,-0.9823688,1000.0,0.0,1000,1000,1000.0,830,830000,880,19.812947151018307,82.59324818092864,49.48701349704061,151.89320882898755,12308.033189522219,82
4.731659e-06,8.5517546e-05,2.238677e-06,1.0,0.0,1.0,1.0,1000.0,0.0,1000.0,1000.0,-7.145267e-05,0.070790194,0.9967456,-0.9848845,1000.0,0.0,1000,1000,10,0.0006376606873097242,1.0,0.0,1.0,1.0,1000.0,0.0,1000.0,1000.0,-6.42959e-05,0.07142138,0.9959785,-0.9859967,1000.0,0.0,1000,1000,1000.0,840,840000,890,19.876906712772325,82.33343684196007,48.35269727790728,150.56304083263967,12458.729762526811,83
8.157862e-06,0.000680804,1.255739e-05,1.0,0.0,1.0,1.0,1000.0,0.0,1000.0,1000.0,-6.6725064e-05,0.06983396,0.99673575,-0.9857789,1000.0,0.0,1000,1000,10,0.0006577534942534935,1.0,0.0,1.0,1.0,1000.0,0.0,1000.0,1000.0,-7.8621924e-05,0.06994482,0.9966075,-0.98802996,1000.0,0.0,1000,1000,1000.0,850,850000,900,19.65571646904573,82.48233827005606,49.30057760514319,151.43863234424498,12608.826967866044,84
1.632409e-05,0.0009897219,1.012044e-05,1.0,0.0,1.0,1.0,1000.0,0.0,1000.0,1000.0,-6.384473e-05,0.07272808,0.9968389,-0.9846761,1000.0,0.0,1000,1000,10,0.000730502581961377,1.0,0.0,1.0,1.0,1000.0,0.0,1000.0,1000.0,-6.851053e-05,0.07174545,0.9966587,-0.98553777,1000.0,0.0,1000,1000,1000.0,860,860000,910,18.483965514809825,81.13874681701418,46.6299082179321,146.2526205497561,12748.648891129764,85
8.999379e-06,0.00306329,1.8049646e-05,1.0,0.0,1.0,1.0,1000.0,0.0,1000.0,1000.0,-7.7500896e-05,0.06883093,0.9971133,-0.98325014,1000.0,0.0,1000,1000,10,0.0006784104399365431,1.0,0.0,1.0,1.0,1000.0,0.0,1000.0,1000.0,-6.615002e-05,0.06843404,0.9962312,-0.98527944,1000.0,0.0,1000,1000,1000.0,870,870000,920,17.55314332107082,74.71108604094479,44.247392822871916,136.51162218488753,12882.775039542583,86
8.979056e-06,6.5100736e-05,1.3991074e-05,1.0,0.0,1.0,1.0,1000.0,0.0,1000.0,1000.0,-7.035899e-05,0.06880862,0.9965364,-0.9846375,1000.0,0.0,1000,1000,10,0.0006337622759280709,1.0,0.0,1.0,1.0,1000.0,0.0,1000.0,1000.0,-7.9265854e-05,0.067761034,0.99633926,-0.98460853,1000.0,0.0,1000,1000,1000.0,880,880000,930,17.352967650047503,72.32304302300327,43.857116267085075,133.53312694013584,13022.303726181854,87
2.9236462e-06,0.00043764643,3.4798954e-06,1.0,0.0,1.0,1.0,1000.0,0.0,1000.0,1000.0,-7.2848925e-05,0.069241636,0.9966985,-0.98390216,1000.0,0.0,1000,1000,10,0.0008137964791014761,1.0,0.0,1.0,1.0,1000.0,0.0,1000.0,1000.0,-5.7607667e-05,0.06993774,0.9970228,-0.9867261,1000.0,0.0,1000,1000,1000.0,890,890000,940,19.728226760053076,78.33033772592898,49.56420237815473,147.6227668641368,13175.085592879914,88
9.986597e-06,6.527259e-05,7.708244e-06,1.0,0.0,1.0,1.0,1000.0,0.0,1000.0,1000.0,-6.8524714e-05,0.068270735,0.9962023,-0.9811328,1000.0,0.0,1000,1000,10,0.0005013170936876572,1.0,0.0,1.0,1.0,1000.0,0.0,1000.0,1000.0,-6.838214e-05,0.071382694,0.9975514,-0.98073757,1000.0,0.0,1000,1000,1000.0,900,900000,950,19.12399091385305,83.5010774260154,47.591295162099414,150.21636350196786,13319.133533278713,89
1.2850932e-05,0.00021307087,2.2568145e-05,1.0,0.0,1.0,1.0,1000.0,0.0,1000.0,1000.0,-6.840805e-05,0.07071042,0.9975619,-0.98485,1000.0,0.0,1000,1000,10,0.0008982096548351292,1.0,0.0,1.0,1.0,1000.0,0.0,1000.0,1000.0,-6.3478205e-05,0.07170354,0.997505,-0.9845309,1000.0,0.0,1000,1000,1000.0,910,910000,960,17.491250576917082,77.33991873299237,43.96254122420214,138.7937105341116,13454.004246583092,90
4.400691e-06,7.462586e-05,2.0791476e-05,1.0,0.0,1.0,1.0,1000.0,0.0,1000.0,1000.0,-7.312369e-05,0.069141544,0.9968737,-0.9819792,1000.0,0.0,1000,1000,10,0.0006231548316672127,1.0,0.0,1.0,1.0,1000.0,0.0,1000.0,1000.0,-6.6635585e-05,0.06988329,0.9961957,-0.98340446,1000.0,0.0,1000,1000,1000.0,920,920000,970,18.6339880770538,73.41188560810406,47.2343128118664,139.28018649702426,13603.820677421987,91
9.219851e-06,0.0013916797,1.7454024e-05,1.0,0.0,1.0,1.0,1000.0,0.0,1000.0,1000.0,-7.419563e-05,0.070648864,0.9970414,-0.98433733,1000.0,0.0,1000,1000,10,0.000750064031447294,1.0,0.0,1.0,1.0,1000.0,0.0,1000.0,1000.0,-6.557124e-05,0.068805285,0.99713314,-0.98184973,1000.0,0.0,1000,1000,1000.0,930,930000,980,19.73768897796981,83.94819506304339,49.2450600451557,152.9309440861689,13756.41692605929,92
3.4717823e-06,0.00021309551,2.2556628e-06,1.0,0.0,1.0,1.0,1000.0,0.0,1000.0,1000.0,-7.0569135e-05,0.068097875,0.9974378,-0.9811482,1000.0,0.0,1000,1000,10,0.0005785044283861712,1.0,0.0,1.0,1.0,1000.0,0.0,1000.0,1000.0,-7.755715e-05,0.070981435,0.9964293,-0.9825301,1000.0,0.0,1000,1000,1000.0,940,940000,990,19.689256615936756,83.62174550199416,49.39524895010982,152.70625106804073,13909.994487799355,93
6.125334e-06,0.00011147405,2.3263692e-06,1.0,0.0,1.0,1.0,1000.0,0.0,1000.0,1000.0,-7.0338065e-05,0.07132341,0.9981728,-0.9869143,1000.0,0.0,1000,1000,10,0.0009310963060792284,1.0,0.0,1.0,1.0,1000.0,0.0,1000.0,1000.0,-5.894695e-05,0.07027753,0.99706674,-0.9823541,1000.0,0.0,1000,1000,1000.0,950,950000,1000,19.890854854835197,84.49714207998477,49.940204363898374,154.32820129871834,14066.329100223957,94
3.8805825e-05,0.00012371354,4.221487e-06,1.0,0.0,1.0,1.0,1000.0,0.0,1000.0,1000.0,-6.859474e-05,0.06719384,0.997459,-0.9825074,1000.0,0.0,1000,1000,10,0.0006988839713970168,1.0,0.0,1.0,1.0,1000.0,0.0,1000.0,1000.0,-6.4145854e-05,0.06803569,0.99732226,-0.9807656,1000.0,0.0,1000,1000,1000.0,960,960000,1010,19.74930896097794,86.51728777901735,49.308235961943865,155.57483270193916,14220.87153655698,95
1.7277546e-06,0.00010375335,1.6862379e-06,1.0,0.0,1.0,1.0,1000.0,0.0,1000.0,1000.0,-6.333755e-05,0.068675995,0.99766344,-0.98195916,1000.0,0.0,1000,1000,10,0.0007447479789209753,1.0,0.0,1.0,1.0,1000.0,0.0,1000.0,1000.0,-5.9837945e-05,0.06822405,0.99712,-0.98162234,1000.0,0.0,1000,1000,1000.0,970,970000,1020,19.775537056964822,85.49776632804424,48.73893131385557,154.01223469886463,14374.11473415303,96
2.9063358e-06,9.627547e-05,5.949557e-06,1.0,0.0,1.0,1.0,1000.0,0.0,1000.0,1000.0,-6.460962e-05,0.06916543,0.99739176,-0.98330784,1000.0,0.0,1000,1000,10,0.0006400838314924761,1.0,0.0,1.0,1.0,1000.0,0.0,1000.0,1000.0,-6.3596526e-05,0.06486616,0.9970286,-0.97898954,1000.0,0.0,1000,1000,1000.0,980,980000,1030,19.207940249121748,84.7192278939765,48.418733562808484,152.34590170590673,14522.903675645008,97
7.0723186e-06,6.74629e-05,3.4876248e-06,1.0,0.0,1.0,1.0,1000.0,0.0,1000.0,1000.0,-6.880498e-05,0.06753658,0.997819,-0.98093724,1000.0,0.0,1000,1000,10,0.0007067541064189444,1.0,0.0,1.0,1.0,1000.0,0.0,1000.0,1000.0,-5.7357895e-05,0.06575096,0.99585533,-0.9794112,1000.0,0.0,1000,1000,1000.0,990,990000,1040,19.29708436515648,81.16894632903859,48.516408252879046,148.98243894707412,14673.511159410118,98
8.79069e-06,5.9812806e-05,1.2210435e-06,1.0,0.0,1.0,1.0,1000.0,0.0,1000.0,1000.0,-6.891381e-05,0.066598125,0.99768436,-0.97803605,1000.0,0.0,1000,1000,10,0.0007582186137177753,1.0,0.0,1.0,1.0,1000.0,0.0,1000.0,1000.0,-7.185118e-05,0.067334354,0.99735373,-0.98158973,1000.0,0.0,1000,1000,1000.0,1000,1000000,1050,19.554160647909157,82.80861621303484,48.886035272851586,151.24881213379558,14825.136212379904,99
7.494985e-06,0.0020492887,8.407288e-06,1.0,0.0,1.0,1.0,1000.0,0.0,1000.0,1000.0,-6.703526e-05,0.067231335,0.99763167,-0.97535986,1000.0,0.0,1000,1000,10,0.0006590708884933622,1.0,0.0,1.0,1.0,1000.0,0.0,1000.0,1000.0,-6.579013e-05,0.06765839,0.99738824,-0.97942704,1000.0,0.0,1000,1000,1000.0,1010,1010000,1060,19.765024130232632,83.18922040099278,47.770963738905266,150.72520827013068,14975.017294854042,100
1.1470003e-05,6.439591e-05,3.320221e-06,1.0,0.0,1.0,1.0,1000.0,0.0,1000.0,1000.0,-6.572479e-05,0.06449938,0.99741703,-0.97991174,1000.0,0.0,1000,1000,10,0.0004549844006727471,1.0,0.0,1.0,1.0,1000.0,0.0,1000.0,1000.0,-6.1698236e-05,0.06724571,0.99773824,-0.97971076,1000.0,0.0,1000,1000,1000.0,1020,1020000,1070,18.41881585435476,82.35544183303136,45.9675332600018,146.74179094738793,15113.99906931771,101
3.5782564e-06,3.9600578e-05,4.3096225e-06,1.0,0.0,1.0,1.0,1000.0,0.0,1000.0,1000.0,-5.773918e-05,0.06751716,0.99782586,-0.9796299,1000.0,0.0,1000,1000,10,0.000650566425541966,1.0,0.0,1.0,1.0,1000.0,0.0,1000.0,1000.0,-7.014043e-05,0.06818237,0.99748874,-0.97970897,1000.0,0.0,1000,1000,1000.0,1030,1030000,1080,16.89770741481334,74.5825354430126,42.782806711271405,134.26304956909735,15241.974487585481,102
2.6183434e-06,0.0005174364,2.0212888e-06,1.0,0.0,1.0,1.0,1000.0,0.0,1000.0,1000.0,-6.885103e-05,0.06854371,0.998006,-0.98135275,1000.0,0.0,1000,1000,10,0.0006612708132796283,1.0,0.0,1.0,1.0,1000.0,0.0,1000.0,1000.0,-8.340718e-05,0.070202194,0.99736327,-0.97908694,1000.0,0.0,1000,1000,1000.0,1040,1040000,1090,16.202193760778755,68.29000092693605,41.540779348113574,126.03297403582837,15375.159296872327,103
5.9967742e-06,4.2789317e-05,2.0213702e-06,1.0,0.0,1.0,1.0,1000.0,0.0,1000.0,1000.0,-5.0945247e-05,0.06882423,0.9979213,-0.9769794,1000.0,0.0,1000,1000,10,0.0006606802255799036,1.0,0.0,1.0,1.0,1000.0,0.0,1000.0,1000.0,-7.300332e-05,0.06613682,0.996627,-0.9766216,1000.0,0.0,1000,1000,1000.0,1050,1050000,1100,19.55911687389016,75.46929719904438,50.09885518683586,145.1272692597704,15528.160215760232,104
1.4635075e-06,8.535743e-05,7.945902e-06,1.0,0.0,1.0,1.0,1000.0,0.0,1000.0,1000.0,-7.350825e-05,0.06752472,0.9978049,-0.9769907,1000.0,0.0,1000,1000,10,0.0007504701619900024,1.0,0.0,1.0,1.0,1000.0,0.0,1000.0,1000.0,-8.298885e-05,0.066385835,0.99711573,-0.97593457,1000.0,0.0,1000,1000,1000.0,1060,1060000,1110,19.92898115783464,83.35119203000795,50.662403262918815,153.9425764507614,15682.39201156306,105
2.941488e-06,0.00018334606,2.7938154e-06,1.0,0.0,1.0,1.0,1000.0,0.0,1000.0,1000.0,-6.514183e-05,0.06664375,0.9978889,-0.970477,1000.0,0.0,1000,1000,10,0.000511680770010993,1.0,0.0,1.0,1.0,1000.0,0.0,1000.0,1000.0,-5.5492128e-05,0.06839472,0.9974848,-0.97857434,1000.0,0.0,1000,1000,1000.0,1070,1070000,1120,19.93191961001139,83.63219795993064,50.719845883897506,154.28396345383953,15837.914142747992,106
3.9977613e-06,0.0012028811,3.2769972e-06,1.0,0.0,1.0,1.0,1000.0,0.0,1000.0,1000.0,-7.168867e-05,0.06728377,0.99781173,-0.97711176,1000.0,0.0,1000,1000,10,0.0005681403652850819,1.0,0.0,1.0,1.0,1000.0,0.0,1000.0,1000.0,-7.031665e-05,0.06889407,0.99794054,-0.9744402,1000.0,0.0,1000,1000,1000.0,1080,1080000,1130,19.49799947300926,84.87238223105669,49.561354396282695,153.93173610034864,15989.070725630387,107
7.404652e-06,0.00016554797,9.162275e-06,1.0,0.0,1.0,1.0,1000.0,0.0,1000.0,1000.0,-6.588068e-05,0.06756592,0.99824464,-0.97426444,1000.0,0.0,1000,1000,10,0.0007207099386493835,1.0,0.0,1.0,1.0,1000.0,0.0,1000.0,1000.0,-5.365265e-05,0.067352556,0.99764115,-0.97619253,1000.0,0.0,1000,1000,1000.0,1090,1090000,1140,19.66884037805721,82.13108829699922,49.757275607204065,151.5572042822605,16141.896120656631,108
1.3155622e-05,0.00012706507,3.236275e-06,1.0,0.0,1.0,1.0,1000.0,0.0,1000.0,1000.0,-6.5383996e-05,0.06859313,0.9980381,-0.97833264,1000.0,0.0,1000,1000,10,0.000687726439178309,1.0,0.0,1.0,1.0,1000.0,0.0,1000.0,1000.0,-7.625496e-05,0.06723288,0.9977841,-0.97406685,1000.0,0.0,1000,1000,1000.0,1100,1100000,1150,19.632743808906525,83.4365577979479,50.088287075050175,153.1575886819046,16295.43996253144,109
3.7726618e-06,0.00024490617,1.701821e-05,1.0,0.0,1.0,1.0,1000.0,0.0,1000.0,1000.0,-6.777383e-05,0.068941705,0.9978851,-0.9769251,1000.0,0.0,1000,1000,10,0.0006963645439346297,1.0,0.0,1.0,1.0,1000.0,0.0,1000.0,1000.0,-5.0835173e-05,0.0690797,0.9973704,-0.97898746,1000.0,0.0,1000,1000,1000.0,1110,1110000,1160,19.44271517114248,83.8557812019717,48.61014252435416,151.90863889746834,16445.607061072136,110
8.957255e-06,0.0015958829,4.0282143e-06,1.0,0.0,1.0,1.0,1000.0,0.0,1000.0,1000.0,-6.766436e-05,0.07023511,0.99769163,-0.9753638,1000.0,0.0,1000,1000,10,0.0007813792792364574,1.0,0.0,1.0,1.0,1000.0,0.0,1000.0,1000.0,-5.4748023e-05,0.06694875,0.997945,-0.97593695,1000.0,0.0,1000,1000,1000.0,1120,1120000,1170,19.827366356970742,82.14766622404568,47.63748059887439,149.6125131798908,16594.680422049947,111
7.2840694e-06,0.0037758725,3.025925e-06,1.0,0.0,1.0,1.0,1000.0,0.0,1000.0,1000.0,-6.0371833e-05,0.0663111,0.99773014,-0.9735944,1000.0,0.0,1000,1000,10,0.0004981215759835466,1.0,0.0,1.0,1.0,1000.0,0.0,1000.0,1000.0,-5.816374e-05,0.06851699,0.997917,-0.97721404,1000.0,0.0,1000,1000,1000.0,1130,1130000,1180,19.457496470073238,81.64836813299917,47.87589482823387,148.98175943130627,16743.703625010094,112
1.9545953e-06,0.0001449397,2.52832e-06,1.0,0.0,1.0,1.0,1000.0,0.0,1000.0,1000.0,-6.447503e-05,0.068766735,0.9977006,-0.9705302,1000.0,0.0,1000,1000,10,0.0005662611893379613,1.0,0.0,1.0,1.0,1000.0,0.0,1000.0,1000.0,-7.105215e-05,0.07019234,0.99800116,-0.97219825,1000.0,0.0,1000,1000,1000.0,1140,1140000,1190,19.688363190041855,81.73784864903428,48.03937839809805,149.46559023717418,16892.04936359427,113
1.772729e-06,0.00019702828,7.1565933e-06,1.0,0.0,1.0,1.0,1000.0,0.0,1000.0,1000.0,-6.845553e-05,0.068992086,0.9974992,-0.9744424,1000.0,0.0,1000,1000,10,0.0006597063425202398,1.0,0.0,1.0,1.0,1000.0,0.0,1000.0,1000.0,-6.3949396e-05,0.06724841,0.99700004,-0.97691846,1000.0,0.0,1000,1000,1000.0,1150,1150000,1200,19.383227276965044,80.6709734799806,48.51117785391398,148.56537861085963,17038.352955247974,114
4.187069e-06,0.0015377055,4.5601028e-06,1.0,0.0,1.0,1.0,1000.0,0.0,1000.0,1000.0,-6.5478125e-05,0.066742845,0.9981023,-0.97599643,1000.0,0.0,1000,1000,10,0.0005702352736406124,1.0,0.0,1.0,1.0,1000.0,0.0,1000.0,1000.0,-6.1292405e-05,0.066889696,0.99724567,-0.978011,1000.0,0.0,1000,1000,1000.0,1160,1160000,1210,18.345060213119723,78.44119437690824,46.11668516602367,142.90293975605164,17177.582447150256,115
2.901632e-06,0.0017133655,3.5372632e-06,1.0,0.0,1.0,1.0,1000.0,0.0,1000.0,1000.0,-6.759659e-05,0.06648176,0.99791884,-0.9729947,1000.0,0.0,1000,1000,10,0.00052822275477191,1.0,0.0,1.0,1.0,1000.0,0.0,1000.0,1000.0,-7.9712656e-05,0.06589601,0.99808264,-0.9762141,1000.0,0.0,1000,1000,1000.0,1170,1170000,1220,16.606139473151416,74.80567643605173,41.89272826910019,133.30454417830333,17303.607511942508,116
3.3815638e-06,0.00012377798,1.0092064e-05,1.0,0.0,1.0,1.0,1000.0,0.0,1000.0,1000.0,-7.572007e-05,0.06845988,0.9979382,-0.9771399,1000.0,0.0,1000,1000,10,0.0006587341959110118,1.0,0.0,1.0,1.0,1000.0,0.0,1000.0,1000.0,-8.49529e-05,0.07066982,0.9980527,-0.9749566,1000.0,0.0,1000,1000,1000.0,1180,1180000,1230,16.36073783203028,67.55505147506483,41.768982403795235,125.68477171089035,17435.85893184319,117
3.119147e-06,0.0028816112,3.0690344e-06,1.0,0.0,1.0,1.0,1000.0,0.0,1000.0,1000.0,-6.86702e-05,0.06869694,0.9980383,-0.9786256,1000.0,0.0,1000,1000,10,0.0006773172113027559,1.0,0.0,1.0,1.0,1000.0,0.0,1000.0,1000.0,-5.910694e-05,0.069217876,0.9983354,-0.9765925,1000.0,0.0,1000,1000,1000.0,1190,1190000,1240,17.319213787675835,74.1508610630408,43.43140448187478,134.9014793325914,17569.989224640885,118
3.7160762e-06,0.00016473795,1.5761108e-05,1.0,0.0,1.0,1.0,1000.0,0.0,1000.0,1000.0,-6.268838e-05,0.06845793,0.9980531,-0.9751985,1000.0,0.0,1000,1000,10,0.0007115298623243437,1.0,0.0,1.0,1.0,1000.0,0.0,1000.0,1000.0,-5.6490368e-05,0.06938518,0.99826854,-0.97950006,1000.0,0.0,1000,1000,1000.0,1200,1200000,1250,18.6129731843248,73.4204502979992,47.56232578493655,139.59574926726054,17720.195425135083,119
3.8092044e-06,0.00012071523,2.8138884e-06,1.0,0.0,1.0,1.0,1000.0,0.0,1000.0,1000.0,-6.582699e-05,0.06851159,0.99805933,-0.9738077,1000.0,0.0,1000,1000,10,0.0007358044427819286,1.0,0.0,1.0,1.0,1000.0,0.0,1000.0,1000.0,-7.285465e-05,0.06977014,0.9984382,-0.98079056,1000.0,0.0,1000,1000,1000.0,1210,1210000,1260,19.39729963534046,84.05676583701279,51.21143541682977,154.66550088918302,17873.617569294292,120
2.4043416e-06,0.0011044649,5.117892e-06,1.0,0.0,1.0,1.0,1000.0,0.0,1000.0,1000.0,-7.0945396e-05,0.06688459,0.9976567,-0.976456,1000.0,0.0,1000,1000,10,0.0005000546457303138,1.0,0.0,1.0,1.0,1000.0,0.0,1000.0,1000.0,-7.069286e-05,0.06975091,0.9978966,-0.9778892,1000.0,0.0,1000,1000,1000.0,1220,1220000,1270,19.614656484336592,82.85774322703946,49.55193723610137,152.02433694747742,18025.871682562865,121
5.176146e-06,0.0002319726,4.5062447e-06,1.0,0.0,1.0,1.0,1000.0,0.0,1000.0,1000.0,-6.386966e-05,0.06941072,0.9983468,-0.97827774,1000.0,0.0,1000,1000,10,0.0009737139737046898,1.0,0.0,1.0,1.0,1000.0,0.0,1000.0,1000.0,-6.864436e-05,0.06707608,0.99709654,-0.9741238,1000.0,0.0,1000,1000,1000.0,1230,1230000,1280,19.610429148888215,83.12099628907163,49.783933574100956,152.5153590120608,18177.654911185033,122
3.070788e-06,0.00018301266,1.5810769e-05,1.0,0.0,1.0,1.0,1000.0,0.0,1000.0,1000.0,-6.8222034e-05,0.067829914,0.99809813,-0.97561866,1000.0,0.0,1000,1000,10,0.000594957093979612,1.0,0.0,1.0,1.0,1000.0,0.0,1000.0,1000.0,-7.637645e-05,0.06861427,0.99820834,-0.97679174,1000.0,0.0,1000,1000,1000.0,1240,1240000,1290,19.947353355237283,82.42089353199117,49.63896552589722,152.00721241312567,18328.596083551995,123
1.0424486e-05,7.304626e-05,1.780831e-05,1.0,0.0,1.0,1.0,1000.0,0.0,1000.0,1000.0,-6.689457e-05,0.066860594,0.9981268,-0.9761217,1000.0,0.0,1000,1000,10,0.0006395279846075243,1.0,0.0,1.0,1.0,1000.0,0.0,1000.0,1000.0,-6.943202e-05,0.06700229,0.99784297,-0.9810864,1000.0,0.0,1000,1000,1000.0,1250,1250000,1300,19.205763679812662,81.38669408194255,48.579694306477904,149.17215206823312,18480.81479501119,124
4.3461955e-06,5.5935285e-05,3.5117587e-06,1.0,0.0,1.0,1.0,1000.0,0.0,1000.0,1000.0,-6.628818e-05,0.068070546,0.99832034,-0.97598284,1000.0,0.0,1000,1000,10,0.0006475686134533792,1.0,0.0,1.0,1.0,1000.0,0.0,1000.0,1000.0,-7.136805e-05,0.069210105,0.9983326,-0.9791592,1000.0,0.0,1000,1000,1000.0,1260,1260000,1310,19.395272385911085,84.46720323699992,48.39398560090922,152.25646122382022,18630.82003825903,125
5.7943344e-06,6.836328e-05,9.682329e-06,1.0,0.0,1.0,1.0,1000.0,0.0,1000.0,1000.0,-7.010642e-05,0.0696609,0.99815285,-0.97570175,1000.0,0.0,1000,1000,10,0.0007140681117135166,1.0,0.0,1.0,1.0,1000.0,0.0,1000.0,1000.0,-6.546274e-05,0.065063864,0.99635935,-0.97335416,1000.0,0.0,1000,1000,1000.0,1270,1270000,1320,19.594900516211055,82.25004460499622,47.41186523728538,149.25681035849266,18780.037978071603,126
1.7333077e-06,0.0034232798,6.577903e-06,1.0,0.0,1.0,1.0,1000.0,0.0,1000.0,1000.0,-6.339942e-05,0.068064936,0.9983233,-0.9789985,1000.0,0.0,1000,1000,10,0.0008729495798678469,1.0,0.0,1.0,1.0,1000.0,0.0,1000.0,1000.0,-7.1312395e-05,0.07027629,0.9984292,-0.976146,1000.0,0.0,1000,1000,1000.0,1280,1280000,1330,19.091788264922798,82.25108255597297,46.711125861038454,148.05399668193422,18922.91978443344,127
8.133494e-06,0.00019982195,6.1283436e-06,1.0,0.0,1.0,1.0,1000.0,0.0,1000.0,1000.0,-6.739691e-05,0.06768327,0.9982241,-0.9759109,1000.0,0.0,1000,1000,10,0.0006715643106395667,1.0,0.0,1.0,1.0,1000.0,0.0,1000.0,1000.0,-6.71896e-05,0.06573051,0.9982061,-0.97633797,1000.0,0.0,1000,1000,1000.0,1290,1290000,1340,18.18497424002271,77.11277835199144,44.94842916307971,140.24618175509386,19060.74589090352,128
5.598734e-06,0.00029230097,5.3515464e-06,1.0,0.0,1.0,1.0,1000.0,0.0,1000.0,1000.0,-5.8030357e-05,0.068484426,0.9981942,-0.9738379,1000.0,0.0,1000,1000,10,0.000810765559962719,1.0,0.0,1.0,1.0,1000.0,0.0,1000.0,1000.0,-6.6640125e-05,0.06956322,0.99823546,-0.97324556,1000.0,0.0,1000,1000,1000.0,1300,1300000,1350,19.29162942210678,74.72988711600192,48.582790456246585,142.60430699435528,19210.116589737823,129
7.783889e-06,0.0024430477,2.2940028e-06,1.0,0.0,1.0,1.0,1000.0,0.0,1000.0,1000.0,-6.113926e-05,0.06911147,0.99811274,-0.976509,1000.0,0.0,1000,1000,10,0.0005925611348704651,1.0,0.0,1.0,1.0,1000.0,0.0,1000.0,1000.0,-6.067887e-05,0.067715146,0.9984111,-0.9783343,1000.0,0.0,1000,1000,1000.0,1310,1310000,1360,19.45251234783791,81.53633687109686,48.58713254786562,149.5759817668004,19359.062819002545,130
8.22364e-06,0.00010961392,4.2459915e-06,1.0,0.0,1.0,1.0,1000.0,0.0,1000.0,1000.0,-6.4153835e-05,0.06767783,0.9981393,-0.9742374,1000.0,0.0,1000,1000,10,0.0007028656600736792,1.0,0.0,1.0,1.0,1000.0,0.0,1000.0,1000.0,-7.779406e-05,0.0674302,0.9980036,-0.97668546,1000.0,0.0,1000,1000,1000.0,1320,1320000,1370,19.605555076966994,80.95350064500235,49.879902487038635,150.43895820900798,19512.92315020843,131
3.330761e-06,0.003631195,2.500638e-05,1.0,0.0,1.0,1.0,1000.0,0.0,1000.0,1000.0,-6.151665e-05,0.0703247,0.99773806,-0.97507524,1000.0,0.0,1000,1000,10,0.001249031445849846,1.0,0.0,1.0,1.0,1000.0,0.0,1000.0,1000.0,-6.766185e-05,0.069998756,0.99814343,-0.97573036,1000.0,0.0,1000,1000,1000.0,1330,1330000,1380,18.702839437988587,84.40793560096063,45.98028852499556,149.09106356394477,19653.51673502545,132
6.0144284e-06,0.0002485963,8.403379e-06,1.0,0.0,1.0,1.0,1000.0,0.0,1000.0,1000.0,-6.167316e-05,0.06655001,0.9978611,-0.9746222,1000.0,0.0,1000,1000,10,0.0005408809954259128,1.0,0.0,1.0,1.0,1000.0,0.0,1000.0,1000.0,-7.645748e-05,0.06675358,0.99814415,-0.9766877,1000.0,0.0,1000,1000,1000.0,1340,1340000,1390,17.563523509074003,75.94908066489734,44.22880793816876,137.7414121121401,19785.483063497697,133
1.0549034e-05,0.00039544966,4.665821e-06,1.0,0.0,1.0,1.0,1000.0,0.0,1000.0,1000.0,-6.065034e-05,0.06984002,0.9980702,-0.9743016,1000.0,0.0,1000,1000,10,0.0015373021324024782,1.0,0.0,1.0,1.0,1000.0,0.0,1000.0,1000.0,-6.12396e-05,0.06919673,0.9981199,-0.97627974,1000.0,0.0,1000,1000,1000.0,1350,1350000,1400,16.692797252093442,70.20193183608353,42.84186527202837,129.73659436020534,19923.518228390836,134
5.7533393e-06,0.0002624563,2.2914648e-05,1.0,0.0,1.0,1.0,1000.0,0.0,1000.0,1000.0,-6.378101e-05,0.0683753,0.9979926,-0.97257936,1000.0,0.0,1000,1000,10,0.0011030345971376682,1.0,0.0,1.0,1.0,1000.0,0.0,1000.0,1000.0,-6.410539e-05,0.06758868,0.9976756,-0.97011775,1000.0,0.0,1000,1000,1000.0,1360,1360000,1410,19.120102330925874,78.54023815097753,49.45369336917065,147.11403385107405,20071.05461075483,135
4.732223e-06,0.00011511236,3.2984904e-06,1.0,0.0,1.0,1.0,1000.0,0.0,1000.0,1000.0,-7.222874e-05,0.069131285,0.9983898,-0.9732521,1000.0,0.0,1000,1000,10,0.0007049160510601655,1.0,0.0,1.0,1.0,1000.0,0.0,1000.0,1000.0,-6.229376e-05,0.06743722,0.9975471,-0.97182894,1000.0,0.0,1000,1000,1000.0,1370,1370000,1420,19.114229214028455,78.99171113502234,47.08128568297252,145.18722603202332,20216.786871496937,136
6.420998e-06,0.00235908,1.9430906e-06,1.0,0.0,1.0,1.0,1000.0,0.0,1000.0,1000.0,-6.332942e-05,0.06616191,0.9981227,-0.97647816,1000.0,0.0,1000,1000,10,0.0004713196363270708,1.0,0.0,1.0,1.0,1000.0,0.0,1000.0,1000.0,-6.7324465e-05,0.067300156,0.9982941,-0.97622514,1000.0,0.0,1000,1000,1000.0,1380,1380000,1430,19.162301825010218,79.57437570998445,47.22060583392158,145.95728336891625,20361.901605736814,137
9.523865e-07,0.003513629,9.951392e-06,1.0,0.0,1.0,1.0,1000.0,0.0,1000.0,1000.0,-6.316228e-05,0.06559935,0.99800104,-0.97430235,1000.0,0.0,1000,1000,10,0.0006763359426976157,1.0,0.0,1.0,1.0,1000.0,0.0,1000.0,1000.0,-6.181489e-05,0.06551398,0.9980033,-0.9735635,1000.0,0.0,1000,1000,1000.0,1390,1390000,1440,18.99145217705518,78.76360327308066,47.75727416120935,145.5123296113452,20507.424669290194,138
4.8497695e-06,0.005536807,1.0042754e-06,1.0,0.0,1.0,1.0,1000.0,0.0,1000.0,1000.0,-6.724748e-05,0.069383174,0.99782205,-0.97353613,1000.0,0.0,1000,1000,10,0.0010905091678032055,1.0,0.0,1.0,1.0,1000.0,0.0,1000.0,1000.0,-6.683421e-05,0.066375144,0.9982676,-0.9746891,1000.0,0.0,1000,1000,1000.0,1400,1400000,1450,19.428396860137582,78.80919371300843,48.417777874157764,146.65536844730377,20654.731834511622,139
3.860436e-06,0.0015131433,2.3509933e-06,1.0,0.0,1.0,1.0,1000.0,0.0,1000.0,1000.0,-6.44508e-05,0.06943237,0.99833745,-0.976663,1000.0,0.0,1000,1000,10,0.0007530108951652833,1.0,0.0,1.0,1.0,1000.0,0.0,1000.0,1000.0,-7.0322196e-05,0.07008908,0.99804765,-0.9720135,1000.0,0.0,1000,1000,1000.0,1410,1410000,1460,18.25835696514696,79.50442168698646,46.45209132495802,144.21486997709144,20794.430620231782,140
1.2575917e-06,0.00013477133,4.002271e-06,1.0,0.0,1.0,1.0,1000.0,0.0,1000.0,1000.0,-7.336332e-05,0.06783519,0.9983924,-0.97630036,1000.0,0.0,1000,1000,10,0.0006549238593375071,1.0,0.0,1.0,1.0,1000.0,0.0,1000.0,1000.0,-6.668894e-05,0.06790924,0.9981298,-0.9742229,1000.0,0.0,1000,1000,1000.0,1420,1420000,1470,17.41534742503427,75.02190498902928,44.0180329864379,136.45528540050145,20929.309715357143,141
3.3939577e-05,4.888105e-05,1.9681388e-06,1.0,0.0,1.0,1.0,1000.0,0.0,1000.0,1000.0,-6.577645e-05,0.06908303,0.9984365,-0.976667,1000.0,0.0,1000,1000,10,0.0009840952888655636,1.0,0.0,1.0,1.0,1000.0,0.0,1000.0,1000.0,-7.4702475e-05,0.06633508,0.99774253,-0.9717093,1000.0,0.0,1000,1000,1000.0,1430,1430000,1480,19.33126673300285,73.47623793198727,47.65687000704929,140.4643746720394,21080.592751464457,142
7.616381e-06,0.00082467473,6.8675126e-06,1.0,0.0,1.0,1.0,1000.0,0.0,1000.0,1000.0,-6.084707e-05,0.06850921,0.9982154,-0.97953105,1000.0,0.0,1000,1000,10,0.0009309568522142169,1.0,0.0,1.0,1.0,1000.0,0.0,1000.0,1000.0,-6.059576e-05,0.070539005,0.9983958,-0.9840528,1000.0,0.0,1000,1000,1000.0,1440,1440000,1490,19.50931311713066,84.32964791799895,48.368690583854914,152.20765161898453,21227.77297929628,143
4.547623e-06,6.944714e-05,1.7517648e-05,1.0,0.0,1.0,1.0,1000.0,0.0,1000.0,1000.0,-7.0096845e-05,0.06761567,0.9983309,-0.97518253,1000.0,0.0,1000,1000,10,0.0006465743918462828,1.0,0.0,1.0,1.0,1000.0,0.0,1000.0,1000.0,-6.5785985e-05,0.06698713,0.9979673,-0.97568196,1000.0,0.0,1000,1000,1000.0,1450,1450000,1500,19.148219594033435,79.33556164696347,47.24920964904595,145.73299089004286,21373.484416769235,144
2.3343073e-06,0.0002775477,6.352535e-06,1.0,0.0,1.0,1.0,1000.0,0.0,1000.0,1000.0,-6.255411e-05,0.06655016,0.99815464,-0.9742493,1000.0,0.0,1000,1000,10,0.0006407848662470472,1.0,0.0,1.0,1.0,1000.0,0.0,1000.0,1000.0,-6.942188e-05,0.06797518,0.9975801,-0.97065026,1000.0,0.0,1000,1000,1000.0,1460,1460000,1510,19.182766897021793,79.35119091207162,46.69393661885988,145.2278944279533,21519.570054805372,145
1.7132861e-05,0.00022151828,2.8063077e-06,1.0,0.0,1.0,1.0,1000.0,0.0,1000.0,1000.0,-6.781786e-05,0.06738985,0.9981443,-0.97229683,1000.0,0.0,1000,1000,10,0.0010516913781300889,1.0,0.0,1.0,1.0,1000.0,0.0,1000.0,1000.0,-6.83161e-05,0.06782497,0.9982306,-0.97426677,1000.0,0.0,1000,1000,1000.0,1470,1470000,1520,19.414394820225425,80.24077286303509,46.533501478959806,146.18866916222032,21661.978398707462,146
6.474681e-06,0.0012612471,8.4617375e-07,1.0,0.0,1.0,1.0,1000.0,0.0,1000.0,1000.0,-5.8434845e-05,0.063819915,0.99785626,-0.9737373,1000.0,0.0,1000,1000,10,0.000615270713871451,1.0,0.0,1.0,1.0,1000.0,0.0,1000.0,1000.0,-5.632356e-05,0.06821308,0.99822354,-0.97423327,1000.0,0.0,1000,1000,1000.0,1480,1480000,1530,18.906341221067123,76.4944375869818,46.21358447987586,141.6143632879248,21801.287848719396,147
3.2163382e-06,0.0002157212,4.5208044e-06,1.0,0.0,1.0,1.0,1000.0,0.0,1000.0,1000.0,-6.7227855e-05,0.06641941,0.9981147,-0.97221875,1000.0,0.0,1000,1000,10,0.0006243020796824739,1.0,0.0,1.0,1.0,1000.0,0.0,1000.0,1000.0,-6.8544105e-05,0.06370573,0.9972034,-0.9641448,1000.0,0.0,1000,1000,1000.0,1490,1490000,1540,17.247223024140112,74.21729905402754,42.44352336926386,133.9080454474315,21930.32283779967,148
5.564807e-06,0.0034590997,2.6667435e-06,1.0,0.0,1.0,1.0,1000.0,0.0,1000.0,1000.0,-7.129829e-05,0.06378329,0.9979287,-0.9652693,1000.0,0.0,1000,1000,10,0.0005015726807266722,1.0,0.0,1.0,1.0,1000.0,0.0,1000.0,1000.0,-5.9687947e-05,0.06574206,0.9981085,-0.97107357,1000.0,0.0,1000,1000,1000.0,1500,1500000,1550,16.697680060053244,69.37572465999983,40.92647211579606,126.99987683584914,22060.302686557523,149
3.5288372e-06,0.00010098566,1.8141851e-06,1.0,0.0,1.0,1.0,1000.0,0.0,1000.0,1000.0,-6.243425e-05,0.0684142,0.9983503,-0.9700811,1000.0,0.0,1000,1000,10,0.0006894209142173697,1.0,0.0,1.0,1.0,1000.0,0.0,1000.0,1000.0,-7.2542345e-05,0.06783587,0.9984533,-0.9765933,1000.0,0.0,1000,1000,1000.0,1510,1510000,1560,17.287455803714693,72.38101273099892,43.02906053618062,132.69752907089423,22196.85962883255,150
1.0115479e-05,0.00012777536,2.6850016e-06,1.0,0.0,1.0,1.0,1000.0,0.0,1000.0,1000.0,-6.551886e-05,0.066147774,0.9985445,-0.9634504,1000.0,0.0,1000,1000,10,0.0006012071159546644,1.0,0.0,1.0,1.0,1000.0,0.0,1000.0,1000.0,-7.687676e-05,0.069374114,0.99829245,-0.9703093,1000.0,0.0,1000,1000,1000.0,1520,1520000,1570,18.465543474070728,76.27396329201292,45.408478695200756,140.1479854612844,22334.892416807474,151
6.594493e-06,4.1078467e-05,1.7579939e-06,1.0,0.0,1.0,1.0,1000.0,0.0,1000.0,1000.0,-6.8653426e-05,0.06621176,0.998148,-0.9688315,1000.0,0.0,1000,1000,10,0.000555691129406576,1.0,0.0,1.0,1.0,1000.0,0.0,1000.0,1000.0,-6.904203e-05,0.061690535,0.9972296,-0.9622,1000.0,0.0,1000,1000,1000.0,1530,1530000,1580,18.220287030912004,74.1917845599819,45.058177211205475,137.47024880209938,22473.275728916866,152
4.2694896e-06,3.5417084e-05,2.036674e-06,1.0,0.0,1.0,1.0,1000.0,0.0,1000.0,1000.0,-6.7500616e-05,0.067094564,0.9982633,-0.9653493,1000.0,0.0,1000,1000,10,0.000568505117054698,1.0,0.0,1.0,1.0,1000.0,0.0,1000.0,1000.0,-6.5547705e-05,0.0650672,0.99797916,-0.9640172,1000.0,0.0,1000,1000,1000.0,1540,1540000,1590,17.90631909435615,75.13992590201087,44.84833566786256,137.89458066422958,22608.41918306623,153
1.3889663e-05,4.0239505e-05,6.44134e-06,1.0,0.0,1.0,1.0,1000.0,0.0,1000.0,1000.0,-6.270231e-05,0.06711322,0.9985298,-0.98340154,1000.0,0.0,1000,1000,10,0.0006910161737698576,1.0,0.0,1.0,1.0,1000.0,0.0,1000.0,1000.0,-6.6144254e-05,0.0652421,0.9986246,-0.97379965,1000.0,0.0,1000,1000,1000.0,1550,1550000,1600,17.235858164029196,72.41740835504606,43.53014989418443,133.1834164132597,22742.124300464755,154
1.3487756e-06,4.5574918e-05,5.2853625e-06,1.0,0.0,1.0,1.0,1000.0,0.0,1000.0,1000.0,-6.26176e-05,0.066229396,0.99855345,-0.9745923,1000.0,0.0,1000,1000,10,0.000595702198677959,1.0,0.0,1.0,1.0,1000.0,0.0,1000.0,1000.0,-5.333657e-05,0.06943104,0.9983413,-0.97324973,1000.0,0.0,1000,1000,1000.0,1560,1560000,1610,16.597286959993653,72.97109426907264,42.479545935755596,132.04792716482189,22874.753596396535,155
3.5418107e-06,0.00030347225,8.13762e-06,1.0,0.0,1.0,1.0,1000.0,0.0,1000.0,1000.0,-6.815792e-05,0.06771169,0.998338,-0.9704272,1000.0,0.0,1000,1000,10,0.0006971195876298566,1.0,0.0,1.0,1.0,1000.0,0.0,1000.0,1000.0,-5.3042793e-05,0.06523002,0.9984643,-0.97479594,1000.0,0.0,1000,1000,1000.0,1570,1570000,1620,18.659379284246825,73.58508170000277,46.294750062865205,138.5392110471148,23016.805330354604,156
3.1989803e-06,0.0023354609,2.6834746e-06,1.0,0.0,1.0,1.0,1000.0,0.0,1000.0,1000.0,-6.463761e-05,0.066408105,0.99866056,-0.9766617,1000.0,0.0,1000,1000,10,0.0007505545564335516,1.0,0.0,1.0,1.0,1000.0,0.0,1000.0,1000.0,-7.1271395e-05,0.065346815,0.9980906,-0.97222334,1000.0,0.0,1000,1000,1000.0,1580,1580000,1630,18.528219741303474,77.123430752079,44.85964235209394,140.51129284547642,23154.3495830982,157
4.440384e-06,8.7808774e-05,4.0179902e-06,1.0,0.0,1.0,1.0,1000.0,0.0,1000.0,1000.0,-6.66421e-05,0.06647941,0.998524,-0.9748871,1000.0,0.0,1000,1000,10,0.0005432757903940088,1.0,0.0,1.0,1.0,1000.0,0.0,1000.0,1000.0,-6.457582e-05,0.06541766,0.99860907,-0.97612,1000.0,0.0,1000,1000,1000.0,1590,1590000,1640,18.827960457885638,74.19281297991984,44.39273196691647,137.41350540472195,23289.382503619883,158
5.456638e-05,0.00014175197,1.0081456e-05,1.0,0.0,1.0,1.0,1000.0,0.0,1000.0,1000.0,-5.6652e-05,0.06868179,0.9986996,-0.9871947,1000.0,0.0,1000,1000,10,0.001217090856672483,1.0,0.0,1.0,1.0,1000.0,0.0,1000.0,1000.0,-6.703679e-05,0.0644819,0.99862224,-0.9708599,1000.0,0.0,1000,1000,1000.0,1600,1600000,1650,18.32539521320723,71.84482347895391,43.93205000332091,134.10226869548205,23425.00938735518,159
2.3780076e-06,7.575284e-05,4.064018e-06,1.0,0.0,1.0,1.0,1000.0,0.0,1000.0,1000.0,-6.763419e-05,0.065620214,0.99843246,-0.9774495,1000.0,0.0,1000,1000,10,0.000541065499673847,1.0,0.0,1.0,1.0,1000.0,0.0,1000.0,1000.0,-6.293531e-05,0.0645808,0.9982607,-0.9687811,1000.0,0.0,1000,1000,1000.0,1610,1610000,1660,18.43737858789973,73.40308922994882,43.70676194888074,135.5472297667293,23557.489003079943,160
4.4085855e-06,0.00023531575,8.878027e-06,1.0,0.0,1.0,1.0,1000.0,0.0,1000.0,1000.0,-7.120515e-05,0.06756464,0.99837095,-0.9794319,1000.0,0.0,1000,1000,10,0.000670781992330849,1.0,0.0,1.0,1.0,1000.0,0.0,1000.0,1000.0,-7.445683e-05,0.06338166,0.9983434,-0.9709399,1000.0,0.0,1000,1000,1000.0,1620,1620000,1670,16.653283911990002,70.37125689606182,39.40263397293165,126.42717478098348,23673.0740054209,161
