Inverse-Dynamic-MSE,Test Rewards Mean,Test Rewards Std,Test Rewards Max,Test Rewards Min,Test Returns Mean,Test Returns Std,Test Returns Max,Test Returns Min,Test Actions Mean,Test Actions Std,Test Actions Max,Test Actions Min,Test Ep. Len. Mean,Test Ep. Len. Std,Test Ep. Len. Max,Test Ep. Len. Min,Num Paths,Exploration Rewards Mean,Exploration Rewards Std,Exploration Rewards Max,Exploration Rewards Min,Exploration Returns Mean,Exploration Returns Std,Exploration Returns Max,Exploration Returns Min,Exploration Actions Mean,Exploration Actions Std,Exploration Actions Max,Exploration Actions Min,Exploration Ep. Len. Mean,Exploration Ep. Len. Std,Exploration Ep. Len. Max,Exploration Ep. Len. Min,AverageReturn,Number of train calls total,Number of env steps total,Number of rollouts total,Train Time (s),(Previous) Eval Time (s),Sample Time (s),Epoch Time (s),Total Train Time (s),Epoch
0.008699095,1.0,0.0,1.0,1.0,18.168937329700274,1.7219472471999964,22.0,15.0,-0.016116204,0.00932609,0.0032498224,-0.027552662,18.168937329700274,1.7219472471999964,22,15,10,1.0,0.0,1.0,1.0,1000.0,0.0,1000.0,1000.0,-0.00017476283,0.20118864,0.9998713,-0.9978502,1000.0,0.0,1000,1000,18.168937329700274,10,10000,60,22.767731737345457,0,19.734405495226383,42.50213723257184,66.49914782308042,0
0.05205065,1.0,0.0,1.0,1.0,383.35849056603774,7.741323419651632,398.0,371.0,0.020688968,0.10270343,0.8043776,-0.05901751,383.35849056603774,7.741323419651632,398,371,10,1.0,0.0,1.0,1.0,1000.0,0.0,1000.0,1000.0,0.44888085,0.36354092,0.99987555,-0.28586525,1000.0,0.0,1000,1000,383.35849056603774,20,20000,70,22.8579006716609,24.042191338725388,19.66593209747225,66.56602410785854,134.63486257288605,1
0.052613594,1.0,0.0,1.0,1.0,1000.0,0.0,1000.0,1000.0,-2.6626853e-05,0.0035939876,0.13456638,-0.024923276,1000.0,0.0,1000,1000,10,1.0,0.0,1.0,1.0,1000.0,0.0,1000.0,1000.0,0.08495768,0.27135324,0.9999816,-0.07350032,1000.0,0.0,1000,1000,1000.0,30,30000,80,23.82965107727796,25.577630252577364,21.443914892151952,70.85119622200727,204.35165294073522,2
0.020153444,1.0,0.0,1.0,1.0,1000.0,0.0,1000.0,1000.0,-5.474677e-05,0.011254749,0.301661,-0.065145224,1000.0,0.0,1000,1000,10,1.0,0.0,1.0,1.0,1000.0,0.0,1000.0,1000.0,-5.2156873e-05,0.013066303,0.2960438,-0.0774553,1000.0,0.0,1000,1000,1000.0,40,40000,90,22.996991530060768,24.443234889768064,19.269918047823012,66.71014446765184,270.7126570623368,3
0.026729945,1.0,0.0,1.0,1.0,1000.0,0.0,1000.0,1000.0,-6.988609e-05,0.013544192,0.360912,-0.08010277,1000.0,0.0,1000,1000,10,1.0,0.0,1.0,1.0,1000.0,0.0,1000.0,1000.0,-6.581334e-05,0.017865976,0.31257513,-0.09306061,1000.0,0.0,1000,1000,1000.0,50,50000,100,23.13228284753859,24.146189488470554,19.640562907792628,66.91903524380177,337.6315566897392,4
0.041290276,1.0,0.0,1.0,1.0,1000.0,0.0,1000.0,1000.0,-6.806702e-05,0.01815228,0.5046655,-0.14331858,1000.0,0.0,1000,1000,10,1.0,0.0,1.0,1.0,1000.0,0.0,1000.0,1000.0,-5.8708727e-05,0.017635835,0.41579774,-0.107007675,1000.0,0.0,1000,1000,1000.0,60,60000,110,23.569919970817864,24.135283773764968,21.01686309557408,68.72206684015691,409.31669558398426,5
0.025367107,1.0,0.0,1.0,1.0,1000.0,0.0,1000.0,1000.0,-5.893522e-05,0.023181979,0.6475782,-0.1434306,1000.0,0.0,1000,1000,10,1.0,0.0,1.0,1.0,1000.0,0.0,1000.0,1000.0,-6.4009946e-05,0.020904941,0.58531773,-0.13098246,1000.0,0.0,1000,1000,1000.0,70,70000,120,26.484423706308007,27.10534404590726,25.58602304197848,79.17579079419374,488.22785717621446,6
0.020913523,1.0,0.0,1.0,1.0,1000.0,0.0,1000.0,1000.0,-6.475271e-05,0.03132174,0.80503786,-0.32177123,1000.0,0.0,1000,1000,10,1.0,0.0,1.0,1.0,1000.0,0.0,1000.0,1000.0,-6.652265e-05,0.027604118,0.743068,-0.23079488,1000.0,0.0,1000,1000,1000.0,80,80000,130,22.92021131142974,26.844104087911546,19.828630899079144,69.59294629842043,555.0656977230683,7
0.031441435,1.0,0.0,1.0,1.0,1000.0,0.0,1000.0,1000.0,-7.525956e-05,0.040531505,0.8947556,-0.5950555,1000.0,0.0,1000,1000,10,1.0,0.0,1.0,1.0,1000.0,0.0,1000.0,1000.0,-6.90018e-05,0.03618862,0.8853536,-0.58799875,1000.0,0.0,1000,1000,1000.0,90,90000,140,23.015572456642985,24.095248952507973,19.933602958917618,67.04442436806858,622.6220293687657,8
0.021161567,1.0,0.0,1.0,1.0,1000.0,0.0,1000.0,1000.0,-6.695804e-05,0.055530664,0.9357467,-0.69596165,1000.0,0.0,1000,1000,10,1.0,0.0,1.0,1.0,1000.0,0.0,1000.0,1000.0,-6.491256e-05,0.045452178,0.89414173,-0.67296016,1000.0,0.0,1000,1000,1000.0,100,100000,150,23.491618571802974,24.608597515150905,20.51867670658976,68.61889279354364,691.8428966067731,9
0.013907296,1.0,0.0,1.0,1.0,1000.0,0.0,1000.0,1000.0,-7.0658985e-05,0.05187062,0.95386386,-0.86452043,1000.0,0.0,1000,1000,10,1.0,0.0,1.0,1.0,1000.0,0.0,1000.0,1000.0,-7.056907e-05,0.050122246,0.9305339,-0.7241504,1000.0,0.0,1000,1000,1000.0,110,110000,160,22.83845659904182,25.215115297585726,20.084324206225574,68.13789610285312,759.4126992607489,10
0.01317968,1.0,0.0,1.0,1.0,1000.0,0.0,1000.0,1000.0,-7.234625e-05,0.06619951,0.96959245,-0.8966743,1000.0,0.0,1000,1000,10,1.0,0.0,1.0,1.0,1000.0,0.0,1000.0,1000.0,-6.8939924e-05,0.063252084,0.9604768,-0.89539504,1000.0,0.0,1000,1000,1000.0,120,120000,170,22.86329706106335,24.647207651287317,19.643087859265506,67.15359257161617,826.2575509455055,11
0.014760307,1.0,0.0,1.0,1.0,1000.0,0.0,1000.0,1000.0,-7.1032075e-05,0.08272379,0.97459424,-0.8801849,1000.0,0.0,1000,1000,10,1.0,0.0,1.0,1.0,1000.0,0.0,1000.0,1000.0,-5.686935e-05,0.07108669,0.96151406,-0.83769095,1000.0,0.0,1000,1000,1000.0,130,130000,180,23.471594465896487,24.342107377015054,20.172854891978204,67.98655673488975,895.4617965715006,12
0.019942345,1.0,0.0,1.0,1.0,1000.0,0.0,1000.0,1000.0,-6.873208e-05,0.08465584,0.9823732,-0.9106563,1000.0,0.0,1000,1000,10,1.0,0.0,1.0,1.0,1000.0,0.0,1000.0,1000.0,-7.921236e-05,0.0806274,0.9758112,-0.8595021,1000.0,0.0,1000,1000,1000.0,140,140000,190,22.43619944807142,25.563739602454007,19.68961283378303,67.68955188430846,963.6517826560885,13
0.009439584,1.0,0.0,1.0,1.0,1000.0,0.0,1000.0,1000.0,-5.716274e-05,0.081267595,0.98607063,-0.9099437,1000.0,0.0,1000,1000,10,1.0,0.0,1.0,1.0,1000.0,0.0,1000.0,1000.0,-7.458727e-05,0.08185679,0.9818919,-0.91003627,1000.0,0.0,1000,1000,1000.0,150,150000,200,25.41411988530308,26.065614139661193,24.074816645123065,75.55455067008734,1040.0848385402933,14
0.012709579,1.0,0.0,1.0,1.0,1000.0,0.0,1000.0,1000.0,-0.00019609158,0.08140255,0.98255825,-0.908201,1000.0,0.0,1000,1000,10,1.0,0.0,1.0,1.0,1000.0,0.0,1000.0,1000.0,-7.325411e-05,0.08530308,0.98374313,-0.90688336,1000.0,0.0,1000,1000,1000.0,160,160000,210,22.549354233779013,26.95835378859192,19.5522105935961,69.05991861596704,1106.5908501548693,15
0.030156653,1.0,0.0,1.0,1.0,1000.0,0.0,1000.0,1000.0,-0.00017943933,0.081408344,0.98839426,-0.90961593,1000.0,0.0,1000,1000,10,1.0,0.0,1.0,1.0,1000.0,0.0,1000.0,1000.0,-7.306662e-05,0.081275746,0.98891294,-0.9095114,1000.0,0.0,1000,1000,1000.0,170,170000,220,22.83761208411306,24.39854265190661,19.79597699083388,67.03213172685355,1174.154335652478,16
0.024526741,1.0,0.0,1.0,1.0,1000.0,0.0,1000.0,1000.0,-0.00015408515,0.07970896,0.9866324,-0.9031115,1000.0,0.0,1000,1000,10,1.0,0.0,1.0,1.0,1000.0,0.0,1000.0,1000.0,-0.00012224332,0.08197456,0.981831,-0.8951779,1000.0,0.0,1000,1000,1000.0,180,180000,230,23.441799159161747,24.93464456498623,21.105276625603437,69.48172034975141,1243.6429018741474,17
0.029735284,1.0,0.0,1.0,1.0,1000.0,0.0,1000.0,1000.0,-0.00016759506,0.08147588,0.9900256,-0.9154887,1000.0,0.0,1000,1000,10,1.0,0.0,1.0,1.0,1000.0,0.0,1000.0,1000.0,-7.978628e-05,0.08137285,0.9889725,-0.90653354,1000.0,0.0,1000,1000,1000.0,190,190000,240,22.71731366403401,24.94652906432748,19.670629605650902,67.33447233401239,1310.2219182914123,18
0.011401554,1.0,0.0,1.0,1.0,1000.0,0.0,1000.0,1000.0,0.00012855079,0.07835141,0.9893402,-0.9171195,1000.0,0.0,1000,1000,10,1.0,0.0,1.0,1.0,1000.0,0.0,1000.0,1000.0,-3.641562e-05,0.07841066,0.9867119,-0.9072459,1000.0,0.0,1000,1000,1000.0,200,200000,250,22.71421224437654,24.19264208804816,19.319182228296995,66.2260365607217,1376.774645823054,19
0.006848996,1.0,0.0,1.0,1.0,1000.0,0.0,1000.0,1000.0,-4.546722e-06,0.07740179,0.99194694,-0.90864694,1000.0,0.0,1000,1000,10,1.0,0.0,1.0,1.0,1000.0,0.0,1000.0,1000.0,-0.00010576674,0.07528045,0.9870376,-0.9067713,1000.0,0.0,1000,1000,1000.0,210,210000,260,23.36780694965273,24.528360716998577,20.78345146216452,68.67961912881583,1448.0084534110501,20
0.004076938,1.0,0.0,1.0,1.0,1000.0,0.0,1000.0,1000.0,-0.00017882498,0.06863793,0.98752016,-0.90093035,1000.0,0.0,1000,1000,10,1.0,0.0,1.0,1.0,1000.0,0.0,1000.0,1000.0,2.6315129e-05,0.07326758,0.9864106,-0.9063997,1000.0,0.0,1000,1000,1000.0,220,220000,270,25.972146473824978,27.085776614956558,23.20199642702937,76.2599195158109,1525.1325761107728,21
0.0050729252,1.0,0.0,1.0,1.0,1000.0,0.0,1000.0,1000.0,-0.00012323158,0.07908,0.99074167,-0.8970804,1000.0,0.0,1000,1000,10,1.0,0.0,1.0,1.0,1000.0,0.0,1000.0,1000.0,-7.345604e-05,0.07431883,0.9867759,-0.9062508,1000.0,0.0,1000,1000,1000.0,230,230000,280,23.0177889931947,27.954441516660154,19.64154615905136,70.61377666890621,1592.1011437987909,22
0.0054776296,1.0,0.0,1.0,1.0,1000.0,0.0,1000.0,1000.0,-3.411335e-05,0.07619763,0.9902166,-0.8977827,1000.0,0.0,1000,1000,10,1.0,0.0,1.0,1.0,1000.0,0.0,1000.0,1000.0,-2.6691794e-05,0.07651398,0.9914367,-0.90969115,1000.0,0.0,1000,1000,1000.0,240,240000,290,23.287458455190063,24.314525032415986,19.650789787992835,67.25277327559888,1659.5434421617538,23
0.01825436,1.0,0.0,1.0,1.0,1000.0,0.0,1000.0,1000.0,-0.00016989866,0.07214194,0.9913339,-0.9071874,1000.0,0.0,1000,1000,10,1.0,0.0,1.0,1.0,1000.0,0.0,1000.0,1000.0,-9.308523e-05,0.07480347,0.9925168,-0.90318644,1000.0,0.0,1000,1000,1000.0,250,250000,300,23.2707831710577,24.503313853405416,19.732157243415713,67.50625426787883,1728.145181867294,24
0.008720215,1.0,0.0,1.0,1.0,1000.0,0.0,1000.0,1000.0,-0.0002324853,0.07060949,0.98935664,-0.85150665,1000.0,0.0,1000,1000,10,1.0,0.0,1.0,1.0,1000.0,0.0,1000.0,1000.0,-7.910013e-05,0.07040583,0.9911818,-0.90364724,1000.0,0.0,1000,1000,1000.0,260,260000,310,23.36977265123278,25.60704550333321,20.03045050986111,69.0072686644271,1796.0294107496738,25
0.003157657,1.0,0.0,1.0,1.0,1000.0,0.0,1000.0,1000.0,-4.216063e-05,0.066072635,0.9923505,-0.89860344,1000.0,0.0,1000,1000,10,1.0,0.0,1.0,1.0,1000.0,0.0,1000.0,1000.0,-6.6289045e-05,0.07140858,0.9914963,-0.8876094,1000.0,0.0,1000,1000,1000.0,270,270000,320,23.482746908441186,24.48569335695356,19.521251572296023,67.48969183769077,1863.5163164343685,26
0.0036288688,1.0,0.0,1.0,1.0,1000.0,0.0,1000.0,1000.0,1.7587006e-05,0.06901347,0.99365795,-0.8845645,1000.0,0.0,1000,1000,10,1.0,0.0,1.0,1.0,1000.0,0.0,1000.0,1000.0,-0.00010319257,0.06815746,0.9907717,-0.8898667,1000.0,0.0,1000,1000,1000.0,280,280000,330,23.174160917289555,24.4839951377362,19.523219840601087,67.18137589562684,1932.33369432576,27
0.027013853,1.0,0.0,1.0,1.0,1000.0,0.0,1000.0,1000.0,-0.00013657169,0.067940235,0.9910464,-0.8783305,1000.0,0.0,1000,1000,10,1.0,0.0,1.0,1.0,1000.0,0.0,1000.0,1000.0,-8.507949e-05,0.070542105,0.9920835,-0.8937767,1000.0,0.0,1000,1000,1000.0,290,290000,340,25.677850004285574,26.124653792008758,23.26527243759483,75.06777623388916,2011.9589954894036,28
0.0042949454,1.0,0.0,1.0,1.0,1000.0,0.0,1000.0,1000.0,-0.00018448943,0.06790181,0.99314624,-0.87424505,1000.0,0.0,1000,1000,10,1.0,0.0,1.0,1.0,1000.0,0.0,1000.0,1000.0,-6.890993e-05,0.069785185,0.99378896,-0.8952115,1000.0,0.0,1000,1000,1000.0,300,300000,350,23.86591179482639,30.688439577817917,21.165145382285118,75.71949675492942,2081.6388315595686,29
0.00249419,1.0,0.0,1.0,1.0,1000.0,0.0,1000.0,1000.0,-0.0002542191,0.0685094,0.9932504,-0.8819428,1000.0,0.0,1000,1000,10,1.0,0.0,1.0,1.0,1000.0,0.0,1000.0,1000.0,-0.00012908095,0.06808615,0.9934979,-0.88135445,1000.0,0.0,1000,1000,1000.0,310,310000,360,22.877192438580096,24.647473257035017,19.35589389503002,66.88055959064513,2148.2138734143227,30
0.010266872,1.0,0.0,1.0,1.0,1000.0,0.0,1000.0,1000.0,-0.00021368565,0.071387544,0.9942655,-0.8922929,1000.0,0.0,1000,1000,10,1.0,0.0,1.0,1.0,1000.0,0.0,1000.0,1000.0,-1.2779251e-05,0.068908386,0.9934931,-0.8820363,1000.0,0.0,1000,1000,1000.0,320,320000,370,23.375412893481553,24.348683189600706,19.97232303675264,67.6964191198349,2217.3991380287334,31
0.014672788,1.0,0.0,1.0,1.0,1000.0,0.0,1000.0,1000.0,5.360956e-05,0.069145724,0.99355257,-0.8586225,1000.0,0.0,1000,1000,10,1.0,0.0,1.0,1.0,1000.0,0.0,1000.0,1000.0,-9.177548e-05,0.066823654,0.98967147,-0.86193955,1000.0,0.0,1000,1000,1000.0,330,330000,380,23.30966539401561,25.842448032461107,20.643403532914817,69.79551695939153,2285.9272149866447,32
0.006935826,1.0,0.0,1.0,1.0,1000.0,0.0,1000.0,1000.0,0.00013242631,0.06613278,0.9937119,-0.85832417,1000.0,0.0,1000,1000,10,1.0,0.0,1.0,1.0,1000.0,0.0,1000.0,1000.0,6.256958e-05,0.069447525,0.99418557,-0.8761443,1000.0,0.0,1000,1000,1000.0,340,340000,390,22.945220168679953,24.577261617407203,19.535799108445644,67.0582808945328,2353.1033642180264,33
0.0025922516,1.0,0.0,1.0,1.0,1000.0,0.0,1000.0,1000.0,-0.00017221438,0.06230619,0.9951335,-0.86852586,1000.0,0.0,1000,1000,10,1.0,0.0,1.0,1.0,1000.0,0.0,1000.0,1000.0,5.484846e-06,0.06969085,0.9955088,-0.88306874,1000.0,0.0,1000,1000,1000.0,350,350000,400,23.287028322927654,24.69975761231035,20.01916051376611,68.00594644900411,2421.674467055127,34
0.0025564148,1.0,0.0,1.0,1.0,1000.0,0.0,1000.0,1000.0,-0.00019486304,0.06577144,0.9939358,-0.8734307,1000.0,0.0,1000,1000,10,1.0,0.0,1.0,1.0,1000.0,0.0,1000.0,1000.0,-7.1818606e-05,0.064193174,0.99156296,-0.8209233,1000.0,0.0,1000,1000,1000.0,360,360000,410,24.501212319359183,25.273676668293774,22.118903472088277,71.89379245974123,2497.907288743183,35
0.0038269348,1.0,0.0,1.0,1.0,1000.0,0.0,1000.0,1000.0,0.00013798164,0.06769523,0.9926022,-0.8457034,1000.0,0.0,1000,1000,10,1.0,0.0,1.0,1.0,1000.0,0.0,1000.0,1000.0,-0.00012630211,0.06785903,0.9950728,-0.87443185,1000.0,0.0,1000,1000,1000.0,370,370000,420,21.392883992753923,29.612542715854943,18.709111659787595,69.71453836839646,2557.2845832463354,36
0.0018358392,1.0,0.0,1.0,1.0,1000.0,0.0,1000.0,1000.0,4.7929927e-05,0.062708504,0.9902494,-0.76414204,1000.0,0.0,1000,1000,10,1.0,0.0,1.0,1.0,1000.0,0.0,1000.0,1000.0,-3.4816487e-05,0.064459994,0.9927762,-0.83779943,1000.0,0.0,1000,1000,1000.0,380,380000,430,18.14960673265159,19.274363676086068,14.764930738136172,52.18890114687383,2609.6229024212807,37
0.0022121852,1.0,0.0,1.0,1.0,1000.0,0.0,1000.0,1000.0,-0.00018040318,0.0657831,0.9956026,-0.8349346,1000.0,0.0,1000,1000,10,1.0,0.0,1.0,1.0,1000.0,0.0,1000.0,1000.0,-9.917202e-05,0.06618422,0.9952361,-0.86407685,1000.0,0.0,1000,1000,1000.0,390,390000,440,18.297151085920632,19.42885055858642,14.61586173158139,52.34186337608844,2662.1916449936107,38
0.007590835,1.0,0.0,1.0,1.0,1000.0,0.0,1000.0,1000.0,-0.00012153516,0.061977006,0.99505395,-0.8549133,1000.0,0.0,1000,1000,10,1.0,0.0,1.0,1.0,1000.0,0.0,1000.0,1000.0,-7.834356e-05,0.06686427,0.99539727,-0.8989203,1000.0,0.0,1000,1000,1000.0,400,400000,450,19.547429222613573,19.665739237330854,15.846747431904078,55.059915891848505,2717.0324847940356,39
0.011743172,1.0,0.0,1.0,1.0,1000.0,0.0,1000.0,1000.0,0.00017542817,0.062669955,0.9955038,-0.81233835,1000.0,0.0,1000,1000,10,1.0,0.0,1.0,1.0,1000.0,0.0,1000.0,1000.0,-0.00013392096,0.064533465,0.99320984,-0.84705955,1000.0,0.0,1000,1000,1000.0,410,410000,460,19.725036911666393,19.450195863842964,17.059889256954193,56.23512203246355,2774.210243535228,40
0.007582161,1.0,0.0,1.0,1.0,1000.0,0.0,1000.0,1000.0,-0.00018832782,0.06568554,0.9965127,-0.87508184,1000.0,0.0,1000,1000,10,1.0,0.0,1.0,1.0,1000.0,0.0,1000.0,1000.0,-8.820199e-05,0.06684707,0.99572587,-0.83168703,1000.0,0.0,1000,1000,1000.0,420,420000,470,19.920470791868865,20.400627652183175,17.715220235288143,58.036318679340184,2832.915039256215,41
0.00727602,1.0,0.0,1.0,1.0,1000.0,0.0,1000.0,1000.0,7.82432e-05,0.061673816,0.9947648,-0.81815577,1000.0,0.0,1000,1000,10,1.0,0.0,1.0,1.0,1000.0,0.0,1000.0,1000.0,-8.562939e-05,0.06468925,0.9941936,-0.8274371,1000.0,0.0,1000,1000,1000.0,430,430000,480,22.496028875000775,21.073461114428937,20.37492724414915,63.94441723357886,2900.893426870927,42
0.014590012,1.0,0.0,1.0,1.0,1000.0,0.0,1000.0,1000.0,-0.00020541978,0.06364781,0.99572223,-0.81172323,1000.0,0.0,1000,1000,10,1.0,0.0,1.0,1.0,1000.0,0.0,1000.0,1000.0,-0.00016505379,0.06336629,0.99401885,-0.81905514,1000.0,0.0,1000,1000,1000.0,440,440000,490,24.764253467321396,25.110790494829416,22.9958472000435,72.87089116219431,2972.621756649576,43
0.0068771755,1.0,0.0,1.0,1.0,1000.0,0.0,1000.0,1000.0,-0.0001441681,0.06081864,0.994806,-0.81098866,1000.0,0.0,1000,1000,10,1.0,0.0,1.0,1.0,1000.0,0.0,1000.0,1000.0,-3.373786e-05,0.06678506,0.99556214,-0.85276055,1000.0,0.0,1000,1000,1000.0,450,450000,500,24.44513604324311,23.97378870844841,22.475254910066724,70.89417966175824,3045.9989422317594,44
0.002734511,1.0,0.0,1.0,1.0,1000.0,0.0,1000.0,1000.0,-5.476693e-05,0.06860642,0.9943979,-0.7896162,1000.0,0.0,1000,1000,10,1.0,0.0,1.0,1.0,1000.0,0.0,1000.0,1000.0,-5.1925177e-05,0.06332792,0.9936079,-0.7955624,1000.0,0.0,1000,1000,1000.0,460,460000,510,24.194883215241134,26.45842251740396,21.936864584684372,72.59017031732947,3118.545703914948,45
0.0140773,1.0,0.0,1.0,1.0,1000.0,0.0,1000.0,1000.0,8.192568e-05,0.07077375,0.9943718,-0.7817874,1000.0,0.0,1000,1000,10,1.0,0.0,1.0,1.0,1000.0,0.0,1000.0,1000.0,-0.00013677398,0.06698168,0.9962671,-0.86374223,1000.0,0.0,1000,1000,1000.0,470,470000,520,24.024381919763982,26.422916315495968,21.899267739616334,72.34656597487628,3190.6114354282618,46
0.0041360557,1.0,0.0,1.0,1.0,1000.0,0.0,1000.0,1000.0,7.749535e-05,0.06159582,0.9957935,-0.8386539,1000.0,0.0,1000,1000,10,1.0,0.0,1.0,1.0,1000.0,0.0,1000.0,1000.0,-2.0627296e-05,0.06898445,0.9949072,-0.81651205,1000.0,0.0,1000,1000,1000.0,480,480000,530,23.996507175266743,26.14429155457765,21.768243668600917,71.90904239844531,3262.5910183526576,47
0.010391431,1.0,0.0,1.0,1.0,1000.0,0.0,1000.0,1000.0,-2.23509e-05,0.06289784,0.99304247,-0.768507,1000.0,0.0,1000,1000,10,1.0,0.0,1.0,1.0,1000.0,0.0,1000.0,1000.0,-2.87772e-05,0.0618002,0.99272287,-0.7600961,1000.0,0.0,1000,1000,1000.0,490,490000,540,23.971111330203712,26.22521856147796,21.488197119906545,71.68452701158822,3334.7315745344386,48
0.0026046324,1.0,0.0,1.0,1.0,1000.0,0.0,1000.0,1000.0,3.8408616e-06,0.06856689,0.9945486,-0.8016441,1000.0,0.0,1000,1000,10,1.0,0.0,1.0,1.0,1000.0,0.0,1000.0,1000.0,-7.7262055e-05,0.061189048,0.9915789,-0.74690783,1000.0,0.0,1000,1000,1000.0,500,500000,550,24.128002365119755,26.682122718542814,21.76124382764101,72.57136891130358,3407.0151657797396,49
0.0041150823,1.0,0.0,1.0,1.0,1000.0,0.0,1000.0,1000.0,0.00012874178,0.06635588,0.995037,-0.8141645,1000.0,0.0,1000,1000,10,1.0,0.0,1.0,1.0,1000.0,0.0,1000.0,1000.0,-6.8665744e-05,0.0631208,0.9945726,-0.77265465,1000.0,0.0,1000,1000,1000.0,510,510000,560,22.81902400031686,26.399519556201994,20.512891804799438,69.73143536131829,3476.84483836405,50
0.0025851647,1.0,0.0,1.0,1.0,1000.0,0.0,1000.0,1000.0,-0.00019577547,0.06452231,0.9949659,-0.91727865,1000.0,0.0,1000,1000,10,1.0,0.0,1.0,1.0,1000.0,0.0,1000.0,1000.0,8.417332e-05,0.06438422,0.99565977,-0.81091946,1000.0,0.0,1000,1000,1000.0,520,520000,570,23.31217221636325,26.50843624677509,21.40184711944312,71.22245558258146,3546.399634947069,51
0.0014036943,1.0,0.0,1.0,1.0,1000.0,0.0,1000.0,1000.0,-0.00016848627,0.063697554,0.9961306,-0.7637359,1000.0,0.0,1000,1000,10,1.0,0.0,1.0,1.0,1000.0,0.0,1000.0,1000.0,-0.00012967332,0.06741635,0.9948356,-0.7823327,1000.0,0.0,1000,1000,1000.0,530,530000,580,24.244076494127512,24.832677741535008,21.79933278542012,70.87608702108264,3618.7610780829564,52
0.0019470763,1.0,0.0,1.0,1.0,1000.0,0.0,1000.0,1000.0,-9.516354e-05,0.05736706,0.99469614,-0.7533419,1000.0,0.0,1000,1000,10,1.0,0.0,1.0,1.0,1000.0,0.0,1000.0,1000.0,-9.669533e-05,0.06092462,0.99414176,-0.74537086,1000.0,0.0,1000,1000,1000.0,540,540000,590,23.813436429016292,26.322853763587773,21.829068018123507,71.96535821072757,3691.598273234442,53
0.0058877766,1.0,0.0,1.0,1.0,1000.0,0.0,1000.0,1000.0,-0.00026728326,0.073348135,0.9963897,-0.8790146,1000.0,0.0,1000,1000,10,1.0,0.0,1.0,1.0,1000.0,0.0,1000.0,1000.0,-1.1242074e-05,0.06396406,0.994875,-0.79083073,1000.0,0.0,1000,1000,1000.0,550,550000,600,23.982604918070138,27.205421085469425,22.115093032829463,73.30311903636903,3763.8966875951737,54
0.012163109,1.0,0.0,1.0,1.0,1000.0,0.0,1000.0,1000.0,-0.00013159285,0.06520759,0.9951727,-0.77526456,1000.0,0.0,1000,1000,10,1.0,0.0,1.0,1.0,1000.0,0.0,1000.0,1000.0,-8.709727e-05,0.06974367,0.9959313,-0.82967114,1000.0,0.0,1000,1000,1000.0,560,560000,610,24.002023111097515,26.201614485122263,21.935817521996796,72.13945511821657,3835.864502808079,55
0.0010244407,1.0,0.0,1.0,1.0,1000.0,0.0,1000.0,1000.0,-0.00012432158,0.062551826,0.99332684,-0.7519822,1000.0,0.0,1000,1000,10,1.0,0.0,1.0,1.0,1000.0,0.0,1000.0,1000.0,-0.00011549462,0.06250428,0.99509794,-0.7745179,1000.0,0.0,1000,1000,1000.0,570,570000,620,24.005401223897934,26.035643883049488,21.91561210155487,71.95665720850229,3907.9854720216244,56
0.00126036,1.0,0.0,1.0,1.0,1000.0,0.0,1000.0,1000.0,-0.0002680145,0.06312353,0.9954464,-0.7683461,1000.0,0.0,1000,1000,10,1.0,0.0,1.0,1.0,1000.0,0.0,1000.0,1000.0,-8.3867824e-05,0.0655558,0.9955418,-0.8716954,1000.0,0.0,1000,1000,1000.0,580,580000,630,24.04807280935347,26.202732139267027,22.029367276467383,72.28017222508788,3978.2589276758954,57
0.013021681,1.0,0.0,1.0,1.0,1000.0,0.0,1000.0,1000.0,-0.00016180873,0.06148696,0.9953227,-0.8984723,1000.0,0.0,1000,1000,10,1.0,0.0,1.0,1.0,1000.0,0.0,1000.0,1000.0,-6.3950574e-05,0.059593827,0.99504673,-0.76704955,1000.0,0.0,1000,1000,1000.0,590,590000,640,24.115473912097514,24.20658036414534,22.296721794642508,70.61877607088536,4051.252240191214,58
0.016594052,1.0,0.0,1.0,1.0,1000.0,0.0,1000.0,1000.0,-0.000120546785,0.05786602,0.99496084,-0.75506556,1000.0,0.0,1000,1000,10,1.0,0.0,1.0,1.0,1000.0,0.0,1000.0,1000.0,-8.4747866e-05,0.061267976,0.99509585,-0.8709686,1000.0,0.0,1000,1000,1000.0,600,600000,650,23.10867671854794,26.58656390849501,21.12992735300213,70.82516798004508,4120.423647478223,59
0.0054136664,1.0,0.0,1.0,1.0,1000.0,0.0,1000.0,1000.0,-0.00017189134,0.05970014,0.9952252,-0.8533219,1000.0,0.0,1000,1000,10,1.0,0.0,1.0,1.0,1000.0,0.0,1000.0,1000.0,-4.0176797e-05,0.058724824,0.9951483,-0.8154736,1000.0,0.0,1000,1000,1000.0,610,610000,660,24.34245048556477,24.93866183049977,22.524018589407206,71.80513090547174,4193.557543774135,60
0.0044101393,1.0,0.0,1.0,1.0,1000.0,0.0,1000.0,1000.0,-0.00025750123,0.063499525,0.99578655,-0.7598333,1000.0,0.0,1000,1000,10,1.0,0.0,1.0,1.0,1000.0,0.0,1000.0,1000.0,-0.00013750704,0.063227765,0.99422973,-0.7634944,1000.0,0.0,1000,1000,1000.0,620,620000,670,24.151926956139505,26.26661039236933,21.982842083089054,72.40137943159789,4266.247702922672,61
0.00173185,1.0,0.0,1.0,1.0,1000.0,0.0,1000.0,1000.0,0.00015956034,0.06589288,0.9945655,-0.73151356,1000.0,0.0,1000,1000,10,1.0,0.0,1.0,1.0,1000.0,0.0,1000.0,1000.0,-7.4112264e-05,0.066103764,0.9954082,-0.7584908,1000.0,0.0,1000,1000,1000.0,630,630000,680,24.07558876182884,26.56363509222865,21.79476117528975,72.43398502934724,4338.554217113182,62
0.019650303,1.0,0.0,1.0,1.0,1000.0,0.0,1000.0,1000.0,-0.00013348187,0.05654027,0.9947006,-0.7378605,1000.0,0.0,1000,1000,10,1.0,0.0,1.0,1.0,1000.0,0.0,1000.0,1000.0,9.104976e-06,0.063453406,0.994772,-0.7700309,1000.0,0.0,1000,1000,1000.0,640,640000,690,24.452784935943782,26.44080372992903,22.341644716449082,73.2352333823219,4412.080918044783,63
0.022668103,1.0,0.0,1.0,1.0,1000.0,0.0,1000.0,1000.0,-0.00013657911,0.060743343,0.99607503,-0.7650162,1000.0,0.0,1000,1000,10,1.0,0.0,1.0,1.0,1000.0,0.0,1000.0,1000.0,-0.0001114664,0.05849399,0.994911,-0.7663992,1000.0,0.0,1000,1000,1000.0,650,650000,700,24.110609591007233,26.74088408332318,21.617733503691852,72.46922717802227,4484.155696426518,64
0.010486031,1.0,0.0,1.0,1.0,1000.0,0.0,1000.0,1000.0,-6.407762e-05,0.061627716,0.99405855,-0.7569051,1000.0,0.0,1000,1000,10,1.0,0.0,1.0,1.0,1000.0,0.0,1000.0,1000.0,-0.00010741629,0.060997095,0.9949134,-0.76963085,1000.0,0.0,1000,1000,1000.0,660,660000,710,23.82426478713751,26.354625998064876,21.136264614760876,71.31515539996326,4555.482423671521,65
0.0023798952,1.0,0.0,1.0,1.0,1000.0,0.0,1000.0,1000.0,-8.709135e-05,0.05478835,0.9953419,-0.7832734,1000.0,0.0,1000,1000,10,1.0,0.0,1.0,1.0,1000.0,0.0,1000.0,1000.0,-8.9944006e-05,0.06300294,0.9951731,-0.7803863,1000.0,0.0,1000,1000,1000.0,670,670000,720,24.174127311445773,26.377513859421015,21.566966062411666,72.11860723327845,4627.224437353201,66
0.0037548956,1.0,0.0,1.0,1.0,1000.0,0.0,1000.0,1000.0,6.032635e-05,0.059253853,0.9946917,-0.7742464,1000.0,0.0,1000,1000,10,1.0,0.0,1.0,1.0,1000.0,0.0,1000.0,1000.0,-8.313722e-05,0.06057401,0.99586207,-0.76053125,1000.0,0.0,1000,1000,1000.0,680,680000,730,23.50298611726612,26.005415563471615,20.558014430105686,70.06641611084342,4697.848302091472,67
0.001440391,1.0,0.0,1.0,1.0,1000.0,0.0,1000.0,1000.0,-0.0002480554,0.060097177,0.9951691,-0.7128273,1000.0,0.0,1000,1000,10,1.0,0.0,1.0,1.0,1000.0,0.0,1000.0,1000.0,-6.161177e-05,0.057847448,0.9948397,-0.7764031,1000.0,0.0,1000,1000,1000.0,690,690000,740,24.350735737010837,26.56556615512818,21.751470622606575,72.6677725147456,4770.622706536204,68
0.004448191,1.0,0.0,1.0,1.0,1000.0,0.0,1000.0,1000.0,-3.1259824e-05,0.059614804,0.9954302,-0.8014657,1000.0,0.0,1000,1000,10,1.0,0.0,1.0,1.0,1000.0,0.0,1000.0,1000.0,-7.986844e-05,0.05909361,0.9952281,-0.83474576,1000.0,0.0,1000,1000,1000.0,700,700000,750,24.063042910769582,26.683290113694966,21.36557486280799,72.11190788727254,4842.234415310435,69
0.002921233,1.0,0.0,1.0,1.0,1000.0,0.0,1000.0,1000.0,-2.9483166e-05,0.06019327,0.9956287,-0.92485404,1000.0,0.0,1000,1000,10,1.0,0.0,1.0,1.0,1000.0,0.0,1000.0,1000.0,-2.6696605e-05,0.05895897,0.9949264,-0.79606086,1000.0,0.0,1000,1000,1000.0,710,710000,760,24.194171159528196,26.18907517567277,21.69827125221491,72.08151758741587,4914.130760787055,70
0.011606561,1.0,0.0,1.0,1.0,1000.0,0.0,1000.0,1000.0,-0.00013559098,0.06086685,0.99581194,-0.77765095,1000.0,0.0,1000,1000,10,1.0,0.0,1.0,1.0,1000.0,0.0,1000.0,1000.0,-7.2882925e-05,0.060379285,0.9947299,-0.8009846,1000.0,0.0,1000,1000,1000.0,720,720000,770,24.493888485245407,26.00751148723066,21.69626781810075,72.19766779057682,4986.722223718651,71
0.008588022,1.0,0.0,1.0,1.0,1000.0,0.0,1000.0,1000.0,-0.00015902575,0.058485482,0.995016,-0.77381974,1000.0,0.0,1000,1000,10,1.0,0.0,1.0,1.0,1000.0,0.0,1000.0,1000.0,-6.137956e-05,0.059927624,0.9953829,-0.8087445,1000.0,0.0,1000,1000,1000.0,730,730000,780,24.114837015978992,26.40462519787252,21.411889428272843,71.93135164212435,5057.676857071929,72
0.0033888752,1.0,0.0,1.0,1.0,1000.0,0.0,1000.0,1000.0,-2.4237032e-05,0.05948833,0.99469674,-0.77053285,1000.0,0.0,1000,1000,10,1.0,0.0,1.0,1.0,1000.0,0.0,1000.0,1000.0,-0.00010533033,0.059112344,0.9947631,-0.7856269,1000.0,0.0,1000,1000,1000.0,740,740000,790,24.43765711504966,25.435835412703454,22.02480668295175,71.89829921070486,5130.338126246817,73
0.0018191714,1.0,0.0,1.0,1.0,1000.0,0.0,1000.0,1000.0,0.00017235774,0.061049055,0.9959794,-0.79843456,1000.0,0.0,1000,1000,10,1.0,0.0,1.0,1.0,1000.0,0.0,1000.0,1000.0,-6.373307e-05,0.056427952,0.9942716,-0.7723775,1000.0,0.0,1000,1000,1000.0,750,750000,800,24.3973700189963,26.206012128852308,22.04576041828841,72.64914256613702,5200.9491642564535,74
0.002154924,1.0,0.0,1.0,1.0,1000.0,0.0,1000.0,1000.0,-0.00018197954,0.05842808,0.99348956,-0.77402115,1000.0,0.0,1000,1000,10,1.0,0.0,1.0,1.0,1000.0,0.0,1000.0,1000.0,-7.250546e-05,0.060004726,0.9945644,-0.7819053,1000.0,0.0,1000,1000,1000.0,760,760000,810,24.267769263125956,24.181231470778584,21.24704767484218,69.69604840874672,5273.055342215113,75
0.0133216735,1.0,0.0,1.0,1.0,1000.0,0.0,1000.0,1000.0,-5.036428e-05,0.05771748,0.9952346,-0.7745539,1000.0,0.0,1000,1000,10,1.0,0.0,1.0,1.0,1000.0,0.0,1000.0,1000.0,-5.7721256e-05,0.05865927,0.9941718,-0.76508605,1000.0,0.0,1000,1000,1000.0,770,770000,820,24.378704011440277,26.588729104958475,21.869141161441803,72.83657427784055,5345.621043693274,76
0.003419615,1.0,0.0,1.0,1.0,1000.0,0.0,1000.0,1000.0,-9.82169e-05,0.054908887,0.9950655,-0.78795516,1000.0,0.0,1000,1000,10,1.0,0.0,1.0,1.0,1000.0,0.0,1000.0,1000.0,-5.0317954e-05,0.055987693,0.9945768,-0.78899246,1000.0,0.0,1000,1000,1000.0,780,780000,830,24.107449035160244,26.330929192714393,21.557901164516807,71.99627939239144,5417.469426632859,77
0.0014448429,1.0,0.0,1.0,1.0,1000.0,0.0,1000.0,1000.0,-8.687196e-05,0.05425109,0.9944323,-0.7996097,1000.0,0.0,1000,1000,10,1.0,0.0,1.0,1.0,1000.0,0.0,1000.0,1000.0,-7.0523136e-05,0.057360314,0.9950036,-0.78622866,1000.0,0.0,1000,1000,1000.0,790,790000,840,24.43393478821963,26.18682666309178,21.8435119362548,72.46427338756621,5490.031040863134,78
0.009368453,1.0,0.0,1.0,1.0,1000.0,0.0,1000.0,1000.0,-0.00015861454,0.054143876,0.99472857,-0.789247,1000.0,0.0,1000,1000,10,1.0,0.0,1.0,1.0,1000.0,0.0,1000.0,1000.0,-4.5522356e-05,0.0587894,0.9953345,-0.79315674,1000.0,0.0,1000,1000,1000.0,800,800000,850,24.608581636101007,26.291373959742486,21.696208272129297,72.59616386797279,5562.218878901564,79
0.0021756461,1.0,0.0,1.0,1.0,1000.0,0.0,1000.0,1000.0,-1.7994083e-06,0.054409754,0.99568427,-0.7829386,1000.0,0.0,1000,1000,10,1.0,0.0,1.0,1.0,1000.0,0.0,1000.0,1000.0,-8.165406e-05,0.054588106,0.99586624,-0.7902671,1000.0,0.0,1000,1000,1000.0,810,810000,860,23.676878654398024,25.89212768804282,21.55097953695804,71.11998587939888,5634.00193334464,80
0.00090422685,1.0,0.0,1.0,1.0,1000.0,0.0,1000.0,1000.0,-0.00023520079,0.057698127,0.99446917,-0.7796798,1000.0,0.0,1000,1000,10,1.0,0.0,1.0,1.0,1000.0,0.0,1000.0,1000.0,-4.6074943e-05,0.05579731,0.995714,-0.8000462,1000.0,0.0,1000,1000,1000.0,820,820000,870,24.1204029051587,26.55651912279427,21.838625453412533,72.5155474813655,5706.658745412715,81
0.0015957066,1.0,0.0,1.0,1.0,1000.0,0.0,1000.0,1000.0,-0.00014612946,0.053932223,0.9952316,-0.7920718,1000.0,0.0,1000,1000,10,1.0,0.0,1.0,1.0,1000.0,0.0,1000.0,1000.0,-0.000100557314,0.057623725,0.99560016,-0.7964472,1000.0,0.0,1000,1000,1000.0,830,830000,880,23.215509869158268,26.70932041388005,20.61459225229919,70.53942253533751,5775.7485685879365,82
0.0007596809,1.0,0.0,1.0,1.0,1000.0,0.0,1000.0,1000.0,-0.00012876968,0.062471624,0.99584603,-0.792555,1000.0,0.0,1000,1000,10,1.0,0.0,1.0,1.0,1000.0,0.0,1000.0,1000.0,-6.297743e-05,0.054200877,0.99516994,-0.7884384,1000.0,0.0,1000,1000,1000.0,840,840000,890,24.46854527015239,25.268103785812855,21.555637566372752,71.292286622338,5847.677635655738,83
0.0016028502,1.0,0.0,1.0,1.0,1000.0,0.0,1000.0,1000.0,7.27703e-05,0.05370318,0.9955883,-0.78686166,1000.0,0.0,1000,1000,10,1.0,0.0,1.0,1.0,1000.0,0.0,1000.0,1000.0,-0.00010124792,0.05596499,0.99539024,-0.7835071,1000.0,0.0,1000,1000,1000.0,850,850000,900,24.708806451410055,25.910967580974102,21.603309923782945,72.2230839561671,5920.33067994751,84
0.0014584871,1.0,0.0,1.0,1.0,1000.0,0.0,1000.0,1000.0,-1.7241484e-05,0.057701666,0.9964101,-0.7626932,1000.0,0.0,1000,1000,10,1.0,0.0,1.0,1.0,1000.0,0.0,1000.0,1000.0,-9.17634e-05,0.053351033,0.99466074,-0.76322937,1000.0,0.0,1000,1000,1000.0,860,860000,910,24.326795062981546,26.34772432781756,21.595329866744578,72.26984925754368,5992.675498427823,85
0.00065543514,1.0,0.0,1.0,1.0,1000.0,0.0,1000.0,1000.0,-8.182514e-05,0.054206125,0.9954843,-0.76209474,1000.0,0.0,1000,1000,10,1.0,0.0,1.0,1.0,1000.0,0.0,1000.0,1000.0,-5.948409e-05,0.055568323,0.9949595,-0.7558872,1000.0,0.0,1000,1000,1000.0,870,870000,920,24.474621381610632,26.431232473812997,21.898138208314776,72.8039920637384,6065.573446032591,86
0.004287611,1.0,0.0,1.0,1.0,1000.0,0.0,1000.0,1000.0,-0.00013344077,0.053770002,0.99557394,-0.77903754,1000.0,0.0,1000,1000,10,1.0,0.0,1.0,1.0,1000.0,0.0,1000.0,1000.0,-1.5201628e-05,0.05573978,0.9950311,-0.7505683,1000.0,0.0,1000,1000,1000.0,880,880000,930,23.670623538084328,26.531228443607688,20.989575537852943,71.19142751954496,6135.333843332715,87
0.0014855182,1.0,0.0,1.0,1.0,1000.0,0.0,1000.0,1000.0,-0.00012048522,0.054625627,0.9961553,-0.7455522,1000.0,0.0,1000,1000,10,1.0,0.0,1.0,1.0,1000.0,0.0,1000.0,1000.0,-6.8191686e-05,0.053014074,0.9945967,-0.7038165,1000.0,0.0,1000,1000,1000.0,890,890000,940,23.79430889710784,25.10450425092131,21.794566037133336,70.69337918516248,6207.0194601956755,88
0.0028365606,1.0,0.0,1.0,1.0,1000.0,0.0,1000.0,1000.0,-0.0001507142,0.051592182,0.9943772,-0.6978441,1000.0,0.0,1000,1000,10,1.0,0.0,1.0,1.0,1000.0,0.0,1000.0,1000.0,-9.423975e-05,0.053078447,0.9960459,-0.7608744,1000.0,0.0,1000,1000,1000.0,900,900000,950,23.819778840988874,26.106830701231956,21.75758505705744,71.68419459927827,6278.667776741087,89
0.0032767951,1.0,0.0,1.0,1.0,1000.0,0.0,1000.0,1000.0,6.61923e-05,0.050344646,0.99556,-0.70800626,1000.0,0.0,1000,1000,10,1.0,0.0,1.0,1.0,1000.0,0.0,1000.0,1000.0,-6.041856e-05,0.054240234,0.99583423,-0.7681127,1000.0,0.0,1000,1000,1000.0,910,910000,960,22.84316533897072,26.07777852844447,20.87065130379051,69.7915951712057,6348.601086769253,90
0.0057795323,1.0,0.0,1.0,1.0,1000.0,0.0,1000.0,1000.0,-2.2342696e-05,0.05084006,0.99570256,-0.76328015,1000.0,0.0,1000,1000,10,1.0,0.0,1.0,1.0,1000.0,0.0,1000.0,1000.0,-1.18678745e-05,0.051200308,0.9947657,-0.7099692,1000.0,0.0,1000,1000,1000.0,920,920000,970,23.85343734640628,26.228389035910368,21.564951566047966,71.64677794836462,6420.514528295025,91
0.0010273732,1.0,0.0,1.0,1.0,1000.0,0.0,1000.0,1000.0,-0.0002327033,0.054997213,0.99488693,-0.68766963,1000.0,0.0,1000,1000,10,1.0,0.0,1.0,1.0,1000.0,0.0,1000.0,1000.0,-0.00011523309,0.054729205,0.995987,-0.75977707,1000.0,0.0,1000,1000,1000.0,930,930000,980,24.30869527440518,26.498854351229966,21.86633930169046,72.6738889273256,6493.20361360535,92
0.0002715742,1.0,0.0,1.0,1.0,1000.0,0.0,1000.0,1000.0,0.00015189932,0.054668352,0.9950079,-0.72182167,1000.0,0.0,1000,1000,10,1.0,0.0,1.0,1.0,1000.0,0.0,1000.0,1000.0,-6.891392e-05,0.056405354,0.99639046,-0.76413316,1000.0,0.0,1000,1000,1000.0,940,940000,990,24.4121797028929,26.5300805689767,21.80821633990854,72.75047661177814,6566.147649932653,93
0.0104852,1.0,0.0,1.0,1.0,1000.0,0.0,1000.0,1000.0,6.0518156e-05,0.054927666,0.9959471,-0.76770204,1000.0,0.0,1000,1000,10,1.0,0.0,1.0,1.0,1000.0,0.0,1000.0,1000.0,-8.188879e-05,0.05663495,0.9960276,-0.7542404,1000.0,0.0,1000,1000,1000.0,950,950000,1000,24.24000326357782,26.720888602547348,22.192644046619534,73.1535359127447,6639.068828955293,94
0.00047654824,1.0,0.0,1.0,1.0,1000.0,0.0,1000.0,1000.0,-0.00012625282,0.050496068,0.9956181,-0.7365,1000.0,0.0,1000,1000,10,1.0,0.0,1.0,1.0,1000.0,0.0,1000.0,1000.0,-7.108108e-05,0.05442097,0.9950847,-0.75765944,1000.0,0.0,1000,1000,1000.0,960,960000,1010,23.628188425675035,26.500184784643352,21.824662738479674,71.95303594879806,6711.360841934569,95
0.005641843,1.0,0.0,1.0,1.0,1000.0,0.0,1000.0,1000.0,1.2297688e-05,0.052978825,0.99624443,-0.74629736,1000.0,0.0,1000,1000,10,1.0,0.0,1.0,1.0,1000.0,0.0,1000.0,1000.0,-0.00012711702,0.055211246,0.996819,-0.77599394,1000.0,0.0,1000,1000,1000.0,970,970000,1020,24.264411515556276,26.845954632386565,22.182155289687216,73.29252143763006,6784.190819567069,96
0.0021495041,1.0,0.0,1.0,1.0,1000.0,0.0,1000.0,1000.0,9.340303e-05,0.055649422,0.9973123,-0.7843285,1000.0,0.0,1000,1000,10,1.0,0.0,1.0,1.0,1000.0,0.0,1000.0,1000.0,-3.0733838e-06,0.0530974,0.99486053,-0.75167626,1000.0,0.0,1000,1000,1000.0,980,980000,1030,23.796845897100866,26.388017364777625,21.438699195161462,71.62356245703995,6853.7211919128895,97
0.00078098057,1.0,0.0,1.0,1.0,1000.0,0.0,1000.0,1000.0,-0.00022610917,0.057231907,0.9964306,-0.7832767,1000.0,0.0,1000,1000,10,1.0,0.0,1.0,1.0,1000.0,0.0,1000.0,1000.0,-2.4066023e-05,0.053244486,0.99478656,-0.70650697,1000.0,0.0,1000,1000,1000.0,990,990000,1040,24.22681513801217,24.303371923975646,21.73617439996451,70.26636146195233,6926.2353126192465,98
0.0003268651,1.0,0.0,1.0,1.0,1000.0,0.0,1000.0,1000.0,7.62033e-05,0.0566412,0.9968162,-0.7826777,1000.0,0.0,1000,1000,10,1.0,0.0,1.0,1.0,1000.0,0.0,1000.0,1000.0,-2.4308056e-05,0.05286446,0.9945654,-0.711164,1000.0,0.0,1000,1000,1000.0,1000,1000000,1050,24.01922380272299,26.55878448020667,21.641842893324792,72.21985117625445,6998.171095199883,99
0.0017017175,1.0,0.0,1.0,1.0,1000.0,0.0,1000.0,1000.0,-0.00012673848,0.053487927,0.9962341,-0.7856639,1000.0,0.0,1000,1000,10,1.0,0.0,1.0,1.0,1000.0,0.0,1000.0,1000.0,-8.716891e-05,0.05160791,0.9950672,-0.73905385,1000.0,0.0,1000,1000,1000.0,1010,1010000,1060,24.050854017026722,26.28232798911631,22.163859182968736,72.49704118911177,7070.700506915338,100
4.1775664e-05,1.0,0.0,1.0,1.0,1000.0,0.0,1000.0,1000.0,-5.580021e-05,0.050304852,0.99633193,-0.7591045,1000.0,0.0,1000,1000,10,1.0,0.0,1.0,1.0,1000.0,0.0,1000.0,1000.0,-4.8259764e-05,0.051770523,0.9955945,-0.7288222,1000.0,0.0,1000,1000,1000.0,1020,1020000,1070,24.436496092006564,26.321320188231766,22.181723141111434,72.93953942134976,7143.537456895225,101
8.420942e-06,1.0,0.0,1.0,1.0,1000.0,0.0,1000.0,1000.0,-4.8105474e-05,0.05277245,0.99735785,-0.79125214,1000.0,0.0,1000,1000,10,1.0,0.0,1.0,1.0,1000.0,0.0,1000.0,1000.0,-4.4365024e-05,0.05102206,0.9959257,-0.7418379,1000.0,0.0,1000,1000,1000.0,1030,1030000,1080,24.075089322403073,26.226630305871367,21.91176572535187,72.21348535362631,7213.592105782591,102
2.1596388e-05,1.0,0.0,1.0,1.0,1000.0,0.0,1000.0,1000.0,1.0859137e-05,0.053488184,0.9963206,-0.7751164,1000.0,0.0,1000,1000,10,1.0,0.0,1.0,1.0,1000.0,0.0,1000.0,1000.0,-6.5183674e-05,0.052771326,0.9950699,-0.70359176,1000.0,0.0,1000,1000,1000.0,1040,1040000,1090,24.220941560342908,24.075978101231158,21.921212413348258,70.21813207492232,7286.2014105776325,103
4.5900484e-05,1.0,0.0,1.0,1.0,1000.0,0.0,1000.0,1000.0,-0.00016020644,0.054211352,0.9971527,-0.7830972,1000.0,0.0,1000,1000,10,1.0,0.0,1.0,1.0,1000.0,0.0,1000.0,1000.0,-8.1032966e-05,0.05319436,0.995844,-0.74366796,1000.0,0.0,1000,1000,1000.0,1050,1050000,1100,24.257724525406957,26.473350672982633,21.623427822254598,72.35450302064419,7358.961203678511,104
5.7821253e-06,1.0,0.0,1.0,1.0,1000.0,0.0,1000.0,1000.0,-8.7409695e-05,0.054023273,0.9973155,-0.7800919,1000.0,0.0,1000,1000,10,1.0,0.0,1.0,1.0,1000.0,0.0,1000.0,1000.0,-7.9828256e-05,0.05261671,0.9955861,-0.75378287,1000.0,0.0,1000,1000,1000.0,1060,1060000,1110,23.05917840823531,26.889040809124708,20.66607345174998,70.61429266911,7428.466340256855,105
1.4288787e-05,1.0,0.0,1.0,1.0,1000.0,0.0,1000.0,1000.0,-0.00018376761,0.054470915,0.9966591,-0.754348,1000.0,0.0,1000,1000,10,1.0,0.0,1.0,1.0,1000.0,0.0,1000.0,1000.0,-7.234697e-05,0.053148136,0.9963416,-0.7580897,1000.0,0.0,1000,1000,1000.0,1070,1070000,1120,24.317928477190435,25.789701937697828,21.78619591984898,71.89382633473724,7500.740128196776,106
1.77226e-05,1.0,0.0,1.0,1.0,1000.0,0.0,1000.0,1000.0,-6.2804844e-05,0.05082353,0.9967604,-0.7513191,1000.0,0.0,1000,1000,10,1.0,0.0,1.0,1.0,1000.0,0.0,1000.0,1000.0,-6.9001246e-05,0.055078734,0.9967221,-0.7667451,1000.0,0.0,1000,1000,1000.0,1080,1080000,1130,24.127717080526054,26.175019779242575,21.856564982794225,72.15930184256285,7572.939618149772,107
1.7287894e-05,1.0,0.0,1.0,1.0,1000.0,0.0,1000.0,1000.0,2.4326697e-05,0.053737793,0.9966512,-0.7573631,1000.0,0.0,1000,1000,10,1.0,0.0,1.0,1.0,1000.0,0.0,1000.0,1000.0,-0.000100787154,0.05433758,0.9967361,-0.75377953,1000.0,0.0,1000,1000,1000.0,1090,1090000,1140,24.365391118451953,26.26617200113833,21.582388473674655,72.21395159326494,7645.444696573541,108
5.00146e-06,1.0,0.0,1.0,1.0,1000.0,0.0,1000.0,1000.0,-0.00015547573,0.054738905,0.9973553,-0.78439695,1000.0,0.0,1000,1000,10,1.0,0.0,1.0,1.0,1000.0,0.0,1000.0,1000.0,-2.7206504e-05,0.05366832,0.99627405,-0.7554246,1000.0,0.0,1000,1000,1000.0,1100,1100000,1150,23.933287457562983,26.605460949242115,21.83608638495207,72.37483479175717,7717.519651801325,109
3.5669884e-05,1.0,0.0,1.0,1.0,1000.0,0.0,1000.0,1000.0,-0.00014037169,0.053999826,0.9972115,-0.7957016,1000.0,0.0,1000,1000,10,1.0,0.0,1.0,1.0,1000.0,0.0,1000.0,1000.0,-4.8619724e-05,0.05587967,0.9972544,-0.79836696,1000.0,0.0,1000,1000,1000.0,1110,1110000,1160,23.809188039042056,26.35391784645617,21.059337691403925,71.22244357690215,7788.993181276135,110
3.4889858e-06,1.0,0.0,1.0,1.0,1000.0,0.0,1000.0,1000.0,-4.3018666e-05,0.05387385,0.99769264,-0.87398255,1000.0,0.0,1000,1000,10,1.0,0.0,1.0,1.0,1000.0,0.0,1000.0,1000.0,-6.475539e-05,0.05612517,0.9975013,-0.7793489,1000.0,0.0,1000,1000,1000.0,1120,1120000,1170,24.230244874954224,26.653875330463052,21.995378015562892,72.87949822098017,7861.482023409568,111
6.5557124e-06,1.0,0.0,1.0,1.0,1000.0,0.0,1000.0,1000.0,-0.0001714808,0.056360435,0.99771154,-0.8774327,1000.0,0.0,1000,1000,10,1.0,0.0,1.0,1.0,1000.0,0.0,1000.0,1000.0,-7.833798e-05,0.05516698,0.99717456,-0.7790567,1000.0,0.0,1000,1000,1000.0,1130,1130000,1180,24.341447841376066,26.310917279683053,22.180062391795218,72.83242751285434,7933.170979210176,112
5.8334754e-06,1.0,0.0,1.0,1.0,1000.0,0.0,1000.0,1000.0,1.7002105e-05,0.055415362,0.99775225,-0.81930566,1000.0,0.0,1000,1000,10,1.0,0.0,1.0,1.0,1000.0,0.0,1000.0,1000.0,-6.7960544e-05,0.05763393,0.99748546,-0.7959263,1000.0,0.0,1000,1000,1000.0,1140,1140000,1190,23.19185088481754,25.214245088398457,20.834770938381553,69.24086691159755,8003.734433296137,113
1.7435509e-06,1.0,0.0,1.0,1.0,1000.0,0.0,1000.0,1000.0,-5.207375e-05,0.056571767,0.99758995,-0.8699436,1000.0,0.0,1000,1000,10,1.0,0.0,1.0,1.0,1000.0,0.0,1000.0,1000.0,-9.5090545e-05,0.05792404,0.9976892,-0.8663247,1000.0,0.0,1000,1000,1000.0,1150,1150000,1200,24.39125406742096,26.58016189839691,21.59909469075501,72.57051065657288,8076.052413742989,114
2.4520104e-06,1.0,0.0,1.0,1.0,1000.0,0.0,1000.0,1000.0,7.1736315e-05,0.05689464,0.99790645,-0.8204963,1000.0,0.0,1000,1000,10,1.0,0.0,1.0,1.0,1000.0,0.0,1000.0,1000.0,-9.430306e-05,0.053066097,0.9964722,-0.77876705,1000.0,0.0,1000,1000,1000.0,1160,1160000,1210,24.675794696435332,26.377550158649683,21.790396043099463,72.84374089818448,8149.426320151426,115
5.0820763e-06,1.0,0.0,1.0,1.0,1000.0,0.0,1000.0,1000.0,-0.00017761183,0.057720274,0.9982144,-0.8670653,1000.0,0.0,1000,1000,10,1.0,0.0,1.0,1.0,1000.0,0.0,1000.0,1000.0,-4.8300626e-05,0.056987207,0.99775696,-0.8148892,1000.0,0.0,1000,1000,1000.0,1170,1170000,1220,24.43596193473786,26.954150339588523,22.00300361122936,73.39311588555574,8222.168132635765,116
5.6703257e-06,1.0,0.0,1.0,1.0,1000.0,0.0,1000.0,1000.0,-0.00027490873,0.058797415,0.99811417,-0.89109474,1000.0,0.0,1000,1000,10,1.0,0.0,1.0,1.0,1000.0,0.0,1000.0,1000.0,-8.8333574e-05,0.05810191,0.9979009,-0.8222462,1000.0,0.0,1000,1000,1000.0,1180,1180000,1230,24.4592592632398,26.35041526053101,21.78855964820832,72.59823417197913,8292.853215616196,117
7.706112e-06,1.0,0.0,1.0,1.0,1000.0,0.0,1000.0,1000.0,8.666698e-05,0.0577688,0.9980566,-0.90159535,1000.0,0.0,1000,1000,10,1.0,0.0,1.0,1.0,1000.0,0.0,1000.0,1000.0,-9.680765e-05,0.057865996,0.9980522,-0.853968,1000.0,0.0,1000,1000,1000.0,1190,1190000,1240,24.556184752844274,24.482206414453685,21.28572832979262,70.32411949709058,8365.186169149354,118
3.5515627e-06,1.0,0.0,1.0,1.0,1000.0,0.0,1000.0,1000.0,-0.00016026442,0.058782954,0.9984714,-0.9471489,1000.0,0.0,1000,1000,10,1.0,0.0,1.0,1.0,1000.0,0.0,1000.0,1000.0,-4.3667318e-05,0.057205122,0.9978406,-0.8328952,1000.0,0.0,1000,1000,1000.0,1200,1200000,1250,24.489406109787524,26.53402887750417,21.599378872662783,72.62281385995448,8437.807943321764,119
1.0216631e-06,1.0,0.0,1.0,1.0,1000.0,0.0,1000.0,1000.0,-3.412197e-05,0.056123316,0.9982154,-0.89571375,1000.0,0.0,1000,1000,10,1.0,0.0,1.0,1.0,1000.0,0.0,1000.0,1000.0,-6.7237954e-05,0.056085747,0.99748206,-0.80523527,1000.0,0.0,1000,1000,1000.0,1210,1210000,1260,24.167596159502864,26.592695085331798,21.509170008823276,72.26946125365794,8507.530223153532,120
6.281544e-07,1.0,0.0,1.0,1.0,1000.0,0.0,1000.0,1000.0,-0.00017503217,0.055963945,0.99802184,-0.8157714,1000.0,0.0,1000,1000,10,1.0,0.0,1.0,1.0,1000.0,0.0,1000.0,1000.0,-5.64129e-05,0.05863684,0.9981265,-0.8611217,1000.0,0.0,1000,1000,1000.0,1220,1220000,1270,24.35684321075678,24.08925443980843,21.760647806338966,70.20674545690417,8579.946767607704,121
4.9126766e-07,1.0,0.0,1.0,1.0,1000.0,0.0,1000.0,1000.0,-0.00017161675,0.06126213,0.99835247,-0.92773384,1000.0,0.0,1000,1000,10,1.0,0.0,1.0,1.0,1000.0,0.0,1000.0,1000.0,-0.00011393086,0.059970498,0.9982573,-0.9253459,1000.0,0.0,1000,1000,1000.0,1230,1230000,1280,24.461584269069135,26.347698591649532,21.936373891308904,72.74565675202757,8652.736979314126,122
1.1005928e-05,1.0,0.0,1.0,1.0,1000.0,0.0,1000.0,1000.0,-7.059169e-05,0.05656106,0.998387,-0.9324163,1000.0,0.0,1000,1000,10,1.0,0.0,1.0,1.0,1000.0,0.0,1000.0,1000.0,-0.00011204666,0.05790509,0.99814636,-0.851216,1000.0,0.0,1000,1000,1000.0,1240,1240000,1290,24.36309347487986,26.435966851189733,21.805813810788095,72.60487413685769,8725.072738897055,123
2.7649103e-06,1.0,0.0,1.0,1.0,1000.0,0.0,1000.0,1000.0,-8.4555744e-05,0.05805624,0.99854225,-0.9380638,1000.0,0.0,1000,1000,10,1.0,0.0,1.0,1.0,1000.0,0.0,1000.0,1000.0,-8.28994e-05,0.057815142,0.9979571,-0.8134482,1000.0,0.0,1000,1000,1000.0,1250,1250000,1300,24.68498722743243,26.21431144978851,21.881815537810326,72.78111421503127,8797.946439013816,124
1.1383664e-06,1.0,0.0,1.0,1.0,1000.0,0.0,1000.0,1000.0,-5.7063924e-05,0.060868587,0.9985229,-0.9538708,1000.0,0.0,1000,1000,10,1.0,0.0,1.0,1.0,1000.0,0.0,1000.0,1000.0,-8.989755e-05,0.057228032,0.9984548,-0.9242904,1000.0,0.0,1000,1000,1000.0,1260,1260000,1310,23.532759550958872,26.354841895401478,20.823809132911265,70.71141057927161,8867.80482154712,125
8.7976184e-07,1.0,0.0,1.0,1.0,1000.0,0.0,1000.0,1000.0,-0.00015837482,0.058910206,0.9986096,-0.9370927,1000.0,0.0,1000,1000,10,1.0,0.0,1.0,1.0,1000.0,0.0,1000.0,1000.0,-4.1241085e-05,0.056984313,0.99802107,-0.8280549,1000.0,0.0,1000,1000,1000.0,1270,1270000,1320,24.46544220112264,25.55298118852079,22.23800398595631,72.25642737559974,8940.493207183667,126
5.00545e-06,1.0,0.0,1.0,1.0,1000.0,0.0,1000.0,1000.0,-0.00018092501,0.06141513,0.99846333,-0.9119331,1000.0,0.0,1000,1000,10,1.0,0.0,1.0,1.0,1000.0,0.0,1000.0,1000.0,-6.8801746e-05,0.060246702,0.998727,-0.94627255,1000.0,0.0,1000,1000,1000.0,1280,1280000,1330,24.682448129169643,26.0295593990013,21.810460649430752,72.5224681776017,9013.244398557581,127
1.2617869e-06,1.0,0.0,1.0,1.0,1000.0,0.0,1000.0,1000.0,9.480679e-05,0.05884035,0.9986663,-0.9157404,1000.0,0.0,1000,1000,10,1.0,0.0,1.0,1.0,1000.0,0.0,1000.0,1000.0,-0.00012749412,0.060794678,0.9986601,-0.9413872,1000.0,0.0,1000,1000,1000.0,1290,1290000,1340,22.881320741027594,26.307906691916287,20.215478263795376,69.40470569673926,9082.432431234047,128
5.0086066e-07,1.0,0.0,1.0,1.0,1000.0,0.0,1000.0,1000.0,-1.214437e-05,0.060449317,0.9985385,-0.9416175,1000.0,0.0,1000,1000,10,1.0,0.0,1.0,1.0,1000.0,0.0,1000.0,1000.0,-5.5524684e-05,0.059798058,0.9986563,-0.9125486,1000.0,0.0,1000,1000,1000.0,1300,1300000,1350,24.16779771540314,26.13914569746703,22.003238721750677,72.31018213462085,9154.770489664748,129
2.1973385e-05,1.0,0.0,1.0,1.0,1000.0,0.0,1000.0,1000.0,-0.0001608256,0.058569547,0.9987719,-0.9383519,1000.0,0.0,1000,1000,10,1.0,0.0,1.0,1.0,1000.0,0.0,1000.0,1000.0,-0.0001144581,0.056247834,0.99824464,-0.828935,1000.0,0.0,1000,1000,1000.0,1310,1310000,1360,24.109967455267906,26.212546968832612,21.395332599058747,71.71784702315927,9226.757413433865,130
7.2388025e-06,1.0,0.0,1.0,1.0,1000.0,0.0,1000.0,1000.0,7.542441e-05,0.059984766,0.9988946,-0.94786644,1000.0,0.0,1000,1000,10,1.0,0.0,1.0,1.0,1000.0,0.0,1000.0,1000.0,-9.815129e-05,0.061084714,0.99837464,-0.8868622,1000.0,0.0,1000,1000,1000.0,1320,1320000,1370,24.531631976366043,26.532629110850394,21.800677289254963,72.8649383764714,9299.487344568595,131
1.0376348e-05,1.0,0.0,1.0,1.0,1000.0,0.0,1000.0,1000.0,-0.00018276292,0.059810184,0.9988609,-0.95391226,1000.0,0.0,1000,1000,10,1.0,0.0,1.0,1.0,1000.0,0.0,1000.0,1000.0,-2.7417922e-05,0.06164473,0.99876094,-0.95372516,1000.0,0.0,1000,1000,1000.0,1330,1330000,1380,24.24958103802055,26.439632226713,21.307173886336386,71.99638715106994,9371.38063154649,132
1.9018276e-05,1.0,0.0,1.0,1.0,1000.0,0.0,1000.0,1000.0,-0.00019049247,0.061209437,0.99876094,-0.9532327,1000.0,0.0,1000,1000,10,1.0,0.0,1.0,1.0,1000.0,0.0,1000.0,1000.0,-6.10822e-05,0.060028106,0.9984611,-0.84402406,1000.0,0.0,1000,1000,1000.0,1340,1340000,1390,23.132744658738375,26.386376469396055,20.37882268242538,69.89794381055981,9440.967224378139,133
5.134351e-06,1.0,0.0,1.0,1.0,1000.0,0.0,1000.0,1000.0,-0.00015621078,0.059329975,0.99837744,-0.89487594,1000.0,0.0,1000,1000,10,1.0,0.0,1.0,1.0,1000.0,0.0,1000.0,1000.0,-0.00012077712,0.06018145,0.9988471,-0.9604561,1000.0,0.0,1000,1000,1000.0,1350,1350000,1400,24.47867497522384,26.119955592788756,21.524826327338815,72.12345689535141,9513.004132765345,134
1.4562575e-06,1.0,0.0,1.0,1.0,1000.0,0.0,1000.0,1000.0,-0.00017908127,0.058633093,0.99871796,-0.90110165,1000.0,0.0,1000,1000,10,1.0,0.0,1.0,1.0,1000.0,0.0,1000.0,1000.0,-8.585277e-05,0.059851263,0.9985769,-0.90457904,1000.0,0.0,1000,1000,1000.0,1360,1360000,1410,24.40954543184489,26.07855213712901,21.932476897723973,72.42057446669787,9584.187296568416,135
5.053462e-07,1.0,0.0,1.0,1.0,1000.0,0.0,1000.0,1000.0,-8.7796485e-05,0.061122756,0.99890375,-0.95828575,1000.0,0.0,1000,1000,10,1.0,0.0,1.0,1.0,1000.0,0.0,1000.0,1000.0,-1.9137913e-05,0.058310986,0.9985242,-0.845104,1000.0,0.0,1000,1000,1000.0,1370,1370000,1420,23.46799543686211,24.89411477651447,20.825160518288612,69.1872707316652,9655.129491873085,136
4.771962e-06,1.0,0.0,1.0,1.0,1000.0,0.0,1000.0,1000.0,-0.00012420373,0.05794862,0.998331,-0.84409446,1000.0,0.0,1000,1000,10,1.0,0.0,1.0,1.0,1000.0,0.0,1000.0,1000.0,-0.00011861658,0.058819205,0.99827516,-0.84570444,1000.0,0.0,1000,1000,1000.0,1380,1380000,1430,24.37847065459937,26.70043026097119,22.004200046882033,73.08310096245259,9728.224815744907,137
8.264555e-06,1.0,0.0,1.0,1.0,1000.0,0.0,1000.0,1000.0,1.2368576e-05,0.06334389,0.99884313,-0.96960694,1000.0,0.0,1000,1000,10,1.0,0.0,1.0,1.0,1000.0,0.0,1000.0,1000.0,-6.136241e-05,0.059065565,0.9984315,-0.85153496,1000.0,0.0,1000,1000,1000.0,1390,1390000,1440,24.5989060504362,26.75735119264573,21.93435860518366,73.29061584826559,9801.414600279182,138
8.3468336e-08,1.0,0.0,1.0,1.0,1000.0,0.0,1000.0,1000.0,-0.00018329162,0.059147816,0.9986036,-0.9128525,1000.0,0.0,1000,1000,10,1.0,0.0,1.0,1.0,1000.0,0.0,1000.0,1000.0,-2.0218771e-05,0.058656953,0.9987843,-0.95846254,1000.0,0.0,1000,1000,1000.0,1400,1400000,1450,24.557570416480303,26.70537068322301,21.7422391269356,73.00518022663891,9874.475407834165,139
1.6341742e-06,1.0,0.0,1.0,1.0,1000.0,0.0,1000.0,1000.0,1.9517922e-05,0.06105653,0.99883944,-0.9600333,1000.0,0.0,1000,1000,10,1.0,0.0,1.0,1.0,1000.0,0.0,1000.0,1000.0,-0.0001254388,0.059609927,0.9985315,-0.8817009,1000.0,0.0,1000,1000,1000.0,1410,1410000,1460,24.121024945750833,26.806819554418325,22.071168661117554,72.99901316128671,9947.006419444457,140
2.9356947e-06,1.0,0.0,1.0,1.0,1000.0,0.0,1000.0,1000.0,-0.00013048985,0.060488854,0.99863523,-0.89706403,1000.0,0.0,1000,1000,10,1.0,0.0,1.0,1.0,1000.0,0.0,1000.0,1000.0,-7.035471e-05,0.06214729,0.99871033,-0.9368098,1000.0,0.0,1000,1000,1000.0,1420,1420000,1470,23.148696250282228,26.381659328006208,21.02574659511447,70.5561021734029,10017.302876967005,141
1.1225666e-06,1.0,0.0,1.0,1.0,1000.0,0.0,1000.0,1000.0,-4.963839e-05,0.059414502,0.9987371,-0.93342173,1000.0,0.0,1000,1000,10,1.0,0.0,1.0,1.0,1000.0,0.0,1000.0,1000.0,-4.946621e-05,0.05748976,0.9986558,-0.9059844,1000.0,0.0,1000,1000,1000.0,1430,1430000,1480,24.36782241705805,26.174437699839473,21.557694126851857,72.09995424374938,10089.364415397868,142
2.1077055e-06,1.0,0.0,1.0,1.0,1000.0,0.0,1000.0,1000.0,-5.837667e-05,0.06084675,0.99884725,-0.9715976,1000.0,0.0,1000,1000,10,1.0,0.0,1.0,1.0,1000.0,0.0,1000.0,1000.0,-5.5223012e-05,0.062570415,0.9988759,-0.9650086,1000.0,0.0,1000,1000,1000.0,1440,1440000,1490,24.12035317812115,26.17999697290361,21.67185566481203,71.97220581583679,10159.497555485927,143
1.3985223e-06,1.0,0.0,1.0,1.0,1000.0,0.0,1000.0,1000.0,2.6246428e-06,0.061880976,0.9988713,-0.9731652,1000.0,0.0,1000,1000,10,1.0,0.0,1.0,1.0,1000.0,0.0,1000.0,1000.0,-6.931715e-05,0.062521614,0.99881727,-0.972667,1000.0,0.0,1000,1000,1000.0,1450,1450000,1500,24.768614115193486,24.391045227646828,22.047363691963255,71.20702303480357,10233.34437241871,144
1.1973044e-06,1.0,0.0,1.0,1.0,1000.0,0.0,1000.0,1000.0,7.2890376e-05,0.060866296,0.9990256,-0.9779869,1000.0,0.0,1000,1000,10,1.0,0.0,1.0,1.0,1000.0,0.0,1000.0,1000.0,-0.00010011469,0.062182415,0.9988906,-0.9733708,1000.0,0.0,1000,1000,1000.0,1460,1460000,1510,24.401732724159956,27.08593967463821,21.9737885389477,73.46146093774587,10306.28120764345,145
7.793571e-06,1.0,0.0,1.0,1.0,1000.0,0.0,1000.0,1000.0,-0.000114120114,0.061938707,0.9989167,-0.97533935,1000.0,0.0,1000,1000,10,1.0,0.0,1.0,1.0,1000.0,0.0,1000.0,1000.0,-3.741762e-05,0.061271083,0.99859667,-0.9391526,1000.0,0.0,1000,1000,1000.0,1470,1470000,1520,24.501112864352763,26.60617583617568,21.758226894773543,72.86551559530199,10379.14906990435,146
2.2459208e-05,1.0,0.0,1.0,1.0,1000.0,0.0,1000.0,1000.0,-6.682596e-05,0.059736457,0.99863535,-0.9140134,1000.0,0.0,1000,1000,10,1.0,0.0,1.0,1.0,1000.0,0.0,1000.0,1000.0,-6.361144e-05,0.062424116,0.9991522,-0.9847072,1000.0,0.0,1000,1000,1000.0,1480,1480000,1530,24.28511274047196,26.656755262054503,22.12545333430171,73.06732133682817,10451.660085674375,147
4.2865686e-06,1.0,0.0,1.0,1.0,1000.0,0.0,1000.0,1000.0,-0.00014254,0.0634214,0.9991677,-0.9823577,1000.0,0.0,1000,1000,10,1.0,0.0,1.0,1.0,1000.0,0.0,1000.0,1000.0,-7.2477946e-05,0.0626714,0.9989811,-0.9761844,1000.0,0.0,1000,1000,1000.0,1490,1490000,1540,24.477917530573905,26.150087512098253,21.892167245037854,72.52017228771001,10523.002002834342,148
1.0730262e-05,1.0,0.0,1.0,1.0,1000.0,0.0,1000.0,1000.0,6.9894144e-05,0.06111918,0.9986746,-0.9564313,1000.0,0.0,1000,1000,10,1.0,0.0,1.0,1.0,1000.0,0.0,1000.0,1000.0,-8.74874e-05,0.060072448,0.9989244,-0.97174925,1000.0,0.0,1000,1000,1000.0,1500,1500000,1550,23.650887386873364,25.01926236692816,20.421594355255365,69.09174410905689,10593.585337704048,149
1.5403439e-06,1.0,0.0,1.0,1.0,1000.0,0.0,1000.0,1000.0,-0.00016860128,0.06079072,0.9988022,-0.967545,1000.0,0.0,1000,1000,10,1.0,0.0,1.0,1.0,1000.0,0.0,1000.0,1000.0,-7.370855e-05,0.05980141,0.9987277,-0.9211909,1000.0,0.0,1000,1000,1000.0,1510,1510000,1560,24.35673998389393,26.560661928728223,21.299445709213614,72.21684762183577,10665.491733783856,150
7.089317e-07,1.0,0.0,1.0,1.0,1000.0,0.0,1000.0,1000.0,-0.00017339876,0.06232603,0.9992017,-0.981803,1000.0,0.0,1000,1000,10,1.0,0.0,1.0,1.0,1000.0,0.0,1000.0,1000.0,-1.702604e-05,0.060995284,0.9989344,-0.9701813,1000.0,0.0,1000,1000,1000.0,1520,1520000,1570,23.6120204590261,26.296949600800872,20.89357214514166,70.80254220496863,10735.36145139765,151
1.2752978e-05,1.0,0.0,1.0,1.0,1000.0,0.0,1000.0,1000.0,-0.00010797846,0.06034535,0.99887776,-0.9479877,1000.0,0.0,1000,1000,10,1.0,0.0,1.0,1.0,1000.0,0.0,1000.0,1000.0,-8.185949e-05,0.06339148,0.9988712,-0.9615278,1000.0,0.0,1000,1000,1000.0,1530,1530000,1580,24.758188740350306,25.411646069027483,21.752697178162634,71.92253198754042,10808.14018215239,152
3.8975833e-07,1.0,0.0,1.0,1.0,1000.0,0.0,1000.0,1000.0,-4.544605e-05,0.061613098,0.9992335,-0.98457706,1000.0,0.0,1000,1000,10,1.0,0.0,1.0,1.0,1000.0,0.0,1000.0,1000.0,-6.08972e-05,0.06388628,0.9988802,-0.96865153,1000.0,0.0,1000,1000,1000.0,1540,1540000,1590,24.716096304357052,26.310833695344627,22.301263364963233,73.32819336466491,10881.414882976562,153
3.094619e-06,1.0,0.0,1.0,1.0,1000.0,0.0,1000.0,1000.0,5.988689e-06,0.059877984,0.9990346,-0.9711472,1000.0,0.0,1000,1000,10,1.0,0.0,1.0,1.0,1000.0,0.0,1000.0,1000.0,-7.828053e-05,0.063046515,0.99894917,-0.96483386,1000.0,0.0,1000,1000,1000.0,1550,1550000,1600,23.968917499296367,26.300723711960018,21.421196802519262,71.69083801377565,10953.461350365542,154
6.1368655e-06,1.0,0.0,1.0,1.0,1000.0,0.0,1000.0,1000.0,2.244908e-05,0.059523586,0.9987136,-0.9079909,1000.0,0.0,1000,1000,10,1.0,0.0,1.0,1.0,1000.0,0.0,1000.0,1000.0,-6.711453e-05,0.059961054,0.9989395,-0.9701217,1000.0,0.0,1000,1000,1000.0,1560,1560000,1610,24.608598159626126,26.7052018661052,22.092642229050398,73.40644225478172,11026.275530339219,155
1.0080436e-06,1.0,0.0,1.0,1.0,1000.0,0.0,1000.0,1000.0,-4.6351775e-05,0.061875142,0.9990647,-0.9716302,1000.0,0.0,1000,1000,10,1.0,0.0,1.0,1.0,1000.0,0.0,1000.0,1000.0,-6.4428124e-05,0.05997632,0.9986596,-0.8756029,1000.0,0.0,1000,1000,1000.0,1570,1570000,1620,24.510219396091998,26.159924521110952,21.842417164705694,72.51256108190864,11097.007959858514,156
1.3679456e-06,1.0,0.0,1.0,1.0,1000.0,0.0,1000.0,1000.0,7.3068322e-06,0.062200695,0.998858,-0.9398253,1000.0,0.0,1000,1000,10,1.0,0.0,1.0,1.0,1000.0,0.0,1000.0,1000.0,-6.5004555e-05,0.059394557,0.9982653,-0.8704229,1000.0,0.0,1000,1000,1000.0,1580,1580000,1630,23.926555863581598,24.427571695297956,21.620596816763282,69.97472437564284,11168.991677082144,157
1.2001344e-06,1.0,0.0,1.0,1.0,1000.0,0.0,1000.0,1000.0,-0.00018025015,0.060784973,0.9991248,-0.96714675,1000.0,0.0,1000,1000,10,1.0,0.0,1.0,1.0,1000.0,0.0,1000.0,1000.0,-9.629337e-05,0.062472515,0.9986499,-0.88011277,1000.0,0.0,1000,1000,1000.0,1590,1590000,1640,24.08983378112316,26.47776764445007,22.300406623631716,72.86800804920495,11240.835184215568,158
3.594016e-06,1.0,0.0,1.0,1.0,1000.0,0.0,1000.0,1000.0,2.3354194e-05,0.062291943,0.9991098,-0.9501796,1000.0,0.0,1000,1000,10,1.0,0.0,1.0,1.0,1000.0,0.0,1000.0,1000.0,-4.781751e-05,0.061429515,0.9989151,-0.96420634,1000.0,0.0,1000,1000,1000.0,1600,1600000,1650,23.216424816288054,25.500920296646655,20.605055641382933,69.32240075431764,11310.969401851296,159
1.350108e-05,1.0,0.0,1.0,1.0,1000.0,0.0,1000.0,1000.0,-0.00010943601,0.061828647,0.99896586,-0.942988,1000.0,0.0,1000,1000,10,1.0,0.0,1.0,1.0,1000.0,0.0,1000.0,1000.0,-0.00010051395,0.058762465,0.99819213,-0.8909436,1000.0,0.0,1000,1000,1000.0,1610,1610000,1660,24.647873639129102,26.362958362326026,21.719475594349205,72.73030759580433,11383.977034450509,160
2.0823647e-06,1.0,0.0,1.0,1.0,1000.0,0.0,1000.0,1000.0,3.403978e-05,0.059975676,0.9989349,-0.9654246,1000.0,0.0,1000,1000,10,1.0,0.0,1.0,1.0,1000.0,0.0,1000.0,1000.0,-4.36673e-05,0.061753258,0.99906284,-0.9493196,1000.0,0.0,1000,1000,1000.0,1620,1620000,1670,24.69750643707812,26.691841166466475,21.876049286685884,73.26539689023048,11457.100378053263,161
