MSE,Inverse-Dynamic-MSE,Test Rewards Mean,Test Rewards Std,Test Rewards Max,Test Rewards Min,Test Returns Mean,Test Returns Std,Test Returns Max,Test Returns Min,Test Actions Mean,Test Actions Std,Test Actions Max,Test Actions Min,Test Ep. Len. Mean,Test Ep. Len. Std,Test Ep. Len. Max,Test Ep. Len. Min,Num Paths,Exploration Rewards Mean,Exploration Rewards Std,Exploration Rewards Max,Exploration Rewards Min,Exploration Returns Mean,Exploration Returns Std,Exploration Returns Max,Exploration Returns Min,Exploration Actions Mean,Exploration Actions Std,Exploration Actions Max,Exploration Actions Min,Exploration Ep. Len. Mean,Exploration Ep. Len. Std,Exploration Ep. Len. Max,Exploration Ep. Len. Min,AverageReturn,Number of train calls total,Number of env steps total,Number of rollouts total,Train Time (s),(Previous) Eval Time (s),Sample Time (s),Epoch Time (s),Total Train Time (s),Epoch
2.454858,0.14388767,2.253252012761849,0.5751559257579929,2.9123951078363843,1.0013265266749212,231.6343069119181,1.4871434429133015,235.4876891725053,228.10192528207352,0.035813667,0.164393,0.7184472,-0.32591113,102.8,0.7203987499811191,105,101,10,0.9404160176383651,0.5688126244867444,3.708999182616466,-1.822745469826938,940.4160176383646,111.39840611059664,1144.3184369440423,839.1876345604687,0.14571422,0.59456587,1.0,-0.99969846,1000.0,0.0,1000,1000,231.6343069119181,6,10000,10,82.9241702191066,0,14.60777246276848,97.53194268187508,114.40244873496704,0
2.454858,0.0689124,2.420009578265114,0.6573964206924662,3.2642704203629007,1.002553112956718,295.41824241992435,1.3919837366374008,300.54130764734253,291.9641191168557,0.011553304,0.22759318,0.8069972,-0.7233157,122.07317073170732,0.5691347263208797,124,121,10,1.378136580404412,0.7883031276822955,3.6205984165661986,-0.49172893034814563,1378.136580404412,249.2556334170437,1875.224161572144,1140.411959917635,0.13731256,0.38423872,0.9994681,-0.9837278,1000.0,0.0,1000,1000,295.41824241992435,16,20000,20,139.46126999892294,16.87925980600994,13.725708256941289,170.06623806187417,284.53056606987957,1
2.454858,0.06764573,2.5210342760916906,0.6969491350082655,3.511514235356303,1.0027379206594538,334.329214428716,1.9113380483325977,338.2857049720424,329.0637069575167,0.008136858,0.26373896,0.78069174,-0.80846745,132.6158940397351,0.7266080786990332,134,131,10,1.2441873226858216,0.6606381672275455,3.3441427737967926,-0.36687517736202213,1244.1873226858238,138.08153699644413,1596.2510227218804,1153.3511625175743,0.071296744,0.6241074,0.99991107,-0.98213,1000.0,0.0,1000,1000,334.329214428716,26,30000,30,138.78311148507055,16.941911494010128,13.999762298190035,169.7247852772707,454.5658261923818,2
2.454858,0.057692923,2.7143036715657747,0.9046836056154514,5.079634939961051,1.0032862598556227,389.8127830035819,2.7261493694453343,397.48065941667784,384.6012009512632,0.041036684,0.40337133,0.9612908,-0.97402287,143.61428571428573,0.9226182795695729,146,142,10,1.3483073548963418,0.7590720074476107,4.799606083537874,-0.47248128697175823,1348.3073548963398,122.82523949733495,1553.3589248348123,1206.4069086293555,-0.14264603,0.76437277,0.99999714,-1.0,1000.0,0.0,1000,1000,389.8127830035819,36,40000,40,138.60309745301493,17.251700837980025,14.04459584702272,169.89939413801767,624.85846349434,3
2.454858,0.055936474,2.6950251380282855,0.8458510057449063,4.764154573647848,1.0035832476578024,401.8581928037733,12.692895987178359,421.3137128500494,370.3657206821524,0.03628302,0.39642346,0.96069103,-0.98809016,149.11111111111111,2.2760155785012213,152,143,10,1.4699496814586168,0.8834100325888242,5.462035189545957,-0.8775624518847905,1469.9496814586162,141.45613831305573,1798.9112224460132,1307.9485500266806,-0.42959574,0.6789604,0.9999991,-1.0,1000.0,0.0,1000,1000,401.8581928037733,46,50000,50,137.14574448985513,17.644388990011066,15.560269247973338,170.35040272783954,795.4122438593768,4
2.454858,0.046688303,2.853995623316057,0.9971805433750607,5.118633892865408,0.9977969163987175,438.03386261368416,9.583704238692956,447.28386569423844,394.75846335293124,0.020492606,0.41539022,0.98162305,-0.99911934,153.48091603053436,2.0945262906590845,155,144,10,1.3386645233356063,0.8342572105688547,5.1523822003523225,-1.3501678884918824,1338.6645233356032,75.20402670689715,1425.1639506582794,1157.9406016741543,-0.17234355,0.5940589,1.0,-1.0,1000.0,0.0,1000,1000,438.03386261368416,56,60000,60,135.56764955294784,17.841552280006,17.691484497860074,171.10068633081391,966.6636399524286,5
2.454858,0.038441688,2.7322379548507185,0.8690522018326862,4.843486745149851,0.9941605237533507,407.8782690211477,30.032953770089893,478.9090013900466,348.1568394123702,0.023845458,0.4440893,0.99777853,-0.9998694,149.28358208955223,6.321736890909663,167,138,10,1.3316159624007502,0.8236043454323384,5.329877788642995,-0.3564724502215611,1331.6159624007482,66.9895325814938,1426.4881626257209,1214.699893805673,-0.12751949,0.7206124,1.0,-1.0,1000.0,0.0,1000,1000,407.8782690211477,66,70000,70,134.42126730212476,18.00027478998527,18.685319769079797,171.10686186118983,1137.9862810294144,6
2.454858,0.037329044,2.7515388997418295,0.824908228681881,4.7279491976725065,0.9590015292327538,433.594866145931,73.68329947722087,620.6768300058893,360.5976516275929,-0.0105660735,0.46932295,0.9996917,-0.9998616,157.58267716535434,17.446629954515384,200,141,10,1.3551100496985913,0.8239352584975884,4.972258461897529,-0.5646411950540966,1355.1100496985937,86.97923436628095,1493.8686470864095,1229.3791454300315,-0.07576408,0.7879967,1.0,-1.0,1000.0,0.0,1000,1000,433.594866145931,76,80000,80,134.42693282524124,18.215331258950755,18.116214288864285,170.75847837305628,1309.0326388096437,7
2.454858,0.05108685,2.6184111648348933,0.7774685217887423,4.815760698592577,0.9155610864460182,365.19562385099994,32.60182986264255,441.91776746955395,314.6009540648147,0.007924682,0.4661179,0.99997646,-0.99999547,139.47222222222223,7.080827443452539,157,128,10,1.2531462090882268,0.7053977271927737,4.1432870261984736,-0.15217531076102042,1253.1462090882271,99.37889830957945,1461.6227667198575,1073.918392049168,0.069438934,0.7169125,1.0,-1.0,1000.0,0.0,1000,1000,365.19562385099994,86,90000,90,133.25450176605955,18.49641758890357,18.979454965214245,170.73037432017736,1480.1636595687596,8
2.454858,0.031028613,2.768294424726679,0.8275114570954308,5.03645399338907,0.8843066794120982,435.72521699194067,59.16922705949833,639.6253102287878,282.17234522918733,-0.020219909,0.5294522,0.9999662,-0.9999997,157.3984375,14.960019554084605,205,113,10,1.345943932016078,0.8014055910928903,5.011933270177838,-0.6187689197736652,1345.9439320160782,71.44951092952883,1448.9653905696778,1218.2291961258643,-0.0050418545,0.77135724,1.0,-1.0,1000.0,0.0,1000,1000,435.72521699194067,96,100000,100,133.14595287921838,18.90295205404982,18.882784756831825,170.93168969010003,1651.8267180408584,9
2.454858,0.027749248,2.7974869516476257,0.8246277999665459,4.814534998906983,0.8228987634707403,445.15566175027686,65.29531112731067,849.1122358833327,366.8809750815934,-0.02062409,0.5269524,0.9999878,-0.9999997,159.12698412698413,18.233052199009673,269,139,10,1.3384232487356982,0.773559026702661,4.415864675084917,-0.3114672442170784,1338.4232487357003,33.934779302996034,1404.2208956043949,1286.6098696657862,-0.042954735,0.790903,1.0,-1.0,1000.0,0.0,1000,1000,445.15566175027686,106,110000,110,132.83237774297595,19.637138614081778,19.165266082272865,171.6347824393306,1823.7191098639742,10
2.454858,0.038118035,2.746091409321683,0.835788134445019,5.1219853787613285,0.8552296688409842,417.59312772207693,14.833246835284795,473.9570001705507,375.06560970135575,-0.023782449,0.53511214,0.9999938,-1.0,152.0681818181818,4.099506958193325,169,140,10,1.37490794745244,0.841934860004746,4.592527424108803,-0.660960145385833,1374.9079474524392,31.23856075315112,1431.0901067966163,1317.4658799280066,-0.026750254,0.812681,1.0,-1.0,1000.0,0.0,1000,1000,417.59312772207693,116,120000,120,133.2170495087048,19.893419072031975,18.726750029134564,171.83721860987134,1995.9652261349838,11
2.454858,0.024793597,2.800165308237257,0.8357427716913198,4.762335070568287,0.8573030956627641,450.15457495222137,43.134003455996634,681.9093378117296,348.0418930422678,-0.03819084,0.5363419,0.99998945,-1.0,160.76,11.265806673292419,223,135,10,1.4035351579709354,0.9005553602827695,5.147121638570669,-0.5292717810535429,1403.5351579709356,40.354690994114655,1470.8387467419916,1327.4213097681845,-0.033963118,0.8085111,1.0,-1.0,1000.0,0.0,1000,1000,450.15457495222137,126,130000,130,133.32911982701626,20.302701067063026,17.84289075282868,171.47471164690796,2167.5550123368157,12
2.454858,0.02024061,2.875672163794643,0.8840999668369096,5.157512835162509,0.8545409206619357,475.6504354230246,37.8471826308506,633.7387299279176,384.2764063262081,-0.054037064,0.55505794,0.9999991,-1.0,165.40495867768595,9.574914290790202,206,143,10,1.4516098567676599,0.9410044080080198,5.005347341139423,-0.699834181772504,1451.6098567676609,120.98431044433815,1734.5083867614978,1254.0672848347015,-0.032871634,0.83667725,1.0,-1.0,1000.0,0.0,1000,1000,475.6504354230246,136,140000,140,132.02189373993315,20.419036151026376,18.99437364912592,171.43530354008544,2339.0053557279753,13
2.454858,0.026039928,2.7695860313980467,0.8838413563902701,5.142572528761004,0.8653362907153146,429.5414889619032,48.57708303920578,521.3882175042156,281.14905951787114,-0.023924628,0.5482285,0.9999878,-1.0,155.09230769230768,10.856012976755292,178,123,10,1.4407091400997083,0.9370607986244411,5.004218264770194,-0.571003340145696,1440.709140099709,67.95383894199298,1582.7252053720129,1299.0777279977235,-0.03503761,0.87693506,1.0,-1.0,1000.0,0.0,1000,1000,429.5414889619032,146,150000,150,132.45369134121574,20.426755054970272,19.069580996176228,171.95002739236224,2511.5875249642413,14
2.454858,0.023769952,2.9345585926867033,0.8701474894822175,5.255631835673425,0.8875298579656115,544.6595091704163,114.93453181187768,963.6872126211352,330.15047595135366,-0.057075884,0.5368152,0.99998856,-1.0,185.60185185185185,30.733001870595917,295,131,10,1.483262630149194,0.9549044117542375,5.206932629217482,-0.48485683896824283,1483.2626301491964,124.19006989820691,1724.254783074881,1268.7207400301213,-0.057995524,0.8804472,1.0,-1.0,1000.0,0.0,1000,1000,544.6595091704163,156,160000,160,131.4160362520488,21.06608737888746,18.944519006065093,171.42664263700135,2683.219254752388,15
2.454858,0.021090306,2.940738278390164,0.8147655648241786,5.277827691755196,0.8504444471237365,590.0591355589863,146.54322691384132,905.748483484856,382.8467069772394,-0.054865744,0.5524488,0.999999,-1.0,200.65,39.92702718710723,286,144,10,1.4712415472661071,0.9423575083998402,4.862025209755126,-0.5257702178799152,1471.2415472661096,87.29645227327048,1662.6938420753152,1371.529058260154,-0.06479543,0.8828406,1.0,-1.0,1000.0,0.0,1000,1000,590.0591355589863,166,170000,170,133.41263569903094,21.272175914025865,17.857622990035452,172.54243460309226,2856.308371535619,16
2.454858,0.017256804,3.2421667447522386,0.695165481606752,5.262965602279677,0.8537492795562601,1290.8273676900822,559.3877977121522,3454.0750099185784,397.3556226377356,-0.0504074,0.53131604,1.0,-0.99999994,398.1372549019608,155.0243522435842,979,150,10,1.8424325396607528,1.1904598384053877,5.786615010607846,-2.2833911134475784,1842.4325396607558,536.6255419703557,3395.698546255959,1349.3881046530598,-0.06709678,0.82878584,1.0,-1.0,1000.0,0.0,1000,1000,1290.8273676900822,176,180000,180,133.6342535468284,21.820330671966076,16.39125977177173,171.8458439905662,3028.2596878841287,17
2.454858,0.01651388,3.207218864473153,0.7681256142455166,5.27841634684823,0.8649093599015981,1021.0481931818827,402.52218909076663,2939.862163024489,649.8056032321388,-0.046509404,0.53172815,0.99999994,-1.0,318.359375,110.89569524832501,843,217,10,1.8868667916573358,1.2097409438517608,5.870490418111053,-2.1579395691565786,1886.8667916573413,220.70719695750861,2282.6686773454135,1472.6348564304135,-0.08835467,0.8298317,1.0,-1.0,1000.0,0.0,1000,1000,1021.0481931818827,186,190000,190,132.55100893811323,21.924559309962206,18.550054950872436,173.02562319894787,3201.927569483989,18
2.454858,0.018144175,3.1698939057347713,0.8571916702709597,5.63861193575088,0.8824349850616606,807.7611926119833,358.0149818877168,3434.463589782439,106.30589247078821,-0.05043173,0.56029665,1.0,-1.0,254.8227848101266,100.47390989436026,1000,57,10,2.2111867909141854,1.3118272415607775,6.698130227937075,-2.5520394934102333,2211.1867909141847,601.2423657172118,3307.6907331013867,1404.0543235673017,-0.11471296,0.7619905,1.0,-1.0,1000.0,0.0,1000,1000,807.7611926119833,196,200000,200,131.9314492837293,22.56779009103775,18.748316797078587,173.24755617184564,3375.4581612607,19
2.454858,0.01606702,3.3897457149383574,0.6308541100928913,5.113279112940723,0.8598084748768823,2017.2974940018448,1077.2986087540555,3520.6444439516486,678.2428827451545,-0.043469,0.5194817,0.99999976,-0.9999992,595.1176470588235,298.68572552058424,1000,223,10,2.503724098717823,1.2860730853171534,5.462446822772995,-2.6167067220636255,2503.724098717824,885.6926327039818,3526.2771653073123,1435.8720369433772,-0.07147851,0.7015051,1.0,-1.0,1000.0,0.0,1000,1000,2017.2974940018448,206,210000,210,132.28313421388157,22.851172416936606,17.82347434083931,172.95778097165748,3548.9447705674684,20
2.454858,0.017060488,3.379707643747493,0.617764269473135,5.074870103976954,0.8677565956000551,2121.5346618251297,1144.2446202718804,3519.0155026282905,457.424700071115,-0.04519911,0.5275689,0.99999994,-1.0,627.7272727272727,317.01469927943197,1000,165,10,2.3218526773058588,1.364319341715027,7.072425439941478,-1.7910551931150909,2321.8526773058597,603.7629733828496,3530.8175259475474,1600.9186470559362,-0.13336846,0.74907285,1.0,-1.0,1000.0,0.0,1000,1000,2121.5346618251297,216,220000,220,133.19445302896202,23.374440219951794,16.222179630305618,172.79107287921943,3722.525453067734,21
2.454858,0.013377631,3.139818083562166,0.7698589539912191,5.897072166814145,0.8642252229375712,899.3146555960592,712.108648570921,3465.688864015685,279.69315604052775,-0.049912125,0.5735094,0.99999994,-1.0,286.4225352112676,196.94559640385077,1000,120,10,2.2788047894609527,1.3106462954704334,6.416017832476608,-2.510660746535857,2278.8047894609576,700.1815008623993,3467.700925661,1444.8966384487308,-0.16056518,0.75411093,1.0,-1.0,1000.0,0.0,1000,1000,899.3146555960592,226,230000,230,132.06981626700144,24.164213630952872,17.535830375738442,173.76986027369276,3896.184234535205,22
2.454858,0.013641963,3.2593195013482714,0.727989100377455,5.521234638699838,0.8637410361632568,1223.6330416821017,837.4093662374988,3496.99852740141,95.9371361658154,-0.031120691,0.5495226,0.99999994,-0.9999996,375.4259259259259,234.025054202564,1000,52,10,2.214908283127482,1.3030637812189592,6.400109280766506,-2.603132030948222,2214.9082831274727,743.5940287993845,3449.629833395965,1411.5287640600807,-0.19186372,0.77695084,1.0,-1.0,1000.0,0.0,1000,1000,1223.6330416821017,236,240000,240,131.72185478906613,24.060291082016192,17.692945321905427,173.47509119298775,4069.9024552692426,23
2.454858,0.028334592,3.2914663583634205,0.6958799731720776,5.34342464225258,0.8870699939480571,1437.6004554145597,1057.3694913481884,3517.1156856006596,97.9752819467193,-0.047505476,0.5466609,1.0,-1.0,436.7659574468085,293.3235242951618,1000,53,10,1.8904491268656152,1.2489973765753,6.440131070201799,-2.621138923994881,1890.4491268656152,387.5755162923649,2478.4221611668318,1248.9952069551061,-0.24361677,0.8141127,1.0,-1.0,1000.0,0.0,1000,1000,1437.6004554145597,246,250000,250,132.4089725910453,24.30386893695686,17.137345208902843,173.85018673690502,4243.924115770264,24
2.454858,0.035540562,3.2665813198223903,0.7221217965087839,5.286352876433012,0.8773568356706701,1298.6902517787998,995.9219026988904,3563.3292540865395,383.5998946483675,-0.029879436,0.55962235,1.0,-1.0,397.5686274509804,276.34719955526543,1000,152,10,1.852112947375386,1.244648287785078,6.39175555341266,-2.6806950405401633,1852.1129473753815,553.8226260049779,3452.0273997999084,1403.8968701274357,-0.24741378,0.82571524,1.0,-1.0,1000.0,0.0,1000,1000,1298.6902517787998,256,260000,260,132.4591543179704,24.475764352013357,16.76018892985303,173.69510759983677,4417.173298065085,25
2.454858,0.023420576,3.1458444799889147,0.7680592178546226,5.68435667663201,0.861138685743286,929.7358310931943,575.4618167375114,3534.886275319456,424.54509730220946,-0.03900262,0.5717157,1.0,-1.0,295.54411764705884,157.78311937439813,1000,160,10,2.4053525473856237,1.3190063682164197,7.041830792102496,-2.6655831279234468,2405.352547385618,881.8992285634619,3501.1675443661848,1576.2386682806139,-0.18042992,0.7486548,1.0,-1.0,1000.0,0.0,1000,1000,929.7358310931943,266,270000,270,131.92460720671806,24.03218870202545,17.619784169015475,173.576580077759,4590.494619353907,26
2.454858,0.016432114,3.3151407520684226,0.6679814960992275,5.216498989748065,0.860364855002891,1626.036110343804,955.8839439486482,3505.2635595507954,83.01944879089248,-0.02995129,0.5541409,1.0,-1.0,490.4878048780488,268.8568502918235,1000,47,10,1.5643125688398667,1.1047808834933854,6.041041183741932,-1.9004274795403497,1564.3125688398632,69.21969169766022,1748.4251130597422,1487.0123949603546,-0.28386572,0.8655771,1.0,-1.0,1000.0,0.0,1000,1000,1626.036110343804,276,280000,280,131.46260636020452,23.77790848503355,17.97672674129717,173.21724158653524,4763.842552067246,27
2.454858,0.016842933,3.153898263790249,0.7911179804501385,6.038502492167801,0.8685262268821595,931.7255392623254,634.972151885579,3514.7352907648165,80.34009010233213,-0.0394584,0.5799199,0.99999994,-1.0,295.42028985507244,175.16116022706032,995,46,10,2.0808825358965404,1.3045928395087352,7.216079659329495,-1.1803053054912984,2080.8825358965405,663.9210360551484,3490.1930985581494,1542.9909448697651,-0.2300113,0.800668,1.0,-1.0,1000.0,0.0,1000,1000,931.7255392623254,286,290000,290,132.09469063719735,23.909682379919104,17.944537361036055,173.9489103781525,4938.29619123158,28
2.454858,0.02174313,3.268452896058029,0.7512779104037526,6.270328953513845,0.8593807384890153,1172.399787943903,812.6411635820501,3531.8581180322103,354.028064456649,-0.041238748,0.5734595,1.0,-1.0,358.70175438596493,222.04503770373242,1000,140,10,1.7410137518902216,1.2289096141651377,7.16677912794686,-2.671857391880165,1741.0137518902297,244.02521205868052,2363.5341493284895,1576.5706099938404,-0.2776455,0.8318877,1.0,-1.0,1000.0,0.0,1000,1000,1172.399787943903,296,300000,300,132.6634451689897,24.417465475969948,18.37976621510461,175.46067686006427,5114.322056938661,29
2.454858,0.01729681,3.3388300929108397,0.6524548189393011,5.070072955234207,0.8625888134183138,1798.0478689823005,857.5447574428189,3521.8516624768317,662.5413472779909,-0.030767411,0.5650636,1.0,-1.0,538.5263157894736,237.83615953248872,1000,223,10,2.23006587700062,1.292763452010565,6.5901814669567855,-1.9623410072446017,2230.065877000627,718.088748003302,3518.8409862174,1344.8533582556963,-0.20285913,0.7896724,1.0,-1.0,1000.0,0.0,1000,1000,1798.0478689823005,306,310000,310,131.7068046850618,24.981288239941932,18.199001505039632,174.88709443004336,5289.331099164789,30
2.454858,0.014438487,3.213046164254781,0.778115182346078,5.295633365625617,0.8632109765857038,1006.7879340307092,626.0924396908365,3492.6867282589096,331.38055459692737,-0.040117353,0.58239824,1.0,-0.99999994,313.34375,171.62870705665034,1000,134,10,1.9558399768657386,1.2842276915429658,7.396629276242602,-2.5251342523138467,1955.8399768657496,604.0217310406173,3475.443491461012,1201.5720370414515,-0.23455346,0.8158554,1.0,-1.0,1000.0,0.0,1000,1000,1006.7879340307092,316,320000,320,134.76021591213066,25.103472111048177,16.110240565030836,175.97392858820967,5464.1970677160425,31
2.454858,0.020740103,3.2311250436684027,0.7521384074932022,5.261080229030598,0.9052300889749182,1114.2367585933055,797.4736265204277,3509.7880735797376,86.20710173245824,-0.036226522,0.58084464,1.0,-1.0,344.8448275862069,219.39751371647372,1000,49,10,1.9269962054028689,1.2828247355695872,7.083122686671151,-2.205790485845042,1926.9962054028776,626.9550647825279,3452.6780833783328,1343.0358334429513,-0.24854709,0.82862365,1.0,-1.0,1000.0,0.0,1000,1000,1114.2367585933055,326,330000,330,131.38723391015083,23.997150638955645,17.741750480025075,173.12613502913155,5637.400654611294,32
2.454858,0.014790138,3.173004497352738,0.7819405190479184,5.400820505665848,0.8738573541542816,942.9889395147276,610.9175650303919,3495.693844450325,101.78066404371567,-0.03381277,0.5887709,1.0,-0.99999994,297.19117647058823,169.14510454853124,1000,55,10,1.8781218418365555,1.2215818235231397,6.623139750492198,-2.3270630433660804,1878.1218418365593,632.8892712583001,3537.6965432421957,1250.1036021426598,-0.25022602,0.81722647,1.0,-1.0,1000.0,0.0,1000,1000,942.9889395147276,336,340000,340,132.85242639004719,24.074821460060775,18.043427456985228,174.9706753070932,5812.437473404454,33
2.454858,0.014331491,3.2729285773725416,0.7112604231482776,5.216565176805252,0.870016868352762,1322.3940624016013,982.1907556844418,3521.978622155829,173.20090986691474,-0.037923895,0.5807874,1.0,-1.0,404.04,273.8294330418116,1000,81,10,1.8277990965170847,1.1908384296275665,7.533208679048916,-0.6370470122145533,1827.799096517092,371.1668842430934,2807.5222474299853,1566.942545676343,-0.24553291,0.83952034,1.0,-1.0,1000.0,0.0,1000,1000,1322.3940624016013,346,350000,350,132.25638985692058,24.141394695965573,18.1118040519068,174.50958860479295,5986.957742408384,34
2.454858,0.014294725,3.2736728779336532,0.7196877911902393,5.273287422738794,0.8810391778937819,1366.8266280555908,1004.3833546953725,3510.9193209237947,242.31150820393557,-0.019515892,0.5963241,1.0,-1.0,417.5208333333333,277.75206191728904,1000,107,10,1.810083750816123,1.208891292167036,6.24750995224395,-1.6929167624827608,1810.083750816127,536.3024838775127,3386.295706871973,1336.3220332408218,-0.25169533,0.8427697,1.0,-1.0,1000.0,0.0,1000,1000,1366.8266280555908,356,360000,360,133.4028120408766,24.153067453065887,17.904720501974225,175.4605999959167,6162.421881270013,35
2.454858,0.017683085,3.222189970179835,0.7739014850288619,5.934328185594968,0.880851900012476,1047.4715943382998,561.5497638369136,2785.3270238045097,93.50234187233366,-0.034289848,0.59152275,1.0,-1.0,325.0806451612903,157.7521840130085,801,52,10,1.8973499435722547,1.2623957540205615,7.287602984655447,-1.9581947549970737,1897.3499435722485,469.6113377654727,3071.954230093905,1522.5266356907482,-0.25370574,0.822783,1.0,-1.0,1000.0,0.0,1000,1000,1047.4715943382998,366,370000,370,131.17110770114232,24.158936267951503,17.78960440319497,173.1196483722888,6335.468931706157,36
2.454858,0.013253742,3.1378164763294674,0.7778897970591349,5.276517230176238,0.8705970265939824,900.0602432602769,591.6517443433878,3496.3969207017426,338.3793655088275,-0.032687053,0.6000723,1.0,-1.0,286.84285714285716,164.62846791785313,1000,126,10,1.7786183334770387,1.211830106979832,8.033910767256987,0.12414361391392971,1778.6183334770387,213.47757809101765,2192.086843264349,1545.7686758516418,-0.25294814,0.85761654,1.0,-1.0,1000.0,0.0,1000,1000,900.0602432602769,376,380000,380,130.54475610191002,24.086353627964854,17.952317707356997,172.58342743723188,6508.022536879289,37
2.454858,0.012576405,3.2061838853594202,0.7240153368794233,5.436932172926081,0.8718727053855684,1176.2614261596798,810.4100107457787,3529.9428191867496,97.59293280987708,-0.023914654,0.60436785,1.0,-1.0,366.8727272727273,227.0919761238488,1000,54,10,2.064062509569779,1.292687957066109,7.121889460485544,-2.2206579955219645,2064.062509569786,616.9612236030047,3340.9137204148888,1429.9764607060833,-0.22586276,0.8169936,1.0,-1.0,1000.0,0.0,1000,1000,1176.2614261596798,386,390000,390,130.93152464879677,24.056923554977402,18.241868278128095,173.23031648190226,6681.558075348381,38
2.454858,0.015353624,3.174058449558782,0.7790834530624071,5.291444079924393,0.8663174274527446,944.5624527245809,712.4368423027967,3477.2549243647127,96.42951288164208,-0.025439326,0.6002495,1.0,-1.0,297.5882352941176,196.40446227814726,1000,53,10,1.6876371253019489,1.206358962724782,7.819437646456292,-2.192045739085911,1687.6371253019297,304.62555296833693,2492.5983821697655,1364.3762881377668,-0.28598627,0.85814965,1.0,-1.0,1000.0,0.0,1000,1000,944.5624527245809,396,400000,400,130.33197738102172,24.36293617100455,18.185164885944687,172.88007843797095,6854.468074935256,39
2.454858,0.0138234645,3.212643894446377,0.7782089635596258,5.937639866340651,0.8831318120627045,1020.4478884407374,644.4630491589893,3496.187446662676,100.81474282598315,-0.037350334,0.601416,1.0,-1.0,317.63492063492066,177.7273908186803,1000,55,10,2.2633436361766215,1.3255437492631232,7.047511539693798,-1.5970409370986163,2263.343636176633,780.2216374973561,3602.7669481355606,1341.8559619074813,-0.19794013,0.79332644,1.0,-1.0,1000.0,0.0,1000,1000,1020.4478884407374,406,410000,410,132.30635609000456,24.39481478498783,18.42136512917932,175.1225360041717,7029.271946249763,40
2.454858,0.020050265,3.2181653252492075,0.7479060681004418,5.114260009509411,0.8767508097012547,1111.2657781739847,801.6152764693678,3547.503938293532,93.37974815398186,-0.028668901,0.6038535,1.0,-1.0,345.3103448275862,223.5546841145053,1000,52,10,1.9059548069120253,1.3200537739622051,8.26868895821314,-2.562414292907633,1905.9548069120178,673.9522620910329,3495.0900475632507,1250.015549607063,-0.25571546,0.82944745,1.0,-1.0,1000.0,0.0,1000,1000,1111.2657781739847,416,420000,420,130.11924031795934,24.077038145042025,17.866076529724523,172.0623549927259,7201.341508240439,41
2.454858,0.018287748,3.18198538178342,0.776207354584147,6.010010074225895,0.8816397001990107,964.5215092334251,686.4290704465429,3501.9321623755163,98.4272557487648,-0.038331404,0.6037888,1.0,-1.0,303.1194029850746,190.04960251094698,1000,54,10,1.6702417280432496,1.1492381908241098,7.188221295988702,-1.6356598723328122,1670.241728043245,149.67874960361678,1899.8742659046302,1393.607362993496,-0.23690458,0.87902445,1.0,-1.0,1000.0,0.0,1000,1000,964.5215092334251,426,430000,430,131.68418042897247,24.083220083033666,17.63309031224344,173.40049082424957,7375.270429387689,42
2.454858,0.016469426,3.1334022793942715,0.7656283831045367,5.261491594722404,0.8653223410988629,911.2297121496441,629.7298742980399,3520.035634239827,92.75244924903613,-0.028629038,0.6185591,1.0,-1.0,290.81159420289856,175.8690451017312,1000,51,10,1.9017453728120968,1.2328328328138893,6.057071958195015,0.5285040213851661,1901.745372812077,627.5313119923292,3470.7936639677823,1287.947886750329,-0.22954506,0.8524276,1.0,-1.0,1000.0,0.0,1000,1000,911.2297121496441,436,440000,440,132.64472559222486,24.612685183994472,16.972646013949998,174.23005679016933,7548.960209901794,43
2.454858,0.017909162,3.1206148133948237,0.7875500625114947,5.219023877793771,0.8743402920585795,835.7006470271339,537.4662850826509,2751.4299749657816,94.51500828988995,-0.029983183,0.6021955,1.0,-1.0,267.8,148.97095913857393,788,52,10,2.1040442225178984,1.2932655320721202,6.9276246889507815,-1.1936963781304224,2104.044222517914,783.9424012591209,3525.4828424862517,1341.4855352875918,-0.21313897,0.8163714,1.0,-1.0,1000.0,0.0,1000,1000,835.7006470271339,446,450000,450,130.68147025699727,24.07402064104099,17.419229048886336,172.1747199469246,7721.187084751786,44
2.454858,0.016965529,3.2607364409170825,0.7264480003360607,5.07174726464466,0.8777606554690371,1232.2564546258318,889.6179186468387,3541.409339789823,94.17206563737803,-0.033157818,0.59722,1.0,-1.0,377.9074074074074,245.74974236213606,1000,52,10,1.880370598086323,1.201137136555513,7.302859210185817,-0.09419995813530338,1880.3705980863433,523.475947134427,3320.2693025453445,1306.2603675151604,-0.2663205,0.8425172,1.0,-1.0,1000.0,0.0,1000,1000,1232.2564546258318,456,460000,460,131.10965801076964,24.126450438052416,17.856609375798143,173.0927178246202,7894.613590852474,45
2.454858,0.0130325705,3.180012146783566,0.770207278168271,5.36811736454183,0.8764350036475111,973.1800809202193,679.1245640041094,3517.738256060756,105.22847357482657,-0.03384074,0.6067428,1.0,-1.0,306.030303030303,185.81181174714555,1000,57,10,1.881924059126571,1.2306180550327543,7.562633410081983,0.04874008935777211,1881.9240591265793,541.0383343921591,3438.4425871007243,1501.7904307085998,-0.2849049,0.8404355,1.0,-1.0,1000.0,0.0,1000,1000,973.1800809202193,466,470000,470,131.1482596467249,24.46132835804019,18.078782290918753,173.68837029568385,8068.189813942183,46
2.454858,0.01736267,3.138038910069307,0.8125489247288766,5.496252837275076,0.8611496404320665,816.9763608561207,633.1459772042502,3512.178727369928,75.75866064039546,-0.019499883,0.6096778,1.0,-1.0,260.34615384615387,175.0730123825322,999,44,10,1.7646396047843511,1.313908585962561,7.640144557212155,-2.3407525031370886,1764.6396047843416,695.2079923090979,3247.4138342178576,604.121342716108,-0.2594318,0.85268813,1.0,-1.0,1000.0,0.0,1000,1000,816.9763608561207,476,480000,480,130.5480658491142,24.350487941061147,18.00218556507025,172.9007393552456,8241.20905211859,47
2.454858,0.012532326,3.0850419352898615,0.7823892700069618,5.542204729886834,0.8625186180553576,802.671819890871,630.5392816292821,3506.0719321057563,96.05111360348664,-0.01968947,0.6205753,1.0,-1.0,260.1818181818182,176.6929780738055,1000,52,10,2.0805015343122717,1.2663930187595889,7.593911687937134,0.04759944592216096,2080.501534312281,620.1685774960904,3490.6662463999996,1404.0228629625121,-0.2114563,0.82994306,1.0,-1.0,1000.0,0.0,1000,1000,802.671819890871,486,490000,490,131.98514272621833,24.469266748055816,17.025453112088144,173.4798625863623,8414.056050000712,48
2.454858,0.013042989,3.0895504019415636,0.8194133313746665,5.579759672350617,0.8701526255712506,756.7137838121264,461.48052334009367,3269.5662726486653,85.55464358441398,-0.022452572,0.6260495,1.0,-1.0,244.9268292682927,126.83595901676527,932,48,10,1.7846237534297267,1.1921074076322797,7.458353837139249,0.7867146581299076,1784.623753429721,501.8372822347718,3241.4771585705817,1358.6533083388097,-0.23656638,0.8765711,1.0,-1.0,1000.0,0.0,1000,1000,756.7137838121264,496,500000,500,132.24084423540626,23.836753596900962,17.026236553909257,173.10383438621648,8587.625218581758,49
2.454858,0.018230624,3.1171774084778523,0.796354745237,5.339722043926414,0.8661164775275106,833.5332390269778,699.4252333564353,3544.9976249719416,56.29170250427747,-0.023016745,0.61928934,1.0,-1.0,267.4,193.23622848731029,1000,34,10,1.6842409501316553,1.168847028436244,7.808737219918685,0.43328736189665257,1684.240950131652,190.93095191262032,2225.988491832498,1519.8775475223713,-0.25781792,0.88083977,1.0,-1.0,1000.0,0.0,1000,1000,833.5332390269778,506,510000,510,132.74897376913577,24.304898925940506,16.912223995197564,173.96609669027384,8761.24741526309,50
2.454858,0.01856896,2.9400128686019453,0.849180941211051,5.3229726396778885,0.8459831163002388,538.4232657998745,388.9647603091399,2295.631297410648,59.45566962590358,-0.0026973996,0.62596565,1.0,-1.0,183.13636363636363,111.06922307304389,657,36,10,2.1961453636791184,1.2926234894948399,7.831168506953064,0.23656564741283043,2196.1453636791093,632.8431306656984,3307.6193233266736,1466.6497340217477,-0.188039,0.8276572,1.0,-1.0,1000.0,0.0,1000,1000,538.4232657998745,516,520000,520,131.67685497400817,23.960154636995867,17.53604358690791,173.17305319791194,8934.253700340749,51
2.454858,0.009728083,2.9415409321636874,0.8353592691151337,5.53350425099047,0.8567977889661481,570.7155089346046,320.38177346475146,2135.4128872485035,78.94679343011107,-0.015278095,0.6390424,1.0,-1.0,194.01923076923077,89.40841691246355,621,45,10,1.7246883718838326,1.154594013217459,7.37388636613154,-1.2919845927109244,1724.6883718838267,223.52033515214487,2083.634042618252,1439.2249628731065,-0.25520205,0.8763485,1.0,-1.0,1000.0,0.0,1000,1000,570.7155089346046,526,530000,530,130.86280056391843,23.793464191025123,17.95114627282601,172.60741102776956,9106.870901476475,52
2.454858,0.01614758,3.1563192795537707,0.7870653509852419,5.828792645498424,0.8624625825967107,906.269445710732,691.6377685215289,3141.0149572374785,91.4959720842883,-0.026033718,0.62656236,1.0,-1.0,287.12857142857143,190.82661699852576,899,51,10,1.7305962263036534,1.1746174482526817,7.434266939552599,0.6560921819909034,1730.5962263036479,408.8177522792356,2891.5389310273963,1381.074688180499,-0.25382525,0.8761596,1.0,-1.0,1000.0,0.0,1000,1000,906.269445710732,536,540000,540,131.54281923314556,23.804101985995658,17.685316595132463,173.03223781427369,9279.800639151013,53
2.454858,0.017464623,3.12540341078823,0.79637410992853,5.310669938550083,0.8530891648827472,824.7363868862888,744.0311097108815,3553.1878442819943,90.42505456118442,-0.022325914,0.62043816,1.0,-1.0,263.88157894736844,207.787718540953,1000,50,10,1.6729876876399619,1.120566930542909,7.544560640832339,0.6383358384812557,1672.9876876399762,272.1614250043118,2448.3672267302195,1435.5194333459613,-0.30346036,0.8696935,1.0,-1.0,1000.0,0.0,1000,1000,824.7363868862888,546,550000,550,130.90637580887415,23.70234856195748,17.44684936699923,172.05557373783085,9451.96507296979,54
2.454858,0.011921113,3.105835114648044,0.8029159116843619,5.550379002731714,0.8643158986192467,812.276721282887,647.948119674963,3543.4055325581176,77.57286567047048,-0.018824017,0.6398209,1.0,-1.0,261.53246753246754,179.9895079493062,1000,44,10,1.7016185648048725,1.1440460894809052,6.530387537359931,0.09174550883444035,1701.6185648048856,401.9706117547874,2818.247464688361,1361.7560097730177,-0.25159007,0.88001347,1.0,-1.0,1000.0,0.0,1000,1000,812.276721282887,556,560000,560,131.16195072804112,23.81197582592722,17.594314986956306,172.56824154092465,9624.511052613729,55
2.454858,0.009712243,3.074540545626835,0.8015975131543048,5.493249510207815,0.8489684472658674,772.7857661433051,582.0467622771594,3476.211042422628,94.28896206377408,-0.018382255,0.636862,1.0,-1.0,251.35,161.00567536580814,1000,52,10,1.9619613874098507,1.2640187289174434,7.285560958616185,0.6391657438045296,1961.9613874098382,370.39414383310566,2860.8186069066223,1444.1622845745298,-0.22621322,0.8521262,1.0,-1.0,1000.0,0.0,1000,1000,772.7857661433051,566,570000,570,131.28559758211486,23.792126068961807,17.667331043747254,172.74505469482392,9797.260301866452,56
2.454858,0.012896152,2.9794172815984883,0.8122475926515423,5.2126170410344,0.8742676097699374,638.8631354031822,399.45403046263675,2663.4387711916897,79.29319042577914,-0.014973966,0.6354779,1.0,-1.0,214.4255319148936,113.0425912354618,797,45,10,1.8696998429125968,1.2148015052305188,6.118996008882412,0.2874285804619173,1869.6998429125892,683.0525465641671,3297.133590789713,1279.8569332147335,-0.22068796,0.85523134,1.0,-1.0,1000.0,0.0,1000,1000,638.8631354031822,576,580000,580,131.21347946091555,23.795743837952614,17.89477723510936,172.90400053397752,9970.145977947395,57
2.454858,0.010721873,2.9883631562838047,0.837294814777077,5.372288239558358,0.8519897201276697,608.0866240741135,486.87873154463017,3513.12613697322,86.73047985266578,-0.00912714,0.6407784,1.0,-1.0,203.4848484848485,136.80158629510052,1000,48,10,1.5595029688581683,1.0484103313065771,7.100311247597665,-0.21959778576246725,1559.5029688581778,152.02672807695828,1849.727198538891,1363.8500246662813,-0.25848305,0.8938753,1.0,-1.0,1000.0,0.0,1000,1000,608.0866240741135,586,590000,590,130.74641390901525,23.778284984990023,17.738442946691066,172.26314184069633,10142.52347261901,58
2.454858,0.013045298,2.9895582086221584,0.8172650655247315,5.478126908942183,0.8662990618173387,665.4756572392926,444.68038494582305,2794.13998257961,72.05103200978556,-0.027760558,0.6505051,1.0,-1.0,222.6,122.07391203692949,787,43,10,2.08630028064843,1.2948511334855304,7.560912456259868,0.3323154047263141,2086.300280648423,682.0097420662293,3520.5211738722955,1369.8229853872247,-0.21524782,0.8318681,1.0,-1.0,1000.0,0.0,1000,1000,665.4756572392926,596,600000,600,131.68354640819598,23.89454000699334,18.03595699730795,173.61404341249727,10315.940971850534,59
2.454858,0.014218148,3.131334224960108,0.7977943524197346,5.416400596460343,0.8599183404536974,824.1589276562769,642.7424142262524,3008.196813428027,51.454509530327734,-0.026605038,0.62574697,1.0,-1.0,263.19736842105266,178.65329697318936,851,31,10,1.5707746852604687,1.0605261884589023,7.889808986228016,0.09664658827728001,1570.7746852604726,149.32961663833413,1752.4776833571013,1338.8723921643204,-0.22554852,0.8748014,1.0,-1.0,1000.0,0.0,1000,1000,824.1589276562769,606,610000,610,131.5865107321879,23.697593013988808,17.854494206956588,173.13859795313329,10489.522411519778,60
2.454858,0.015546984,3.0287537054511047,0.8172127513411733,5.620131321351501,0.8619934647918802,685.893605992888,507.82605527362466,3199.774937790954,90.00044511031658,-0.016723268,0.63327134,1.0,-1.0,226.46067415730337,142.16188400013155,925,50,10,1.9146369583492975,1.2233948825562724,7.089571093708254,-1.1422197967418333,1914.6369583492929,569.3142621562347,3056.15212027767,1441.2600095806392,-0.18146981,0.83133334,1.0,-1.0,1000.0,0.0,1000,1000,685.893605992888,616,620000,620,131.87799087003805,24.141434171935543,17.41463130072225,173.43405634269584,10662.717280835495,61
2.454858,0.01870498,2.9502627119301748,0.8362315205348652,5.9518555383109755,0.8896120790503835,594.2124128098563,486.6775384375463,3532.7423398477467,96.58464949767338,-0.008681269,0.6359588,1.0,-1.0,201.41,134.70902679479204,1000,53,10,1.7107594929943999,1.1512703011784908,8.377552120573245,0.24966196019420636,1710.759492994397,377.9299533031487,2639.1417804066564,1251.8953612421478,-0.14764448,0.8235203,1.0,-1.0,1000.0,0.0,1000,1000,594.2124128098563,626,630000,630,132.98264806088991,23.90466615301557,17.307299235020764,174.19461344892625,10836.770950344508,62
2.454858,0.012891607,3.0939252138392783,0.8050782173201925,5.733621216813486,0.8784998399561187,791.1832553162164,572.7162874812349,3188.778044960741,98.08596361783972,-0.02272676,0.6355764,1.0,-1.0,255.72151898734177,157.3049877060049,904,53,10,1.540991227125129,1.0487947846945962,7.017368059341474,-1.0778434175553302,1540.9912271251408,151.42801342238096,1783.3722774561672,1227.4809119125318,-0.16287035,0.84103227,1.0,-1.0,1000.0,0.0,1000,1000,791.1832553162164,636,640000,640,131.3209757511504,23.76349180401303,17.78250138706062,172.86696894222405,11009.777985084453,63
2.454858,0.018972239,3.021741177152475,0.8211920594541436,5.411260233471762,0.8439645375250406,673.6804079951601,297.36629244657775,1668.3228273535838,92.50388872847586,-0.018067988,0.6421132,1.0,-1.0,222.94444444444446,83.96406124197968,510,51,10,1.7622398303688533,1.2214287920535123,7.46021525669058,0.24698654323591032,1762.2398303688574,420.78800683053083,3006.1450578048457,1444.278967967893,-0.1301772,0.81831384,1.0,-1.0,1000.0,0.0,1000,1000,673.6804079951601,646,650000,650,131.21979924908374,23.9038909469964,18.14292212703731,173.26661232311744,11182.812735722633,64
2.454858,0.018499058,3.128029666143992,0.7710344275001805,4.971244464797193,0.846039788277146,889.7744659928767,812.898582124583,3471.494604836085,80.98939522845966,-0.017824063,0.6272045,1.0,-1.0,284.45205479452056,228.0177258848435,1000,46,10,1.6774374808740828,1.174941651600599,6.731412375804965,-1.9936719255773017,1677.43748087409,344.1146155874322,2627.0698312570444,1332.4497114920548,-0.09276887,0.80480087,1.0,-1.0,1000.0,0.0,1000,1000,889.7744659928767,656,660000,660,130.8941750972299,23.67317650001496,18.133236533030868,172.70058813027572,11356.293914945796,65
2.454858,0.019005653,2.8068455793482183,0.877820664597833,5.223866415699275,0.8546985100317835,419.6961841831343,283.17671385822484,1494.6133604793208,79.4283362439503,0.02397981,0.6421043,1.0,-1.0,149.52592592592592,82.23136552432115,448,45,10,1.8036948591168418,1.2205520916207953,7.1893806890999965,-0.4565837237284149,1803.6948591168384,593.4068742776542,3533.972691966587,1386.234060737554,-0.02654623,0.7791007,1.0,-1.0,1000.0,0.0,1000,1000,419.6961841831343,666,670000,670,132.33754949329887,24.452892521047033,17.917042114771903,174.7074841291178,11530.43497404072,66
2.454858,0.028240178,3.0067888176038853,0.8254554818559866,5.386500815899384,0.8493044394247176,650.4686475416405,320.23797886454724,1826.7139939726856,88.81284283464201,-0.0098420745,0.6414624,1.0,-1.0,216.33333333333334,91.73059354498201,557,50,10,1.4682946257608025,1.0128174510860286,7.6135046426460145,0.2968769929179382,1468.2946257607987,195.41379350849047,1829.1686991010306,1202.8522076701602,-0.009210033,0.810423,1.0,-1.0,1000.0,0.0,1000,1000,650.4686475416405,676,680000,680,131.49855807679705,23.8897765110014,17.77359234308824,173.1619269308867,11703.451940240688,67
2.454858,0.022230025,3.051776276735778,0.7931418905876382,5.168453184691542,0.8697320998224887,770.7260986896207,515.8357662530608,2788.3691632783944,50.754832401710736,-0.016635025,0.63806206,1.0,-1.0,252.55,143.24776612568868,816,31,10,1.816482941441381,1.2744618830377001,7.226112768473821,-0.10249632905475814,1816.4829414413798,598.0209311421982,3460.5090241334924,1352.7901553357815,-0.009007229,0.7898137,1.0,-1.0,1000.0,0.0,1000,1000,770.7260986896207,686,690000,690,130.87839500396512,23.745399235980585,17.693345460807905,172.31713970075361,11875.942008703365,68
2.454858,0.02197321,3.054261285165254,0.8190980077647247,5.62244731600039,0.8481753813332465,712.4503278292375,567.5431239282825,2949.439844603774,53.86604263357961,-0.017027855,0.6423747,1.0,-1.0,233.26436781609195,158.76885966496383,837,33,10,1.5343218357243198,1.1683323383967241,8.034732258625695,-0.09482938851009101,1534.321835724321,193.58210489533647,1920.5483623391337,1281.5669008986758,-0.072279766,0.8282721,1.0,-1.0,1000.0,0.0,1000,1000,712.4503278292375,696,700000,700,130.93101936217863,23.920103019918315,17.85704137024004,172.708163752337,12048.768527841778,69
2.454858,0.020743785,3.0068948407142897,0.8284985331090589,5.527583291747231,0.8814322496091985,659.588530222338,436.08925514715554,2596.6709151829396,57.61563909228453,-0.017054003,0.63897216,1.0,-1.0,219.3586956521739,120.54834692406513,752,35,10,1.6368979007451283,1.1836887800663167,6.694654292551923,-0.23221727185183985,1636.8979007451273,336.86677194632705,2322.9492934818495,1159.818737617658,-0.08665934,0.8235422,1.0,-1.0,1000.0,0.0,1000,1000,659.588530222338,706,710000,710,132.28120658593252,24.038926637964323,17.63565042288974,173.95578364678659,12222.665467683692,70
2.454858,0.022063168,3.0795323246920345,0.7898816396927918,5.1355040667432545,0.8579678252802966,812.0645699888563,634.1324213765516,3551.446763986093,93.40336489780434,-0.008652484,0.6496286,1.0,-1.0,263.69736842105266,174.2187085652038,1000,51,10,1.8482654407723582,1.2626626767361455,7.152083030444208,-0.9456630075274491,1848.2654407723603,587.9602929676951,3188.5530040079007,1298.722285139411,-0.027101027,0.8090837,1.0,-1.0,1000.0,0.0,1000,1000,812.0645699888563,716,720000,720,131.8268551940564,23.98062014300376,17.646676062140614,173.45415139920078,12395.937611780828,71
2.454858,0.018339224,3.0059044326758415,0.820633869466239,5.161721447078558,0.8482335607374162,660.8365283528888,535.4754494566629,3068.945787961988,59.902850912806855,-0.012163748,0.64487374,1.0,-1.0,219.84615384615384,149.22104873745528,863,36,10,1.6430382112634527,1.2427854967093492,6.678263476102982,-1.141636177562844,1643.038211263453,462.61756385188687,2672.15863080527,1077.9706543037341,-0.010123293,0.82717884,1.0,-1.0,1000.0,0.0,1000,1000,660.8365283528888,726,730000,730,132.0198052941123,23.799959327094257,17.878097871667705,173.69786249287426,12569.460644817795,72
2.454858,0.011244095,3.0048418773148713,0.8406127394228105,5.180437561201715,0.8694172850987695,631.2045968534552,458.54051519899554,2206.1866252180444,83.35386734935653,-0.008901478,0.6366987,1.0,-1.0,210.0625,128.09882354553457,645,48,10,1.4838331855238083,1.1540476869493181,7.57262099538922,-0.25585188303897594,1483.8331855238084,124.03588547965234,1639.4186068635738,1272.3098016369183,-0.0100061605,0.8346331,1.0,-1.0,1000.0,0.0,1000,1000,631.2045968534552,736,740000,740,132.2263744691154,23.636931447079405,17.333667961298488,173.1969738774933,12742.731985958177,73
2.454858,0.034323424,2.9467394962581253,0.8573007800501994,5.417693123495732,0.8600436688026255,553.4913121102411,407.327410735414,2301.3328303692438,81.35092465406883,-0.00023811945,0.6431969,1.0,-1.0,187.83177570093457,114.58315235403913,666,46,10,1.7448224383887279,1.263906481412402,7.9698722517500284,0.25465057132012475,1744.8224383887277,462.8810775203038,3052.9209637019144,1306.3033103905336,-0.025692122,0.8108249,1.0,-1.0,1000.0,0.0,1000,1000,553.4913121102411,746,750000,750,131.6136426590383,23.701701309066266,17.249466004315764,172.56480997242033,12915.0376158508,74
2.454858,0.012616204,2.957543964052092,0.8360923242201421,5.4320237333043515,0.8471348020671867,588.024161803268,414.20277140650313,2833.1736024790935,93.34672444399219,-0.015638057,0.657168,1.0,-1.0,198.82178217821783,115.07779512780607,832,51,10,1.5268538164367118,1.177869357893575,7.65889448098142,-0.2715975448409706,1526.8538164367121,298.1102219148624,2210.1989129727885,1189.5302289800575,-0.010236994,0.8233349,1.0,-1.0,1000.0,0.0,1000,1000,588.024161803268,756,760000,760,131.51192596787587,23.43490621901583,17.233809973928146,172.18064216081984,13087.401796311606,75
2.454858,0.020382816,3.034937154734502,0.8199683082927003,5.5570553576059964,0.8592941713801027,706.8612823722435,589.0030633329486,3530.0151541073487,80.62523434177699,-0.013558076,0.63956314,1.0,-1.0,232.90804597701148,162.6220236589756,1000,46,10,1.7813991873611117,1.3460562682418495,7.2719203426425425,-2.2749163804803,1781.3991873611194,650.6703045891568,3552.693980656763,1180.6728843305048,-0.16589163,0.8289767,1.0,-1.0,1000.0,0.0,1000,1000,706.8612823722435,766,770000,770,132.11876840912737,23.617860281956382,17.202941514202394,172.93957020528615,13260.354870898882,76
2.454858,0.029657662,3.0896598626278196,0.8155694532496203,5.162430509455925,0.8529494874564898,763.0696981712288,536.1930643011723,3262.1284779886746,74.49048217174507,-0.011049978,0.6376139,1.0,-1.0,246.97530864197532,148.24462393671922,921,44,10,1.820334170751483,1.300588946906559,7.03645646159959,0.10400226045552215,1820.3341707514828,736.1204956102639,3307.1012406709096,1233.0309943757009,-0.009060911,0.8096196,1.0,-1.0,1000.0,0.0,1000,1000,763.0696981712288,776,780000,780,132.09507507295348,23.632474041893147,17.61493686202448,173.3424859768711,13433.684720625635,77
2.454858,0.016898775,3.085903100095297,0.8103533367798328,5.492495181639044,0.8565808120535795,755.7451958062653,669.8407221562996,3519.212517578015,84.62950304359117,-0.015464113,0.6278155,1.0,-1.0,244.90243902439025,185.99872867098284,1000,48,10,1.4670886937565173,1.1108160150177198,6.823576742898659,0.05856887233898739,1467.0886937565174,259.75315637286934,2204.3107373321805,1212.2454944552817,-0.003253666,0.83342606,1.0,-1.0,1000.0,0.0,1000,1000,755.7451958062653,786,790000,790,131.47489280684385,23.62154784204904,17.707904156763107,172.804344805656,13606.335434238426,78
2.454858,0.027049381,2.9598453073147972,0.8570063243845373,5.305813187124946,0.8571593309329723,552.6140812656997,439.39325254940735,2220.6873740366054,60.836219079861024,-0.0015418591,0.6399412,1.0,-1.0,186.7037037037037,124.41159729638606,645,37,10,1.7142383873601865,1.2119391954581322,7.918633418956241,-0.9277536439569948,1714.238387360186,589.9720020723929,3417.3248418167173,1321.5117254301906,-0.008628951,0.82875514,1.0,-1.0,1000.0,0.0,1000,1000,552.6140812656997,796,800000,800,131.34608796902467,23.46905339800287,17.977335631963797,172.79247699899133,13779.300354476436,79
2.454858,0.02091228,3.043019870138833,0.8190698200849676,5.488915175936986,0.8542264625519456,698.5459590531201,473.66916032483766,2820.8751119201893,92.80111924993409,-0.010088219,0.63767034,1.0,-1.0,229.5568181818182,133.3281033215825,822,51,10,1.6463936711872178,1.2757225585554226,7.621226237549657,-2.12926479919554,1646.3936711872193,355.06129289351856,2336.890084678018,1123.3403261347319,-0.069592714,0.8302617,1.0,-1.0,1000.0,0.0,1000,1000,698.5459590531201,806,810000,810,131.8149114958942,23.642867680056952,17.669098992133513,173.12687816808466,13952.784360954654,80
2.454858,0.014480395,2.944398242672765,0.8522831978895458,5.429824567855465,0.8499978355363321,546.513029376095,383.28210361611275,2094.6616559140834,83.39152758195621,0.0005375904,0.64554054,1.0,-1.0,185.61111111111111,108.42276935026263,616,47,10,1.7342683353284454,1.2885475583271255,7.938541833883184,-2.0520539977444665,1734.2683353284442,367.9003563224221,2765.977093973949,1451.3859231911788,-0.06854881,0.82967126,1.0,-1.0,1000.0,0.0,1000,1000,546.513029376095,816,820000,820,132.44350817089435,24.002285402966663,16.690381247084588,173.1361748209456,14125.347345835413,81
2.454858,0.016692514,3.001006254979252,0.8372332763013655,5.440345353139876,0.8611863091784437,619.8160753840654,540.1105244059287,3500.495472949498,86.23668806349329,0.004734425,0.64304996,1.0,-1.0,206.53608247422682,151.4433691479419,1000,48,10,1.7454694496598007,1.2167821133492809,7.104737499889355,0.07258972164441763,1745.4694496598008,616.3904700810211,3513.2922273597565,1317.026160522679,-0.0014023801,0.828829,1.0,-1.0,1000.0,0.0,1000,1000,619.8160753840654,826,830000,830,133.214761715848,23.432006474002264,15.738319396041334,172.3850875858916,14297.827013919363,82
2.454858,0.024620896,3.008091942640531,0.8462624757717687,5.190369597508099,0.8633345714587352,626.8424928387898,471.92148403867543,2347.4626563738,59.3513323608737,-0.005383908,0.64022326,1.0,-1.0,208.38541666666666,131.84660988181074,674,36,10,1.4525147981960178,1.039147396456456,6.144502718684915,-0.7161561864699477,1452.514798196023,128.54022586699372,1662.5251048771313,1279.5300848080328,-0.055072643,0.86817104,1.0,-1.0,1000.0,0.0,1000,1000,626.8424928387898,836,840000,840,133.64446690271143,23.527320935041644,15.13309791102074,172.3048857487738,14469.96620839904,83
2.454858,0.020921528,2.9383942319172753,0.8412597728024164,5.077664345059053,0.8595025890838561,566.3754882020548,320.06260454655194,2008.727804340606,52.650890114543536,-0.018906785,0.65368307,1.0,-1.0,192.75,89.46741456659385,586,32,10,1.6824380692672356,1.1821375098497944,6.9682483928489045,-0.6059851931978063,1682.438069267236,181.21272035127296,1952.6605780371633,1380.1595167614107,-0.0033531145,0.8368719,1.0,-1.0,1000.0,0.0,1000,1000,566.3754882020548,846,850000,850,134.14166787371505,23.362290631979704,15.601862077019177,173.10582058271393,14643.188564489712,84
2.454858,0.02436687,3.0581934329120304,0.8236983717249702,5.1115835277490005,0.8576054610259845,711.5396720575324,647.8828492274605,3506.426443218499,68.51808097380376,-0.020906141,0.6397181,1.0,-1.0,232.66666666666666,178.90321448553325,1000,40,10,1.6020173797523762,1.1226096599658317,6.264056515325274,0.014727981967799153,1602.0173797523767,224.34454016182767,1928.318882814349,1187.0353255444654,-0.0037531443,0.8469823,1.0,-1.0,1000.0,0.0,1000,1000,711.5396720575324,856,860000,860,134.5121415448375,23.510620353976265,16.190568836289458,174.21333073510323,14818.391311809886,85
2.454858,0.02241651,3.023520578718075,0.8029541263500353,5.399247901250656,0.8569778221735076,700.4836871797876,475.74754809952,2396.7428435597153,85.22186691963978,-0.004415389,0.63599634,1.0,-1.0,231.67816091954023,134.75738047327903,695,48,10,1.7851090476186147,1.2599738862238739,6.94216022542596,-0.282691236564915,1785.109047618615,328.9332056908052,2249.299671572474,1303.7315954851836,-0.00011248906,0.8236736,1.0,-1.0,1000.0,0.0,1000,1000,700.4836871797876,866,870000,870,134.0177137781866,24.47061126504559,16.169152735034004,174.65747777826618,14991.891073354986,86
2.454858,0.02093185,3.015767144146062,0.8285948010160091,5.252700186978134,0.8534635007310479,644.3796073422731,426.63253151472384,2161.2911813022038,84.63442538554492,-0.000467235,0.62710994,1.0,-1.0,213.67021276595744,120.8710750026455,627,48,10,1.5960649587867524,1.17060908050021,7.542389510509314,-0.18857276615904733,1596.0649587867522,195.0806677641995,1856.031264533115,1245.9490070367424,0.0101186605,0.84436524,1.0,-1.0,1000.0,0.0,1000,1000,644.3796073422731,876,880000,880,132.8622844190104,23.305076787946746,16.563417700468563,172.7307789074257,15164.523314294405,87
2.454858,0.013730605,3.0436108228430756,0.8213005032470415,5.309472991192408,0.8622033887408427,707.2022159054344,584.3626453142709,3037.474678176885,86.46060840665739,-0.011046183,0.6384231,1.0,-1.0,232.35632183908046,161.97090536319257,868,49,10,1.461122002293794,1.0847087848940167,7.412005081649938,-0.29047890660772757,1461.1220022937941,181.44464399712007,1745.6152580502871,1229.9649517036673,0.025254766,0.83733857,1.0,-1.0,1000.0,0.0,1000,1000,707.2022159054344,886,890000,890,133.9452433589613,23.206718379049562,17.8160022579832,174.96796399599407,15339.422633907408,88
2.454858,0.014552343,3.077514712872491,0.8155474228396448,5.166326696403757,0.8602621284138435,739.9431551408835,574.1460891498657,2421.030418734921,83.32045765018486,-0.008461909,0.63132864,1.0,-1.0,240.43529411764706,160.77323797337326,702,48,10,1.5630092552337544,1.153801739127804,6.823499525802831,-0.1547977135349149,1563.009255233755,293.51711737525034,2016.9205119113956,1177.7816123903308,0.015646266,0.8302261,1.0,-1.0,1000.0,0.0,1000,1000,739.9431551408835,896,900000,900,135.55193529999815,23.139879797003232,17.47585845005233,176.1676735470537,15516.170115360641,89
2.454858,0.022331739,3.0200355184625454,0.8448815081334926,5.5321692584171425,0.8388890561887168,622.8669173384181,336.6613788743714,1994.4613158606023,81.38802710665634,-0.009612293,0.64148563,1.0,-1.0,206.24489795918367,94.62234939263251,577,46,10,1.7340910477083358,1.2073674865495874,6.452316902948759,-0.5409263270246704,1734.0910477083412,523.6219787734244,3035.3647781269324,1223.525165211109,-0.12804322,0.84060186,1.0,-1.0,1000.0,0.0,1000,1000,622.8669173384181,906,910000,910,134.98466704424936,23.70952423196286,16.852330787922256,175.54652206413448,15691.22484625585,90
2.454858,0.015065061,3.04513078466986,0.8147027981142169,5.00263859642639,0.8485950167167362,694.3590264225614,647.6623908983422,3509.696627195465,81.63690572968783,-0.006232531,0.6376746,1.0,-1.0,228.02272727272728,181.07783216521256,1000,46,10,1.8653083578932577,1.2261962200347525,7.935633934814625,-0.4042754776735495,1865.3083578932572,363.3653788383386,2805.931425763335,1513.1861159963605,-0.003239615,0.83269,1.0,-1.0,1000.0,0.0,1000,1000,694.3590264225614,916,920000,920,134.2850640892284,23.209120654966682,16.191282711923122,173.6854674561182,15864.977218384854,91
2.454858,0.026110126,2.918949066238073,0.8518407220080029,5.577341231220086,0.8659411906018876,535.4944741516756,341.03041297199024,1723.9189468230672,84.80886004557634,0.0024509758,0.6415337,1.0,-1.0,183.45454545454547,97.29455150246655,510,48,10,1.6505777523392178,1.1090259910519624,7.52904476967972,-1.505813763975925,1650.5777523392178,174.72894874005038,1878.1325224928512,1395.9213730962401,0.006135917,0.86631376,1.0,-1.0,1000.0,0.0,1000,1000,535.4944741516756,926,930000,930,132.52342375495937,23.27537146699615,17.107220014207996,172.9060152361635,16037.809158805176,92
2.454858,0.019096347,2.9236486639004204,0.8409514271735805,5.055764583653891,0.8573371459706673,550.3563681147874,361.9628481357988,1857.9621643745204,81.96162435301918,-0.00016486265,0.6426224,1.0,-1.0,188.2429906542056,103.3633316932051,561,47,10,1.8284369974347525,1.1274697276076926,7.153186286573413,-0.14677270002795825,1828.4369974347514,147.70259007010574,2111.248128828962,1587.1060304002328,-0.0022264314,0.8541351,1.0,-1.0,1000.0,0.0,1000,1000,550.3563681147874,936,940000,940,131.23104904906359,23.20373903005384,18.102961360826157,172.53774943994358,16210.180950980983,93
2.454858,0.010535582,2.9871272987035127,0.8748074335176209,5.704886645865623,0.8587027609473061,557.348168483097,471.0383566144576,2609.406012899645,80.93394299387839,-0.00044334703,0.63826114,1.0,-1.0,186.58333333333334,132.76002612622912,748,46,10,1.6529190488847707,1.1443994429874107,7.670245561651164,0.16969731501099075,1652.9190488847712,330.04953080233145,2405.6166864727825,1228.412459237112,0.017125307,0.8471151,1.0,-1.0,1000.0,0.0,1000,1000,557.348168483097,946,950000,950,131.7290564753348,23.037343157920986,18.01501169090625,172.78141132416204,16383.09780332516,94
2.454858,0.016942792,3.0933690605733863,0.8119428275361691,5.388347904752035,0.8543429492489439,766.7736296073142,671.0057735168193,3556.9082765564835,94.12100053844185,-0.01197351,0.6317933,1.0,-1.0,247.87654320987653,185.16888405620017,1000,52,10,1.837663026507292,1.1931674188483963,6.700114064971516,-0.4247702492127733,1837.663026507294,190.57893709842452,2220.0780310130954,1502.063667505651,-0.06353994,0.8484304,1.0,-1.0,1000.0,0.0,1000,1000,766.7736296073142,956,960000,960,131.61158506583888,23.17425294406712,17.538918074104004,172.32475608401,16555.223549039452,95
2.454858,0.012360395,2.6473794516201843,0.8303231723144576,5.19646791101827,0.8824620099116133,353.3462613771735,237.07547597985564,1270.2405400630605,50.88604169709321,0.031254094,0.6651747,1.0,-1.0,133.47019867549668,69.42381673765931,393,31,10,1.7576351156432246,1.1937286682146557,7.2362103604298476,-0.05319971567889927,1757.6351156432247,434.9205477960722,2785.328223154129,1333.9596960472138,0.014035571,0.8369424,1.0,-1.0,1000.0,0.0,1000,1000,353.3462613771735,966,970000,970,131.44806837185752,22.97670427709818,17.598590394249186,172.02336304320488,16727.359177579754,96
2.454858,0.03215213,3.0261844541656693,0.8353677987517644,5.58990808001686,0.8498570913749856,631.3608913252173,570.9736013538507,3470.661866922911,81.63632907171474,-0.0007831917,0.6420754,1.0,-1.0,208.6326530612245,161.4269524416351,1000,46,10,1.6205168640863432,1.1859267837602463,8.476267061958229,-0.22522172287339398,1620.5168640863442,353.535034411942,2574.9057971009197,1298.4473658993556,0.033193752,0.84189713,1.0,-1.0,1000.0,0.0,1000,1000,631.3608913252173,976,980000,980,132.25700575718656,23.090751318028197,18.049106946098618,173.39686402131338,16901.114522450953,97
2.454858,0.017753214,3.016520502225097,0.8282253346704895,5.0793707689516205,0.851024751154696,661.7983675751235,520.7638837876812,3481.5387599980727,76.42276218841234,-0.007745277,0.6421941,1.0,-1.0,219.3913043478261,144.23907965006805,1000,45,10,1.62381333463559,1.1993069172333768,8.013179108530252,0.0014230350521611682,1623.81333463559,396.90867358521007,2621.436534616673,1105.8258669957597,0.036853407,0.8423967,1.0,-1.0,1000.0,0.0,1000,1000,661.7983675751235,986,990000,990,131.4531843281584,23.45334091701079,18.60592003283091,173.5124452780001,17074.592955456,98
2.454858,0.01784821,2.906328938968677,0.8467935994631539,5.525882938572794,0.8516683197119636,523.087310283309,295.18627956666273,1598.9427850671798,76.75097117605098,-0.0040031862,0.66074777,1.0,-1.0,179.98214285714286,83.11738495117883,476,44,10,1.695768815866807,1.2554118767747986,6.525542834938406,0.016549189755789038,1695.7688158668068,545.383675385266,3285.407802283051,1308.2628891756874,0.025058044,0.8315498,1.0,-1.0,1000.0,0.0,1000,1000,523.087310283309,996,1000000,1000,131.9019036637619,23.41882667702157,18.056359929963946,173.37709027074743,17247.806830422604,99
2.454858,0.02130453,2.9296908611806844,0.8358994355403812,5.30877471248732,0.8538492721387989,545.6006693604362,403.3036632374209,2949.781028691877,76.07767273799598,0.0006212097,0.643322,1.0,-1.0,186.2314814814815,113.99265785985237,839,44,10,1.5041028583092833,1.1160152695047831,6.3610568648861685,-1.2378727522844422,1504.1028583092825,228.91515428123532,1866.6068692820136,1279.1372415996495,0.032540504,0.8498445,1.0,-1.0,1000.0,0.0,1000,1000,545.6006693604362,1006,1010000,1010,131.41823335399386,23.256699913996272,17.903416381101124,172.57834964909125,17420.27793037158,100
2.454858,0.014408482,2.996466763698444,0.8405791867165149,5.384877407914793,0.8659682865113097,626.8546043266236,491.48367748980064,3470.286205641373,76.49069048626741,-0.0072318753,0.6438609,1.0,-1.0,209.19791666666666,136.93760895261653,1000,44,10,1.418444543233726,1.083118400533842,7.504847516454112,0.08192955910575352,1418.4445432337284,171.78519898265276,1792.559405875761,1206.8359284038966,-0.007018157,0.86175656,1.0,-1.0,1000.0,0.0,1000,1000,626.8546043266236,1016,1020000,1020,132.33835250488482,23.151208024006337,18.057638794067316,173.54719932295848,17593.543217819533,101
2.454858,0.028441055,2.9078751174866464,0.870303572770924,5.197627650830221,0.849530191857602,488.61994890833944,419.1308158645342,2614.7262165428087,78.35795426533362,0.0066090995,0.64275444,1.0,-1.0,168.03333333333333,119.5478937032723,760,45,10,1.4946084827261708,1.1185749829963174,7.268381928617573,-0.5893051340531984,1494.60848272617,213.5777182493144,1815.6972988979835,1224.3187243033776,0.05583632,0.8477067,1.0,-1.0,1000.0,0.0,1000,1000,488.61994890833944,1026,1030000,1030,132.21870951587334,22.87116857303772,17.646368946880102,172.73624703579117,17766.31656060624,102
2.454858,0.02612399,2.9594229624196657,0.8415976377676663,5.245561464794057,0.8616322335536588,585.4144814974666,541.6934632782146,3075.166561599183,84.57413396268782,0.00083699636,0.6416824,1.0,-1.0,197.81372549019608,150.95212397703966,884,47,10,1.4015345322030028,1.0917364190203287,6.899741222573282,-0.45383219979125944,1401.534532203006,176.9318895402355,1813.1767904020735,1099.0544720444664,0.023206836,0.8457038,1.0,-1.0,1000.0,0.0,1000,1000,585.4144814974666,1036,1040000,1040,132.03631861822214,22.909333538031206,18.09912479913328,173.04477695538662,17939.53457995958,103
2.454858,0.035368547,2.979724084060123,0.8439930156248155,5.439594482368627,0.8587299275293065,603.2285867952828,384.3277226671581,2037.9329626524072,80.17664780285918,-0.013787025,0.64553434,1.0,-1.0,202.44444444444446,107.79987277425658,599,46,10,1.5186765154894788,1.1995647119886341,7.362070125663674,0.010953005377624607,1518.6765154894788,268.77012866281046,2129.282581745781,1090.31066588452,0.04946923,0.84013325,1.0,-1.0,1000.0,0.0,1000,1000,603.2285867952828,1046,1050000,1050,132.53016468591522,23.0840309150517,17.33314447698649,172.9473400779534,18112.117521670647,104
2.454858,0.023871321,3.0133442243360813,0.8623188541935215,5.248014197558017,0.8540531835124587,609.9739217746977,369.4972151109445,2491.4140010611736,84.03546655994809,-0.0029165521,0.6551414,1.0,-1.0,202.42424242424244,102.7954810653483,708,47,10,1.612376816281532,1.165162864824555,7.66644064162886,-0.07736083261860068,1612.3768162815322,161.01954401470402,1804.5439644635924,1216.1294883688295,0.05412973,0.83034235,1.0,-1.0,1000.0,0.0,1000,1000,609.9739217746977,1056,1060000,1060,132.76836266403552,22.721114487969317,17.42568721214775,172.9151643641526,18285.250539396657,105
2.454858,0.015422965,2.9167738055613452,0.8550516980453327,5.063392942143923,0.8658165951121951,530.9579415781309,435.5775230155918,2069.7607509650666,57.926509304130384,0.011858831,0.6404607,1.0,-1.0,182.03603603603602,122.4124565238968,610,35,10,1.54837971486982,1.2283830687988861,7.228534443899345,-0.44306907487089175,1548.37971486982,369.2025996859634,2463.274699900533,1166.590141959939,0.06497565,0.8246844,1.0,-1.0,1000.0,0.0,1000,1000,530.9579415781309,1066,1070000,1070,131.96507568238303,22.940194998984225,18.589573426754214,173.49484410812147,18459.138630456873,106
2.454858,0.02278186,3.0237219048081947,0.8378010105658023,5.391135672715504,0.8643706028885465,651.2056562516486,530.1015751493985,3507.7266597065927,76.06680001183105,-0.0045036026,0.6423805,1.0,-1.0,215.36559139784947,147.46866151110225,1000,44,10,1.823328267655093,1.344776097920153,7.2164120277668795,-0.06961116976323167,1823.3282676550934,604.0817505472173,3536.3153517660176,1218.8755972684528,0.060051158,0.8043015,1.0,-1.0,1000.0,0.0,1000,1000,651.2056562516486,1076,1080000,1080,132.1040439180797,23.334708578069694,17.89842941297684,173.33718190912623,18632.32265190885,107
2.454858,0.016576428,3.0165726632660714,0.8280446275092432,5.013699362331316,0.8511518210353433,653.7204887684345,511.0623046441821,2470.956606355529,86.28333406781354,-0.00905668,0.6446208,1.0,-1.0,216.70967741935485,142.5844085524835,730,48,10,1.3697775257869087,1.1364527946077603,6.92705257434609,-0.06568873798640322,1369.7775257869082,182.07313381832702,1663.6579371327853,1096.9917722563885,0.08559025,0.82926464,1.0,-1.0,1000.0,0.0,1000,1000,653.7204887684345,1086,1090000,1090,133.30708236177452,23.188652668963186,16.58576958521735,173.08150461595505,18805.204433420906,108
2.454858,0.018632267,2.9387168065305698,0.8532859851201963,5.153012090935938,0.8640087034232458,539.241053646036,350.34515124502315,1655.4288139006765,82.7616102277933,-0.0071220365,0.65261924,1.0,-1.0,183.4954128440367,99.80426935153056,494,47,10,1.7174206218276857,1.244677999826815,7.392448904831458,-0.5019952609007321,1717.4206218276856,391.791954704687,2693.659822707554,1300.7235600462209,0.043235224,0.82554716,1.0,-1.0,1000.0,0.0,1000,1000,539.241053646036,1096,1100000,1100,133.09432737901807,22.99136179802008,18.359020730131306,174.44470990716945,18979.362971827155,109
2.454858,0.018208817,2.7756722444569695,0.8508851158951727,5.821912450927458,0.8500048981169345,419.0643669970817,318.51797458514693,2052.1230810614784,52.82536793756188,0.028716628,0.66118765,1.0,-1.0,150.97761194029852,91.65057477715968,621,32,10,1.7331026807021546,1.257127577106601,7.203192992626702,-0.3752797150453809,1733.1026807021549,654.4424714283813,3481.552017324302,1150.2772841845995,0.052158993,0.7994616,1.0,-1.0,1000.0,0.0,1000,1000,419.0643669970817,1106,1110000,1110,132.9997169508133,22.71334753697738,18.43972492904868,174.15278941683937,19153.685569800902,110
2.454858,0.010680441,2.9457122014311383,0.8389690121443261,5.0743087996739895,0.8631807834880406,592.5005521958592,447.40375718712374,2258.8110114052733,77.49742561741661,-0.008619565,0.6431545,1.0,-1.0,201.14,123.3768227828874,650,45,10,1.58926198347116,1.190257106575673,6.919793896593582,-0.387678980608101,1589.26198347116,239.08201070045772,1916.3038028418348,1243.5529485502313,0.043975748,0.84419584,1.0,-1.0,1000.0,0.0,1000,1000,592.5005521958592,1116,1120000,1120,131.18553006800357,22.889774615992792,18.346085316850804,172.42139000084717,19326.31819820893,111
2.454858,0.025532998,2.8253632268946203,0.889418027289515,5.256917266539794,0.8505133913109924,415.640015297652,349.42601941896504,2000.7223411200714,81.3002453892234,0.024407146,0.6465234,1.0,-1.0,147.11029411764707,100.06142766219082,582,46,10,1.6348756393349293,1.1529273949393173,6.649530158091085,-0.2256663974814698,1634.875639334929,261.9142421575405,2038.9559948559518,1278.479408589764,0.051961638,0.82885784,1.0,-1.0,1000.0,0.0,1000,1000,415.640015297652,1126,1130000,1130,130.8840312161483,23.11035657301545,18.457924035959877,172.45231182512362,19498.454048380372,112
2.454858,0.011361435,2.909889146624899,0.8480878057364184,5.153278758971883,0.855892643778133,522.1432337475053,412.24562733087157,2838.3423666711255,73.46268052303739,-0.0030142704,0.6486893,1.0,-1.0,179.4375,117.0493471369173,834,43,10,1.855051500865951,1.2798212465538217,6.694887665166101,0.029595253167956484,1855.0515008659509,670.3107903403693,3535.8470340074873,1343.349103873995,-0.010430926,0.81416786,1.0,-1.0,1000.0,0.0,1000,1000,522.1432337475053,1136,1140000,1140,132.76041279605124,22.800319025991485,17.555508936871774,173.1162407589145,19671.801380209043,113
2.454858,0.022569273,2.901801252865121,0.8713318068561046,5.322799528127,0.8521522527347265,493.20867344915916,295.6395707042109,1433.9125725429049,84.76649442025277,0.0112505285,0.6528132,1.0,-1.0,169.96638655462183,83.9636708928341,425,47,10,1.474116436868756,1.0625459705976592,7.164454406752945,-1.3650060781306033,1474.1164368687591,132.04336517851644,1707.3143413630369,1302.1212015013227,-0.023736857,0.8489583,1.0,-1.0,1000.0,0.0,1000,1000,493.20867344915916,1146,1150000,1150,132.65746981673874,23.03838124196045,16.56087692291476,172.25672798161395,19844.200697479886,114
2.454858,0.030227033,2.983171170664401,0.8331888077405823,6.1337574737442235,0.853473783239817,610.9474291436437,449.6461386519574,3111.5362011866246,71.40812974564544,-0.004883837,0.64014554,1.0,-1.0,204.7979797979798,124.52754997585672,883,41,10,1.594210395683381,1.1528395717585371,7.5638164315565435,-0.28188903798245496,1594.210395683381,314.6648960472166,2285.415969870058,1140.7524739794067,0.037548892,0.8358258,1.0,-1.0,1000.0,0.0,1000,1000,610.9474291436437,1156,1160000,1160,131.50065718230326,23.18873275606893,16.954619244672358,171.64400918304455,20015.907647253945,115
2.454858,0.01949504,3.0232780704701936,0.8337985124037313,5.192262421965504,0.8521871683375462,651.3234489903392,428.23464457702306,2624.1607563307493,86.69132654822894,-0.005586827,0.641486,1.0,-1.0,215.43617021276594,119.41119361182524,751,48,10,1.6969415350195056,1.1602863938779746,5.726932508869048,-0.43459300478108376,1696.941535019505,196.30354740812626,2058.4886682932165,1355.7259578457213,0.037899356,0.8465351,1.0,-1.0,1000.0,0.0,1000,1000,651.3234489903392,1166,1170000,1170,131.28136325115338,23.259030770044774,17.60683337203227,172.14722739323042,20188.20824385842,116
2.454858,0.03621555,3.0456066531481745,0.8330394011964752,5.387463767060358,0.8594083310748953,690.4629824783226,456.5213288892984,2082.6474513917537,76.04639662401952,-0.013981611,0.63871014,1.0,-1.0,226.7078651685393,125.84636631888586,600,44,10,1.933746649458149,1.242682066525755,8.518754184357105,-1.362402303099404,1933.7466494581513,312.32489615903455,2478.2599983772593,1472.6255363387133,-0.06848999,0.84188145,1.0,-1.0,1000.0,0.0,1000,1000,690.4629824783226,1176,1180000,1180,131.55608948599547,23.41944611701183,18.086444815038703,173.061980418046,20361.264772019233,117
2.454858,0.021464674,2.9788063037777808,0.8484685539711734,5.088436476140798,0.8544834395374569,597.3996042226339,429.2284564503331,2899.132368665768,84.50251514630362,-0.0037128485,0.6483925,1.0,-1.0,200.55,119.07992064155904,838,47,10,1.7153352899368077,1.1421988011837245,7.362319523433777,-1.5661006111203999,1715.3352899368078,254.45080664434477,2293.6950176643845,1386.4626243509983,0.012516437,0.84441006,1.0,-1.0,1000.0,0.0,1000,1000,597.3996042226339,1186,1190000,1190,132.80707805824932,23.42133419099264,18.14999139169231,174.37840364093427,20535.298027371988,118
2.454858,0.02470123,2.764522866388703,0.8400777617321894,4.972061363797849,0.8599044304610748,435.55384278402784,390.4931397840615,2569.7383273725895,83.30804856070895,0.014761439,0.66114336,1.0,-1.0,157.5511811023622,110.02367022789241,746,47,10,1.840056827383781,1.1715561121141687,7.922342377991961,-0.44959139078757193,1840.056827383781,267.04344267542734,2294.2057309529728,1410.3664465373388,0.0144371195,0.8398984,1.0,-1.0,1000.0,0.0,1000,1000,435.55384278402784,1196,1200000,1200,132.0297075298149,23.083842230029404,17.921417237143032,173.03496699698735,20708.257738464046,119
2.454858,0.016347017,2.867259065287064,0.8454920164718874,4.950306516027627,0.850244366152041,496.60432655760684,410.0276482612569,2568.5108467313958,27.40205200276269,0.009239499,0.6532396,1.0,-1.0,173.19827586206895,115.29334548996628,741,23,10,1.8666075354750813,1.1686558658812556,7.218872144126995,-0.4496231056953989,1866.607535475081,296.1848004073259,2630.356112162026,1435.643868565933,0.014165187,0.8449433,1.0,-1.0,1000.0,0.0,1000,1000,496.60432655760684,1206,1210000,1210,132.40395515598357,23.014623741037212,17.637782411067747,173.05636130808853,20881.41244748514,120
2.454858,0.02551427,2.9524829683605875,0.83863987704194,5.123685056683285,0.854261377302222,579.0340127361294,395.55999422461883,1926.1457104534288,81.36851368455504,0.0037473098,0.63848186,1.0,-1.0,196.11764705882354,110.60717401454247,567,46,10,1.8342128439515069,1.1453300301070142,6.510550224345742,-1.1039205620174932,1834.2128439515097,228.46464480405496,2353.421238757002,1542.334905672077,-0.029960293,0.8515611,1.0,-1.0,1000.0,0.0,1000,1000,579.0340127361294,1216,1220000,1220,133.07202175806742,23.121118226088583,17.91480264090933,174.10794262506533,21055.064319072175,121
2.454858,0.017828789,3.0424954320774957,0.8464294256388052,5.141014004770844,0.8642037940081988,669.2486930098378,480.96848865653396,2009.1627405961638,58.2479220896641,-0.010696907,0.6498514,1.0,-1.0,219.96703296703296,133.64126579826961,579,35,10,1.8350254474192755,1.1562462228982495,6.931294161951736,-0.5073873683886774,1835.025447419277,351.6079025543593,2600.5594275677677,1441.0084222269038,0.037426855,0.8179217,1.0,-1.0,1000.0,0.0,1000,1000,669.2486930098378,1226,1230000,1230,132.54793511505704,22.67198629199993,18.255616845097393,173.47553825215437,21228.80628223135,122
2.454858,0.014131682,2.8624883796657823,0.8371499837089382,4.900361755835962,0.8636894264416639,509.1682870024976,362.04336377648485,2019.3285013784946,60.40518853476702,0.010169542,0.6547361,1.0,-1.0,177.87610619469027,101.32914324020525,595,36,10,1.71138547942777,1.060996892423338,7.861949134379961,-0.22986056492118231,1711.3854794277704,102.10307846765005,1839.8965808730507,1551.109876883267,0.036352396,0.8422928,1.0,-1.0,1000.0,0.0,1000,1000,509.1682870024976,1236,1240000,1240,130.9122297698632,22.945407935068943,18.322027406888083,172.1796651118202,21400.94969335408,123
2.454858,0.020300718,2.953190654293125,0.8534512358798132,5.210536611097003,0.8572215587623131,558.543077710081,419.22512049880453,2257.7961693628845,80.20516971534279,0.0014054001,0.6504439,1.0,-1.0,189.1320754716981,117.9304300409978,660,46,10,1.6678464285871,1.108821520129471,8.12579428436601,-2.267503964196189,1667.8464285871019,190.4647467662881,2037.1470117540107,1360.2821601240398,-0.02343053,0.8418376,1.0,-1.0,1000.0,0.0,1000,1000,558.543077710081,1246,1250000,1250,131.6830573991174,22.915428161039017,18.43321432627272,173.03169988642912,21573.901658566552,124
2.454858,0.015545312,2.9550163559111837,0.8490282404740541,4.81598121800476,0.8589217495663447,566.518849947544,595.056473582396,3538.980064303235,78.54506443103294,-0.0012121856,0.6434205,1.0,-1.0,191.71428571428572,166.0415159952884,1000,45,10,1.880005893303594,1.1503031817031633,6.938092961325278,-1.2617155846615082,1880.005893303595,180.0312376249434,2170.429732634071,1472.2803981719223,0.047211997,0.8302435,1.0,-1.0,1000.0,0.0,1000,1000,566.518849947544,1256,1260000,1260,131.63846845296212,22.843101234990172,18.534864452085458,173.01643414003775,21747.123491055565,125
2.454858,0.02308245,2.9436048505185064,0.8560952241330716,5.580335822769063,0.8608268695371135,559.2299009471047,357.57949268867964,1710.01401274258,59.71093315366477,0.0013615489,0.6473835,1.0,-1.0,189.98130841121494,99.70142166689604,501,42,10,1.6612620281785149,1.1242660275885115,6.193578189983017,-0.9686757928241811,1661.2620281785137,417.8156237844929,2825.674361192644,1275.0450937506173,0.098003045,0.8045706,1.0,-1.0,1000.0,0.0,1000,1000,559.2299009471047,1266,1270000,1270,132.05958153714892,23.055501307011582,17.24090489197988,172.35598773614038,21919.70896164165,126
2.454858,0.014334455,2.9478119042226933,0.8543014633834272,5.264559506871285,0.8516492598745293,544.0028950748112,485.7648683141387,2620.2624650574344,81.32588070481539,0.011758898,0.64501333,1.0,-1.0,184.54464285714286,137.15976661705093,754,46,10,1.7699277228830603,1.1682849090572447,8.22745004059042,-1.183263753858083,1769.927722883061,222.78309272984657,2157.877335831423,1461.8887805617453,0.05558118,0.8323756,1.0,-1.0,1000.0,0.0,1000,1000,544.0028950748112,1276,1280000,1280,131.7595288590528,23.291391171049327,17.045197395025752,172.0961174251279,22092.013899754733,127
2.454858,0.023219604,2.881281755509704,0.8513183121646797,5.50672232916888,0.8613431284057169,501.2177523388837,287.2575507887592,1664.0709983460222,67.12476989402494,0.00029044139,0.65613586,1.0,-1.0,173.95652173913044,80.85525352557069,499,40,10,1.8410598549328283,1.1294908316582666,7.189717410451919,-1.273975928190837,1841.0598549328283,154.0098484478626,2116.149159729809,1618.9503155615857,0.048596784,0.83572066,1.0,-1.0,1000.0,0.0,1000,1000,501.2177523388837,1286,1290000,1290,131.68993003782816,23.507910034037195,17.32547820697073,172.5233182788361,22263.717804631335,128
2.454858,0.01374403,2.9622819303030985,0.8487601104073348,5.231896496919988,0.856351552787893,588.086286975321,388.70663361464744,2266.6246023309973,85.1524572120882,-0.0018079897,0.6501482,1.0,-1.0,198.52475247524754,108.57160743845702,659,48,10,1.6769371060945313,1.0509473104504592,7.075546130031794,-1.5608050370828537,1676.937106094531,226.89014034010106,2056.1083488753975,1322.6869068809253,0.059132904,0.8274539,1.0,-1.0,1000.0,0.0,1000,1000,588.086286975321,1296,1300000,1300,132.7217355540488,22.696246122010052,17.036842590081505,172.45482426614035,22436.157262271503,129
2.454858,0.014443749,2.912623113797865,0.8435724244856498,5.3594776307212655,0.8552318635989439,535.0675709237473,276.2036130490569,1296.3126250762723,67.47524358318252,-0.0004230684,0.65997046,1.0,-1.0,183.70642201834863,78.3034912870972,407,40,10,1.8613043621142478,1.163691314046771,6.760188852409223,-0.9299642850630815,1861.3043621142515,264.4338987894335,2444.8686422843293,1450.662756073512,-0.014376343,0.8244121,1.0,-1.0,1000.0,0.0,1000,1000,535.0675709237473,1306,1310000,1310,133.52923734800424,22.687986238044687,17.02615084196441,173.24337442801334,22609.52623717033,130
2.454858,0.022519328,2.860872623709157,0.8902313287277188,5.254249033401747,0.8818562564277923,452.81625760382616,400.3437500766972,2117.4914739968845,61.994750163595334,0.014687552,0.6463255,1.0,-1.0,158.27906976744185,112.89365076757323,613,37,10,1.8510568951173147,1.096137935811417,6.628812399040111,-0.9559815015482117,1851.0568951173166,146.07236295482173,2186.730161884416,1600.579336633617,-0.024770264,0.8573742,1.0,-1.0,1000.0,0.0,1000,1000,452.81625760382616,1316,1320000,1320,132.3000318609411,22.82175828400068,16.8163306171773,171.93812076211907,22781.680955411284,131
2.454858,0.01936306,3.003158083072,0.854327781700412,5.626406313983942,0.8537870248478435,605.2264484815001,489.12825902155845,2155.014346865246,22.58182411219621,0.003761055,0.6407251,1.0,-1.0,201.53,136.3192176474029,622,20,10,1.943090027249945,1.1525022492592427,7.877583867379775,-0.7408842164010889,1943.0900272499457,152.59861833334483,2177.206845911019,1649.5596072073986,0.03049205,0.84010255,1.0,-1.0,1000.0,0.0,1000,1000,605.2264484815001,1326,1330000,1330,131.71030994993635,23.047116267029196,17.06319695780985,171.8206231747754,22953.02979979408,132
2.454858,0.021526624,3.035707291242552,0.8440506176470127,5.2733003893534285,0.847689701964376,647.2838429614307,624.3412510269096,3494.886591515752,84.65464141160709,0.0012352177,0.63831353,1.0,-1.0,213.22340425531914,173.74701309266823,1000,47,10,1.780419048523998,1.1026911260796077,5.885081055303028,-1.6773731574202295,1780.4190485239972,185.85507561502948,2104.3960562961965,1469.957176349581,0.022182308,0.8451158,1.0,-1.0,1000.0,0.0,1000,1000,647.2838429614307,1336,1340000,1340,132.32858139800373,22.58230831194669,17.239311552024446,172.15020126197487,23125.020173619036,133
2.454858,0.016886028,2.9820118330337113,0.8519659930771712,5.029746596810118,0.8564810304223546,598.5365515460702,616.2412115815245,3491.7426159246093,83.21170066944732,0.0055188118,0.6409753,1.0,-1.0,200.7156862745098,173.07322362033054,1000,47,10,1.7972222483855191,1.1522090133240437,7.493014106842891,-1.5409211486645857,1797.2222483855198,368.32300071102287,2816.237997835809,1440.2706782332,0.044912226,0.81842667,1.0,-1.0,1000.0,0.0,1000,1000,598.5365515460702,1346,1350000,1350,132.9482247949345,22.429840470897034,17.2106792088598,172.58874447469134,23298.080342143658,134
2.454858,0.013291102,2.89123216626392,0.8849655195619679,5.071026558430046,0.8518991080632499,466.7241473556846,385.0317743784585,2160.5510192051697,22.08733633270233,0.015074013,0.6510674,1.0,-1.0,161.42741935483872,110.3238029903044,632,20,10,2.1122810295761028,1.300328389865436,8.56367900981272,-1.2596911444869112,2112.2810295761033,576.8047441039866,3068.4976803493537,1485.8347620052355,-0.016819123,0.8107583,1.0,-1.0,1000.0,0.0,1000,1000,466.7241473556846,1356,1360000,1360,131.8872717319755,22.90828062198125,17.23380970908329,172.02936206304003,23469.455120455823,135
2.454858,0.018910263,2.9917873660914025,0.8407530445600685,5.01596922918242,0.8581259438854395,613.7743366864046,477.1233234266458,2201.532300685006,22.95855928680933,-0.00873673,0.65104824,1.0,-1.0,205.1530612244898,134.1226481080912,650,20,10,2.0837426602918163,1.2884686250558852,6.722136277516966,-1.7383934763226758,2083.7426602918167,663.5607352238694,3481.428878336415,1417.1569474156865,-0.0015579,0.8092566,1.0,-1.0,1000.0,0.0,1000,1000,613.7743366864046,1366,1370000,1370,132.7328948311042,22.25970327097457,17.066672089975327,172.0592701920541,23641.787435939652,136
2.454858,0.024001747,2.8750649082989077,0.8541813346291185,5.048870757970508,0.8576430859339758,504.80087021500816,427.554095277817,2525.610338061195,80.3327063517475,0.000899518,0.6572988,1.0,-1.0,175.57894736842104,118.55525728735488,729,46,10,2.107627491942028,1.232628944810895,7.47117514677112,-1.57611055489674,2107.627491942029,607.0201162113663,3178.448680917935,1299.2171543245804,-0.0010076838,0.81423455,1.0,-1.0,1000.0,0.0,1000,1000,504.80087021500816,1376,1380000,1380,133.39890826074407,22.540389569010586,16.932391162146814,172.87168899190146,23814.279339409317,137
2.454858,0.017712615,2.8048523958416887,0.8984547878688266,5.0982941386534035,0.8459872090998545,398.56557495277167,340.22334635269334,1965.157883669566,22.133788801177367,0.02472724,0.65664405,1.0,-1.0,142.09859154929578,97.84353058270898,578,20,10,1.8530947368499244,1.24696282145,7.959034861386024,-1.6651382493302778,1853.0947368499244,284.7630119514731,2463.1302270815477,1476.2659958458655,-0.0063870237,0.8474324,1.0,-1.0,1000.0,0.0,1000,1000,398.56557495277167,1386,1390000,1390,132.2275200478034,22.169000986032188,17.716127267456613,172.1126483012922,23986.551814035745,138
2.454858,0.026408592,2.9611642128995745,0.8595001217370045,5.375556284273001,0.85819400503948,569.1639632832306,492.27731342136144,2980.996125837855,82.78402528367515,0.00924387,0.65008116,1.0,-1.0,192.2095238095238,136.35623479122586,836,47,10,1.7632829621182606,1.213010432180221,7.023684409571881,-1.7714761682148552,1763.2829621182605,274.5290847245244,2369.5005105316827,1472.935456095224,-0.0074159796,0.83817106,1.0,-1.0,1000.0,0.0,1000,1000,569.1639632832306,1396,1400000,1400,131.36451787210535,22.336827884078957,18.258087817928754,171.95943357411306,24158.66493506974,139
2.454858,0.016428793,2.971914631949764,0.8540741144504795,5.3544736210700625,0.8487010180039898,579.2636713691599,440.09840610104726,2311.2403245558367,86.74419148696629,0.00027968202,0.66713244,1.0,-1.0,194.9126213592233,121.72658418362018,674,48,10,1.7564686093405795,1.177288238622883,7.718726599576039,-2.042157974270187,1756.4686093405821,262.6214093771916,2419.084536268094,1483.6583479541644,-0.07664627,0.8515425,1.0,-1.0,1000.0,0.0,1000,1000,579.2636713691599,1406,1410000,1410,131.16711892792955,22.499683076050133,18.360180821851827,172.0269828258315,24330.59596477542,140
2.454858,0.016140983,2.857457377510703,0.8622572864600621,5.314424867303811,0.8635534104213993,490.31037872568265,370.5088871917348,2140.5842419811192,62.43827929720397,0.009496035,0.65690196,1.0,-1.0,171.5897435897436,103.84276031175703,623,42,10,1.6838056446999916,1.1582292278692687,7.0673310791768715,-1.6620620808676039,1683.8056446999913,195.8989274275825,2017.0744197396334,1350.5051643974512,-0.00271881,0.85244566,1.0,-1.0,1000.0,0.0,1000,1000,490.31037872568265,1416,1420000,1420,131.06933594599832,22.412277208990417,18.114957484183833,171.59657063917257,24502.073011831846,141
2.454858,0.017542178,2.85488617056536,0.8634188897970932,5.088615036648261,0.8581462634798419,481.99595002377015,346.9802444442716,1776.1638286718294,52.6877949418754,0.008614601,0.6559435,1.0,-1.0,168.83193277310923,96.72470848960386,524,32,10,1.6682243732736521,1.1739937866983017,7.950552911365235,-1.6782798200499716,1668.224373273651,145.39665887918946,1873.2964986770987,1452.904941709561,0.0016084404,0.85531515,1.0,-1.0,1000.0,0.0,1000,1000,481.99595002377015,1426,1430000,1430,133.52596108336002,22.299680887022987,18.185955845867284,174.0115978162503,24676.61022074893,142
2.454858,0.016789597,2.8927079959215973,0.8535657210852833,5.546243352312673,0.8562068225967782,513.2780468552813,386.27948382100163,1724.1941016743604,60.003865675302144,-0.0008029455,0.66245955,1.0,-1.0,177.43859649122808,109.86730713445895,508,36,10,1.6393774594693569,1.0796559773086587,7.346236842663568,-1.691828997662651,1639.3774594693573,129.1465467124048,1900.267716098412,1434.9533971616306,-0.015489411,0.869276,1.0,-1.0,1000.0,0.0,1000,1000,513.2780468552813,1436,1440000,1440,133.18679770920426,22.840495181968436,17.64945177012123,173.67674466129392,24850.92132373026,143
2.454858,0.014644515,2.9449701859918815,0.8460577178822287,5.252674222605613,0.856943062811011,556.6827133652766,423.3805732091223,2608.8933546780977,58.450341561241345,-0.005428444,0.6477072,1.0,-1.0,189.02830188679246,119.10210123989384,750,35,10,1.73138947117867,1.2107435377885174,7.033515200380284,-2.079368552791355,1731.38947117867,183.70244927907757,2000.5449054199012,1409.402681639333,-0.006634082,0.85793966,1.0,-1.0,1000.0,0.0,1000,1000,556.6827133652766,1446,1450000,1450,133.02083977882285,23.483860398991965,17.95350194000639,174.4582021178212,25024.24034418713,144
2.454858,0.016360033,2.919104440989024,0.8522887692370805,5.173035074297373,0.8643674339294636,529.3046403944693,464.43061301689033,2372.77185466799,55.58648449269312,0.0029301639,0.6469464,1.0,-1.0,181.32432432432432,131.07292256583307,685,34,10,1.715843297460282,1.2024901209296164,7.209146735842384,-2.030620650370931,1715.8432974602813,219.15021200339677,2236.0251807153954,1500.8696222450187,-0.027404321,0.8576926,1.0,-1.0,1000.0,0.0,1000,1000,529.3046403944693,1456,1460000,1460,134.47232278971933,22.34481048595626,18.24810636579059,175.06523964146618,25199.838857339695,145
2.454858,0.01643972,2.9103801088585133,0.8204414199821088,4.997891595757557,0.850520479821922,566.5351571127494,422.9783413668429,2542.862215644813,84.87151539091496,0.006814132,0.6592996,1.0,-1.0,194.6601941747573,119.13356731877973,741,47,10,1.614203494999101,1.1952623959916915,7.375610728761788,-2.113867757926196,1614.2034949991007,179.36204022472253,1904.6996274353485,1238.0065052684047,-0.03956773,0.87175065,1.0,-1.0,1000.0,0.0,1000,1000,566.5351571127494,1466,1470000,1470,132.34022110071965,22.890762319089845,18.399723825161345,173.63070724497084,25373.076327159535,146
2.454858,0.012579899,3.000538951113463,0.8166154023209314,5.348352443316334,0.8524160213618455,642.2749386739787,560.3088581018568,3342.5037271211118,86.51668013744987,-0.006453206,0.64997023,1.0,-1.0,214.0531914893617,156.87929816244736,962,48,10,1.74568494291029,1.3167208024391768,7.2651218256850685,-2.124853018821015,1745.6849429102901,308.8025389623772,2406.70797372278,1404.7023136914927,-0.042365268,0.86448747,1.0,-1.0,1000.0,0.0,1000,1000,642.2749386739787,1476,1480000,1480,132.85879784077406,22.51041745697148,18.28211273578927,173.6513280335348,25546.794914885075,147
2.454858,0.013950152,3.0206510784983673,0.8256969710838474,5.220624037605647,0.8583646824632468,675.0148276751019,573.0639430270535,3547.80436259843,82.71869622074756,-0.0021397024,0.65010303,1.0,-1.0,223.46666666666667,159.50570871009947,1000,47,10,1.6898515421748175,1.2744151439733007,7.272867376982158,-2.2318009780825965,1689.8515421748161,251.41656774833228,2217.4054220682324,1315.3821386473364,-0.050623048,0.8736876,1.0,-1.0,1000.0,0.0,1000,1000,675.0148276751019,1486,1490000,1490,133.56028926908039,22.577218224992976,17.18319471902214,173.3207022130955,25720.00214803929,148
2.454858,0.015716866,2.9007535020689468,0.8346918461763232,5.0881176064430536,0.8525795731123226,529.594710806302,355.617746539989,2140.514288416433,58.40518593641479,0.004312979,0.6585861,1.0,-1.0,182.57142857142858,100.99564296522492,630,35,10,1.994525007962943,1.307620307241853,6.56631253624386,-2.2225794998908976,1994.5250079629427,327.24319387433144,2510.69151374753,1416.8077505668093,-0.04913272,0.83832943,1.0,-1.0,1000.0,0.0,1000,1000,529.594710806302,1496,1500000,1500,133.1414162128931,22.471044091973454,16.36368621897418,171.97614652384073,25892.26445085311,149
2.454858,0.011272369,2.872016874269332,0.873740059935085,5.419310325739886,0.86600424529617,481.1824938098743,440.93679721732383,3545.1591648590347,77.79000893633908,0.0062787696,0.6511436,1.0,-1.0,167.54166666666666,123.33240286811176,1000,45,10,1.6828935079770782,1.1809900016093184,7.240444643999396,-1.8619129443097733,1682.8935079770831,158.19416210980177,1857.8530277658028,1299.0143308694308,-0.16884294,0.8622582,1.0,-1.0,1000.0,0.0,1000,1000,481.1824938098743,1506,1510000,1510,135.1050501288846,22.7644304119749,16.69299621495884,174.56247675581835,26066.606013150886,150
2.454858,0.0116350455,2.874358438938187,0.8709996390054305,5.775282372889755,0.8604996037715743,487.3742681887733,397.6035662409484,2261.4680089720123,39.6947980423886,0.003952992,0.66018015,1.0,-1.0,169.5593220338983,111.64612241537017,661,30,10,1.7195770770713876,1.214295219030993,7.204245750710748,-1.8373581269574668,1719.5770770713873,194.9143094749406,2004.8225665650712,1416.7180560885538,-0.038549334,0.8661189,1.0,-1.0,1000.0,0.0,1000,1000,487.3742681887733,1516,1520000,1520,134.64068693108857,22.553936014068313,16.793455665931106,173.98807861108799,26240.127310603042,151
2.454858,0.02630853,2.9313740453024577,0.8672289033544536,4.959308549651977,0.8574485595243757,533.5100762450473,450.54788959616513,2834.4579872982968,52.48668004973077,0.0013900462,0.6528625,1.0,-1.0,182.0,125.9278357624708,805,32,10,1.710769316440425,1.2004210372069322,6.551232443600537,-1.740615696041129,1710.7693164404268,221.3719969229857,2166.673604242746,1353.5109466506617,-0.15528537,0.8625014,1.0,-1.0,1000.0,0.0,1000,1000,533.5100762450473,1526,1530000,1530,133.42997847578954,22.0967123080045,16.879286484210752,172.4059772680048,26412.903228273848,152
2.454858,0.02166994,2.9855591720363,0.8514553111480361,5.080449262453162,0.8515267691693525,584.4739334460189,511.4468597869113,2392.1412162219394,84.77998650199861,0.007299279,0.64526635,1.0,-1.0,195.76699029126215,142.88716465442408,685,47,10,1.7845426362498624,1.2215789440998577,7.145510509404348,-1.5269781247709018,1784.542636249863,426.28192340655795,2471.02595293791,956.8862468515874,-0.028406583,0.86287934,1.0,-1.0,1000.0,0.0,1000,1000,584.4739334460189,1536,1540000,1540,132.26929650478996,22.471486093010753,17.03995865501929,171.78074125282,26584.707500590594,153
2.454858,0.0117354905,2.8636017141550116,0.8484705246511866,5.062244563692065,0.8524373837598672,498.5904097610939,359.71479295254767,1873.7805476384488,78.19405025330522,-0.0024374677,0.6531448,1.0,-1.0,174.11304347826086,100.1838106523414,562,50,10,1.7235174265505233,1.28241850517487,7.795590667321469,-2.0438564043309237,1723.517426550523,290.6492490214246,2547.593483905506,1472.0187415929836,-0.04963266,0.8695642,1.0,-1.0,1000.0,0.0,1000,1000,498.5904097610939,1546,1550000,1550,133.5763926107902,22.503878672025166,17.295509915915318,173.3757811987307,26757.98720277555,154
2.454858,0.019738726,2.8210294463273122,0.8570654824156827,5.03509676424489,0.8567733223256024,463.3827555576993,318.2698865731939,1568.1389843037293,80.58337044914434,0.0061268415,0.6571599,1.0,-1.0,164.260162601626,89.7924288729311,468,48,10,1.8239178914345433,1.286110424748274,7.174164219849132,-2.016645908615799,1823.9178914345434,274.1111831528847,2509.32108284813,1511.6761206711005,-0.025181629,0.85952157,1.0,-1.0,1000.0,0.0,1000,1000,463.3827555576993,1556,1560000,1560,133.50309723394457,22.416531796916388,17.1997460371349,173.11937506799586,26931.34375015262,155
2.454858,0.014567516,2.8981107847501786,0.8525727633141031,5.332144125692044,0.8584863377610242,514.9917217502973,396.18587735314054,1773.2631715050977,79.66396579787649,0.0064564045,0.643517,1.0,-1.0,177.69911504424778,112.66395211162948,515,45,10,1.8762413691346995,1.2676027356728354,7.9742707817307155,-1.8193463274572916,1876.2413691346999,358.59030440787205,2569.53341240529,1385.693727083764,-0.0187377,0.8525766,1.0,-1.0,1000.0,0.0,1000,1000,514.9917217502973,1566,1570000,1570,132.685563510051,22.661661549005657,16.766967993229628,172.11419305228628,27103.124613734777,156
2.454858,0.011122601,2.920600853182908,0.8649144756265265,5.09667979124189,0.8743898992692454,518.3810321342365,425.9068947687591,1857.007507477506,51.76333272562461,0.009115468,0.64108354,1.0,-1.0,177.49122807017545,121.22917586516863,550,38,10,1.721843117360308,1.2045889081757388,7.619244915134172,-2.1295107998115377,1721.8431173603094,297.7713129210134,2290.264531099943,1448.6891706892961,-0.019206498,0.8678224,1.0,-1.0,1000.0,0.0,1000,1000,518.3810321342365,1576,1580000,1580,133.0087571918266,22.33478702302091,16.644482428091578,171.98802664293908,27275.474765081774,157
2.454858,0.015480959,3.008899793709477,0.8464334972497886,5.766879033802414,0.8576205134155863,627.1362080451346,413.0464347077782,2518.7755970219882,19.471409642276107,-0.010298576,0.64454323,1.0,-1.0,208.42708333333334,114.24815323012034,732,18,10,1.7795134891162256,1.2263267188261309,7.07852090962788,-1.9181287731068235,1779.5134891162247,338.089506066091,2476.0378362919396,1265.6998776856271,-0.019888429,0.8535312,1.0,-1.0,1000.0,0.0,1000,1000,627.1362080451346,1586,1590000,1590,132.79024770192336,22.70410566101782,16.199231002363376,171.69358436530456,27446.603739299113,158
2.454858,0.014059085,2.8906720270187956,0.8482039529238574,5.263121030422564,0.8521161557941898,517.0173396896473,383.3698267172935,2369.774740329428,82.60034038996474,0.0015472721,0.65618306,1.0,-1.0,178.85714285714286,109.04036417954666,695,46,10,1.6920025900747169,1.1924465625091145,7.615131583235479,-1.8340439591058022,1692.0025900747169,364.3473706100265,2378.5667655830566,910.646816532205,-0.014283712,0.8723562,1.0,-1.0,1000.0,0.0,1000,1000,517.0173396896473,1596,1600000,1600,133.48576512921136,22.146143791032955,16.103569767903537,171.73547868814785,27618.31779683917,159
2.454858,0.012575358,2.913239146565006,0.8430184771191526,4.902055581903405,0.8558429471956859,549.7776970555318,384.8040636199284,2114.71570813338,88.59438172207686,-0.00073409214,0.6556154,1.0,-1.0,188.71698113207546,108.49613111239559,615,49,10,1.8402135748970307,1.2208332659496954,6.3266465053641046,-1.656071029153632,1840.213574897034,119.38658246636666,1999.2799941543003,1648.1986787388419,-0.053252485,0.86939377,1.0,-1.0,1000.0,0.0,1000,1000,549.7776970555318,1606,1610000,1610,133.28816984407604,22.135689952992834,16.055009089177474,171.47886888624635,27789.977040773258,160
2.454858,0.02020016,2.9750575409077853,0.8544906558364221,5.003522557016054,0.8547911484430833,578.7786699486427,407.65862483299793,1855.5058757950212,84.64187495366674,0.0011105024,0.65377516,1.0,-1.0,194.54368932038835,113.87685195697867,556,47,10,1.6437024131703122,1.142735243374333,6.803346467127521,-2.4724031447617207,1643.7024131703124,159.4603943609669,1886.8526365202279,1408.6428882236726,-0.005714182,0.8617591,1.0,-1.0,1000.0,0.0,1000,1000,578.7786699486427,1616,1620000,1620,106.95906986191403,22.3202451110119,13.11727387283463,142.39658884576056,27924.49065001204,161
