Inverse-Dynamic-MSE,Valid-InvDyn-MSE,State-Pred-Expt-MSE,State-Pred-Real-MSE,Test Rewards Mean,Test Rewards Std,Test Rewards Max,Test Rewards Min,Test Returns Mean,Test Returns Std,Test Returns Max,Test Returns Min,Test Actions Mean,Test Actions Std,Test Actions Max,Test Actions Min,Test Ep. Len. Mean,Test Ep. Len. Std,Test Ep. Len. Max,Test Ep. Len. Min,Num Paths,Test Pred_Real_MSE,Exploration Rewards Mean,Exploration Rewards Std,Exploration Rewards Max,Exploration Rewards Min,Exploration Returns Mean,Exploration Returns Std,Exploration Returns Max,Exploration Returns Min,Exploration Actions Mean,Exploration Actions Std,Exploration Actions Max,Exploration Actions Min,Exploration Ep. Len. Mean,Exploration Ep. Len. Std,Exploration Ep. Len. Max,Exploration Ep. Len. Min,AverageReturn,Number of train calls total,Number of env steps total,Number of rollouts total,Train Time (s),(Previous) Eval Time (s),Sample Time (s),Epoch Time (s),Total Train Time (s),Epoch
0.03558075,0.040048037,6.347844e-05,1613.9146,1.0,0.0,1.0,1.0,912.7727272727273,275.83788582462404,1000.0,38.0,-0.00012516751,0.11973893,0.8449833,-0.9918476,912.7727272727273,275.83788582462404,1000,38,10,0.25335186226329526,1.0,0.0,1.0,1.0,1000.0,0.0,1000.0,1000.0,-0.049597442,0.64777476,0.99990314,-0.99999857,1000.0,0.0,1000,1000,912.7727272727273,10,10000,15,55.05116977408761,0,57.90891200792976,112.96008178201737,155.5138938719174,0
0.020970669,0.023644442,2.634886e-05,2414.6877,1.0,0.0,1.0,1.0,118.19653179190752,271.70688599203,1000.0,32.0,-0.012739994,0.239284,0.9193612,-0.990599,118.19653179190752,271.70688599203,1000,32,10,0.703829868959589,1.0,0.0,1.0,1.0,1000.0,0.0,1000.0,1000.0,-0.05393246,0.6376379,0.9980791,-0.9999874,1000.0,0.0,1000,1000,118.19653179190752,20,20000,25,56.500364164065104,42.60882042499725,59.06840766587993,158.17759225494228,314.25184280995745,1
0.17132637,0.027811076,1.33321955e-05,2465.291,1.0,0.0,1.0,1.0,807.68,384.64058236228794,1000.0,37.0,-0.00047453927,0.083711386,0.9433721,-0.9744659,807.68,384.64058236228794,1000,37,10,0.010955757823462338,1.0,0.0,1.0,1.0,1000.0,0.0,1000.0,1000.0,0.106003955,0.63306916,0.9994708,-0.9996587,1000.0,0.0,1000,1000,807.68,30,30000,35,62.930174634966534,43.17531510104891,60.55691346008098,166.66240319609642,480.56719516502926,2
0.040415775,0.030158794,2.2681616e-05,2487.174,1.0,0.0,1.0,1.0,1000.0,0.0,1000.0,1000.0,-6.523351e-05,0.07957121,0.956408,-0.9872152,1000.0,0.0,1000,1000,10,0.002040669017904359,1.0,0.0,1.0,1.0,1000.0,0.0,1000.0,1000.0,0.039165866,0.641121,0.999604,-0.9999972,1000.0,0.0,1000,1000,1000.0,40,40000,45,64.22656839393312,42.82996077998541,62.247511263994966,169.3040404379135,649.9553675320349,3
0.022749115,0.031149754,9.653232e-06,3165.2202,1.0,0.0,1.0,1.0,1000.0,0.0,1000.0,1000.0,-5.680951e-05,0.07405697,0.94531363,-0.9927987,1000.0,0.0,1000,1000,10,0.001603773423023122,1.0,0.0,1.0,1.0,1000.0,0.0,1000.0,1000.0,-0.005417003,0.6351802,0.99856305,-0.99999964,1000.0,0.0,1000,1000,1000.0,50,50000,55,75.35823040298419,42.89056062704185,61.79911245685071,180.04790348687675,830.6366842478747,4
0.015759978,0.028898392,3.566261e-05,3877.7354,1.0,0.0,1.0,1.0,1000.0,0.0,1000.0,1000.0,-6.843833e-05,0.07996387,0.9582247,-0.99542415,1000.0,0.0,1000,1000,10,0.001453124951410205,1.0,0.0,1.0,1.0,1000.0,0.0,1000.0,1000.0,-0.03365154,0.64074755,0.9990986,-0.9999999,1000.0,0.0,1000,1000,1000.0,60,60000,65,64.24179460608866,43.54620767699089,61.61223674903158,169.40023903211113,1000.2249220589874,5
0.010817286,0.03196832,5.8737514e-06,3563.4944,1.0,0.0,1.0,1.0,1000.0,0.0,1000.0,1000.0,-8.573994e-05,0.076329365,0.95562327,-0.9920308,1000.0,0.0,1000,1000,10,0.0030448169094113775,1.0,0.0,1.0,1.0,1000.0,0.0,1000.0,1000.0,0.0003359705,0.6402894,0.9998615,-0.9999998,1000.0,0.0,1000,1000,1000.0,70,70000,75,68.23988669284154,43.73825213999953,61.47476112493314,173.4528999577742,1173.2557477077353,6
0.010466871,0.0279432,2.1531074e-05,3586.6802,1.0,0.0,1.0,1.0,1000.0,0.0,1000.0,1000.0,-8.1443686e-05,0.07572333,0.9449002,-0.9924933,1000.0,0.0,1000,1000,10,0.003613166258243526,1.0,0.0,1.0,1.0,1000.0,0.0,1000.0,1000.0,-0.036210984,0.63754517,0.9990313,-0.9999999,1000.0,0.0,1000,1000,1000.0,80,80000,85,80.49467095796717,43.315504655009136,62.43093385192333,186.24110946489964,1359.4804873566027,7
0.020983305,0.023984408,4.088175e-06,3905.6438,1.0,0.0,1.0,1.0,1000.0,0.0,1000.0,1000.0,-7.103641e-05,0.075285986,0.934906,-0.9893954,1000.0,0.0,1000,1000,10,0.0022071803674545538,1.0,0.0,1.0,1.0,1000.0,0.0,1000.0,1000.0,-0.0044070925,0.63701624,0.99894243,-0.9999997,1000.0,0.0,1000,1000,1000.0,90,90000,95,71.60469265596475,43.30479505599942,64.11096957093105,179.02045728289522,1540.0442384385387,8
0.021277795,0.030194335,5.451759e-06,3907.4924,1.0,0.0,1.0,1.0,1000.0,0.0,1000.0,1000.0,-6.3978e-05,0.06313884,0.9576889,-0.9831247,1000.0,0.0,1000,1000,10,0.008825780270744234,1.0,0.0,1.0,1.0,1000.0,0.0,1000.0,1000.0,-0.39741826,0.6122323,0.99930084,-0.9999998,1000.0,0.0,1000,1000,1000.0,100,100000,105,104.65926439396571,44.8491759239696,59.80910720204702,209.31754751998233,1749.5283127155271,9
0.032620013,0.026495952,1.9921577e-05,3296.1333,1.0,0.0,1.0,1.0,1000.0,0.0,1000.0,1000.0,-7.362163e-05,0.069342434,0.9765302,-0.9777873,1000.0,0.0,1000,1000,10,0.001113251417885865,1.0,0.0,1.0,1.0,1000.0,0.0,1000.0,1000.0,-0.1678954,0.6377136,0.99934053,-0.9999449,1000.0,0.0,1000,1000,1000.0,110,110000,115,102.33401258394588,45.07705134898424,61.20147407206241,208.61253800499253,1958.7766468914924,10
0.02819257,0.026402624,4.254821e-06,3696.916,1.0,0.0,1.0,1.0,1000.0,0.0,1000.0,1000.0,-7.264065e-05,0.07237356,0.976963,-0.9776765,1000.0,0.0,1000,1000,10,0.0011934468238011047,1.0,0.0,1.0,1.0,1000.0,0.0,1000.0,1000.0,-0.23694575,0.61423576,0.999333,-0.9999958,1000.0,0.0,1000,1000,1000.0,120,120000,125,78.1766598620452,45.683124348986894,61.90086497081211,185.7606491818442,2145.609816450218,11
0.011186158,0.028396618,1.3419924e-05,3673.0493,1.0,0.0,1.0,1.0,1000.0,0.0,1000.0,1000.0,-6.2649735e-05,0.06674298,0.9850086,-0.9471882,1000.0,0.0,1000,1000,10,0.006689172037226429,1.0,0.0,1.0,1.0,1000.0,0.0,1000.0,1000.0,-0.15569286,0.631013,0.99949676,-0.9998514,1000.0,0.0,1000,1000,1000.0,130,130000,135,108.97551816998748,46.73353837401373,61.781553244101815,217.49060978810303,2363.8661905193003,12
0.03863202,0.025787877,2.0264301e-06,3134.6265,1.0,0.0,1.0,1.0,1000.0,0.0,1000.0,1000.0,-5.9801863e-05,0.07154832,0.98469496,-0.95907027,1000.0,0.0,1000,1000,10,0.0012910307825368709,1.0,0.0,1.0,1.0,1000.0,0.0,1000.0,1000.0,-0.07356745,0.6376615,0.99920857,-0.9999282,1000.0,0.0,1000,1000,1000.0,140,140000,145,93.7142270989716,47.49613122700248,62.800058011082,204.01041633705609,2566.245085164206,13
0.018997427,0.026875261,3.9781635e-06,2594.5308,1.0,0.0,1.0,1.0,1000.0,0.0,1000.0,1000.0,-6.8654546e-05,0.068178385,0.98650277,-0.9579435,1000.0,0.0,1000,1000,10,0.002672677497862486,1.0,0.0,1.0,1.0,1000.0,0.0,1000.0,1000.0,-0.1152261,0.63316965,0.99968934,-0.99988073,1000.0,0.0,1000,1000,1000.0,150,150000,155,79.43765134102432,45.884011924033985,61.65945663006278,186.98111989512108,2753.9373055162723,14
0.015634645,0.025658727,1.1593191e-05,2888.5369,1.0,0.0,1.0,1.0,1000.0,0.0,1000.0,1000.0,-7.4313575e-05,0.07260024,0.9912057,-0.9547439,1000.0,0.0,1000,1000,10,0.0012702680041802978,1.0,0.0,1.0,1.0,1000.0,0.0,1000.0,1000.0,0.06940854,0.6399836,0.999925,-0.999903,1000.0,0.0,1000,1000,1000.0,160,160000,165,92.23472592904,46.60666087601567,61.133909087919164,199.97529589297483,2954.1813311142614,15
0.018958544,0.02706261,3.7297596e-06,5093.496,1.0,0.0,1.0,1.0,1000.0,0.0,1000.0,1000.0,-9.667937e-05,0.07795131,0.99409366,-0.963517,1000.0,0.0,1000,1000,10,0.0028459248803252017,1.0,0.0,1.0,1.0,1000.0,0.0,1000.0,1000.0,0.36947912,0.59042704,0.9999073,-0.9999442,1000.0,0.0,1000,1000,1000.0,170,170000,175,125.40668253204785,46.854582971020136,61.39056838990655,233.65183389297454,3187.984185139183,16
0.03344445,0.025328906,2.8306245e-06,4501.2793,1.0,0.0,1.0,1.0,1000.0,0.0,1000.0,1000.0,-5.8763886e-05,0.07185007,0.9954872,-0.9466444,1000.0,0.0,1000,1000,10,0.0011131428885726967,1.0,0.0,1.0,1.0,1000.0,0.0,1000.0,1000.0,0.3305444,0.6229087,0.9999137,-0.99967384,1000.0,0.0,1000,1000,1000.0,180,180000,185,91.59169931709766,47.01016233296832,62.065463896957226,200.6673255470232,3388.8348195112776,17
0.0132126035,0.037978996,3.918338e-06,1356.6873,1.0,0.0,1.0,1.0,1000.0,0.0,1000.0,1000.0,-5.7511206e-05,0.06821061,0.99934,-0.9751233,1000.0,0.0,1000,1000,10,0.0025406961356383103,1.0,0.0,1.0,1.0,1000.0,0.0,1000.0,1000.0,-0.041500174,0.6497872,0.9999332,-0.9999505,1000.0,0.0,1000,1000,1000.0,190,190000,195,143.3312349189655,47.19216094899457,62.47055491199717,252.99395077995723,3642.860862851143,18
0.037233837,0.028527446,4.094407e-06,32.45211,1.0,0.0,1.0,1.0,1000.0,0.0,1000.0,1000.0,-6.925972e-05,0.07199372,0.9966026,-0.98107284,1000.0,0.0,1000,1000,10,0.0023225970989909626,1.0,0.0,1.0,1.0,1000.0,0.0,1000.0,1000.0,0.04142347,0.6558252,0.9999775,-0.99999803,1000.0,0.0,1000,1000,1000.0,200,200000,205,190.55417995800963,48.2278239139705,63.753422774898354,302.5354266468785,3942.6030643621343,19
0.0057074553,0.036268253,5.265122e-06,975.65607,1.0,0.0,1.0,1.0,1000.0,0.0,1000.0,1000.0,-6.689864e-05,0.071773,0.9980543,-0.9927464,1000.0,0.0,1000,1000,10,0.0018833882147754374,1.0,0.0,1.0,1.0,1000.0,0.0,1000.0,1000.0,0.33677447,0.7257699,0.9999999,-0.999998,1000.0,0.0,1000,1000,1000.0,210,210000,215,109.72082471300382,45.46582887903787,62.39672340411926,217.58337699616095,4161.428686164261,20
0.013159945,0.028197106,4.540368e-06,1663.8318,1.0,0.0,1.0,1.0,1000.0,0.0,1000.0,1000.0,-5.3518335e-05,0.066678815,0.993384,-0.977046,1000.0,0.0,1000,1000,10,0.00220177139643863,1.0,0.0,1.0,1.0,1000.0,0.0,1000.0,1000.0,0.17521346,0.6998792,0.9999986,-0.9999995,1000.0,0.0,1000,1000,1000.0,220,220000,225,94.77334103203611,46.68049598002108,62.356276211037766,203.81011322309496,4366.846021615376,21
0.015380985,0.030642431,9.146713e-07,467.26102,1.0,0.0,1.0,1.0,1000.0,0.0,1000.0,1000.0,-7.012687e-05,0.07314366,0.9985644,-0.98038906,1000.0,0.0,1000,1000,10,0.0018102356332933436,1.0,0.0,1.0,1.0,1000.0,0.0,1000.0,1000.0,0.035704605,0.6528795,0.9999926,-0.9999994,1000.0,0.0,1000,1000,1000.0,230,230000,235,130.55823032004992,48.28864614502527,62.668990403122734,241.51586686819792,4607.800268335559,22
0.022992413,0.021745682,9.582668e-07,357.103,1.0,0.0,1.0,1.0,1000.0,0.0,1000.0,1000.0,-5.8362366e-05,0.07167691,0.99887353,-0.9857778,1000.0,0.0,1000,1000,10,0.0011927488098878113,1.0,0.0,1.0,1.0,1000.0,0.0,1000.0,1000.0,0.10048041,0.6621765,0.9999985,-0.9999644,1000.0,0.0,1000,1000,1000.0,240,240000,245,144.2605029649567,47.73191485501593,62.86889348406112,254.86131130403373,4860.412885327532,23
0.021306988,0.023377208,3.41558e-06,1734.8418,1.0,0.0,1.0,1.0,1000.0,0.0,1000.0,1000.0,-7.0527756e-05,0.068641886,0.9994361,-0.9923074,1000.0,0.0,1000,1000,10,0.0011065540766151444,1.0,0.0,1.0,1.0,1000.0,0.0,1000.0,1000.0,0.098720424,0.6626335,0.99999243,-0.99996233,1000.0,0.0,1000,1000,1000.0,250,250000,255,129.09366323397262,45.48654291394632,63.56324688100722,238.14345302892616,5099.549884780368,24
0.015243798,0.022124292,4.8107718e-06,1856.9805,1.0,0.0,1.0,1.0,1000.0,0.0,1000.0,1000.0,-7.02643e-05,0.07066104,0.9993437,-0.99280304,1000.0,0.0,1000,1000,10,0.001448697865881212,1.0,0.0,1.0,1.0,1000.0,0.0,1000.0,1000.0,-0.2870564,0.65232915,0.9999885,-0.9999934,1000.0,0.0,1000,1000,1000.0,260,260000,265,132.24161048792303,46.50411374500254,61.56442082795547,240.31014506088104,5339.388969813357,25
0.017870592,0.025987301,1.9251534e-06,992.6934,1.0,0.0,1.0,1.0,1000.0,0.0,1000.0,1000.0,-6.659566e-05,0.068980016,0.9998792,-0.9954274,1000.0,0.0,1000,1000,10,0.0011315973653339313,1.0,0.0,1.0,1.0,1000.0,0.0,1000.0,1000.0,0.0126960175,0.7159681,1.0,-0.99999964,1000.0,0.0,1000,1000,1000.0,270,270000,275,123.00238987605553,46.01025183603633,62.728161904844455,231.74080361693632,5570.196105337236,26
0.024700115,0.022529049,4.616303e-06,1229.4084,1.0,0.0,1.0,1.0,1000.0,0.0,1000.0,1000.0,-6.0002138e-05,0.07025654,0.99983865,-0.997772,1000.0,0.0,1000,1000,10,0.0011812331523709623,1.0,0.0,1.0,1.0,1000.0,0.0,1000.0,1000.0,0.16651213,0.7341522,1.0,-0.9999993,1000.0,0.0,1000,1000,1000.0,280,280000,285,111.37374157691374,45.075581733020954,61.98406732210424,218.43339063203894,5789.505244947271,27
0.013893023,0.019010942,1.4330226e-06,1236.0945,1.0,0.0,1.0,1.0,1000.0,0.0,1000.0,1000.0,-5.258321e-05,0.07085084,0.99998546,-0.9981558,1000.0,0.0,1000,1000,10,0.0012809823946568317,1.0,0.0,1.0,1.0,1000.0,0.0,1000.0,1000.0,-0.10801473,0.7246435,1.0,-0.9999994,1000.0,0.0,1000,1000,1000.0,290,290000,295,142.20587042096304,45.95375891897129,62.71227978199022,250.87190912192455,6040.91627371416,28
0.022220755,0.024965758,1.4748651e-06,489.22693,1.0,0.0,1.0,1.0,1000.0,0.0,1000.0,1000.0,-5.936447e-05,0.06938174,0.99999386,-0.9975396,1000.0,0.0,1000,1000,10,0.001124812046242788,1.0,0.0,1.0,1.0,1000.0,0.0,1000.0,1000.0,-0.011961092,0.76588976,1.0,-0.999985,1000.0,0.0,1000,1000,1000.0,300,300000,305,168.99530522391433,46.55768030299805,62.73036549810786,278.28335102502024,6318.932282436232,29
0.028824836,0.026929727,1.1145241e-05,727.4691,1.0,0.0,1.0,1.0,1000.0,0.0,1000.0,1000.0,-5.62584e-05,0.07147354,0.99998885,-0.9957909,1000.0,0.0,1000,1000,10,0.0011749010842210588,1.0,0.0,1.0,1.0,1000.0,0.0,1000.0,1000.0,0.013170197,0.7923095,1.0,-1.0,1000.0,0.0,1000,1000,1000.0,310,310000,315,112.7982974149636,46.231378052034415,63.509212660079356,222.53888812707737,6543.052656821208,30
0.021030454,0.021023776,2.3229038e-06,774.1625,1.0,0.0,1.0,1.0,1000.0,0.0,1000.0,1000.0,-6.495059e-05,0.068259664,0.9999913,-0.9953704,1000.0,0.0,1000,1000,10,0.0007531776879580661,1.0,0.0,1.0,1.0,1000.0,0.0,1000.0,1000.0,0.11358539,0.776145,1.0,-0.999998,1000.0,0.0,1000,1000,1000.0,320,320000,325,119.3957822471275,47.81632838799851,63.4410511040478,230.6531617391738,6772.770417649415,31
0.0215352,0.019479185,2.6573055e-06,529.1897,1.0,0.0,1.0,1.0,1000.0,0.0,1000.0,1000.0,-6.33198e-05,0.07115999,0.9999912,-0.9984303,1000.0,0.0,1000,1000,10,0.0010470954893054207,1.0,0.0,1.0,1.0,1000.0,0.0,1000.0,1000.0,-0.054568354,0.81014276,1.0,-0.99999994,1000.0,0.0,1000,1000,1000.0,330,330000,335,137.02045200497378,46.8835862550186,62.3737981839804,246.27783644397277,7020.652890611382,32
0.02574688,0.029420396,5.2092014e-06,484.9674,1.0,0.0,1.0,1.0,1000.0,0.0,1000.0,1000.0,-6.886479e-05,0.07129497,0.99999344,-0.999401,1000.0,0.0,1000,1000,10,0.0013034320361341527,1.0,0.0,1.0,1.0,1000.0,0.0,1000.0,1000.0,-0.16189817,0.76918447,1.0,-1.0,1000.0,0.0,1000,1000,1000.0,340,340000,345,184.52246184198884,48.52157121401979,63.183879098971374,296.22791215498,7314.950272560411,33
0.004860981,0.021524306,1.7826801e-06,249.90488,1.0,0.0,1.0,1.0,1000.0,0.0,1000.0,1000.0,-6.363651e-05,0.07158638,0.9999942,-0.9992074,1000.0,0.0,1000,1000,10,0.0011750532928935422,1.0,0.0,1.0,1.0,1000.0,0.0,1000.0,1000.0,-0.0025524963,0.8020716,1.0,-1.0,1000.0,0.0,1000,1000,1000.0,350,350000,355,162.41875444498146,46.56582343298942,65.32270395901287,274.30728183698375,7592.108456207265,34
0.0050373506,0.025967602,3.6699344e-06,1034.336,1.0,0.0,1.0,1.0,1000.0,0.0,1000.0,1000.0,-6.800074e-05,0.069895834,0.9999836,-0.9994677,1000.0,0.0,1000,1000,10,0.0011478604691759486,1.0,0.0,1.0,1.0,1000.0,0.0,1000.0,1000.0,0.10128014,0.823077,1.0,-1.0,1000.0,0.0,1000,1000,1000.0,360,360000,365,143.16826399497222,49.431897289003246,62.78079569590045,255.38095697987592,7847.593344969151,35
0.025440117,0.021793772,1.194489e-06,739.86584,1.0,0.0,1.0,1.0,1000.0,0.0,1000.0,1000.0,-7.14431e-05,0.069063306,0.9999854,-0.9998124,1000.0,0.0,1000,1000,10,0.0008334049375022269,1.0,0.0,1.0,1.0,1000.0,0.0,1000.0,1000.0,-0.15336612,0.8148611,1.0,-1.0,1000.0,0.0,1000,1000,1000.0,370,370000,375,167.11806217295816,49.526274715026375,63.27535934600746,279.919696233992,8128.229711775144,36
0.012331562,0.021689424,2.3600378e-06,369.77173,1.0,0.0,1.0,1.0,1000.0,0.0,1000.0,1000.0,-7.096012e-05,0.07115013,0.99999845,-0.9998005,1000.0,0.0,1000,1000,10,0.0012474591732444104,1.0,0.0,1.0,1.0,1000.0,0.0,1000.0,1000.0,-0.07673648,0.77006084,1.0,-1.0,1000.0,0.0,1000,1000,1000.0,380,380000,385,160.1104753811378,50.247031963954214,62.34910155500984,272.70660890010186,8400.874786633241,37
0.013739068,0.019369178,9.5075393e-07,119.7074,1.0,0.0,1.0,1.0,1000.0,0.0,1000.0,1000.0,-6.279775e-05,0.07336566,0.99999833,-0.9998735,1000.0,0.0,1000,1000,10,0.000809480001217927,1.0,0.0,1.0,1.0,1000.0,0.0,1000.0,1000.0,-0.003955989,0.8069482,1.0,-1.0,1000.0,0.0,1000,1000,1000.0,390,390000,395,131.6886904889834,50.19044916599523,62.906755947798956,244.7858956027776,8646.508805596968,38
0.010436654,0.017426407,3.649327e-06,790.615,1.0,0.0,1.0,1.0,1000.0,0.0,1000.0,1000.0,-6.613776e-05,0.07150357,0.99999475,-0.99988836,1000.0,0.0,1000,1000,10,0.0007145182224278342,1.0,0.0,1.0,1.0,1000.0,0.0,1000.0,1000.0,-0.023858521,0.821625,1.0,-1.0,1000.0,0.0,1000,1000,1000.0,400,400000,405,178.6947462540702,51.03883840696653,64.1529727569432,293.88655741797993,8939.570077265904,39
0.007229379,0.018169448,8.645394e-06,908.92163,1.0,0.0,1.0,1.0,1000.0,0.0,1000.0,1000.0,-6.7734865e-05,0.07443695,0.99999595,-0.9999662,1000.0,0.0,1000,1000,10,0.0009132677763341342,1.0,0.0,1.0,1.0,1000.0,0.0,1000.0,1000.0,-0.08102088,0.79960996,1.0,-1.0,1000.0,0.0,1000,1000,1000.0,410,410000,415,367.38028274598764,50.21292401198298,61.048315674066544,478.64152243203716,9413.722081555927,40
0.015074551,0.018569037,4.844155e-07,856.30084,1.0,0.0,1.0,1.0,1000.0,0.0,1000.0,1000.0,-7.832326e-05,0.0712764,0.9999928,-0.9999806,1000.0,0.0,1000,1000,10,0.0007097001211469521,1.0,0.0,1.0,1.0,1000.0,0.0,1000.0,1000.0,0.07027384,0.8757519,1.0,-1.0,1000.0,0.0,1000,1000,1000.0,420,420000,425,187.9217686179909,45.743501063028816,62.957561611023266,296.622831292043,9711.654951607925,41
0.014116128,0.01750299,1.2817765e-05,943.9852,1.0,0.0,1.0,1.0,1000.0,0.0,1000.0,1000.0,-6.2918254e-05,0.07030244,0.9999979,-0.9999958,1000.0,0.0,1000,1000,10,0.000864127700764688,1.0,0.0,1.0,1.0,1000.0,0.0,1000.0,1000.0,-0.098449096,0.855228,1.0,-1.0,1000.0,0.0,1000,1000,1000.0,430,430000,435,250.12769194704015,47.040469372004736,64.4604346229462,361.6285959419911,10075.440726059955,42
0.00971625,0.015345434,3.159466e-06,801.17755,1.0,0.0,1.0,1.0,1000.0,0.0,1000.0,1000.0,-5.540638e-05,0.070245706,0.99999493,-0.9999979,1000.0,0.0,1000,1000,10,0.0007907395902283622,1.0,0.0,1.0,1.0,1000.0,0.0,1000.0,1000.0,-0.23422046,0.84084535,1.0,-1.0,1000.0,0.0,1000,1000,1000.0,440,440000,445,323.8239511779393,49.197083853010554,63.36486225388944,436.3858972848393,10510.522096060624,43
0.009354062,0.01933222,1.5280291e-06,194.41972,1.0,0.0,1.0,1.0,1000.0,0.0,1000.0,1000.0,-6.4061474e-05,0.07337386,0.99999034,-0.9999925,1000.0,0.0,1000,1000,10,0.00082713148903103,1.0,0.0,1.0,1.0,1000.0,0.0,1000.0,1000.0,-0.20070763,0.7796714,1.0,-1.0,1000.0,0.0,1000,1000,1000.0,450,450000,455,159.3708263360313,47.92290181003045,64.30136363807833,271.5950917841401,10781.317048074794,44
0.022602638,0.018299378,3.2848484e-06,1.2832582,1.0,0.0,1.0,1.0,1000.0,0.0,1000.0,1000.0,-7.6421275e-05,0.07070514,0.99998957,-0.9999894,1000.0,0.0,1000,1000,10,0.0010106237029247343,1.0,0.0,1.0,1.0,1000.0,0.0,1000.0,1000.0,-0.32712284,0.7767784,1.0,-1.0,1000.0,0.0,1000,1000,1000.0,460,460000,465,171.85883230599575,47.10176111001056,63.35465876676608,282.3152521827724,11063.34409521462,45
0.014456438,0.018272234,2.2474665e-06,132.40472,1.0,0.0,1.0,1.0,1000.0,0.0,1000.0,1000.0,-5.418675e-05,0.0729665,0.9999942,-0.9999976,1000.0,0.0,1000,1000,10,0.0010861171996106081,1.0,0.0,1.0,1.0,1000.0,0.0,1000.0,1000.0,-0.45505205,0.7920639,1.0,-1.0,1000.0,0.0,1000,1000,1000.0,470,470000,475,147.0783625720651,46.814196286024526,65.08334005402867,258.9758989121183,11320.56105303776,46
0.018637683,0.012308403,1.9787437e-06,151.78348,1.0,0.0,1.0,1.0,1000.0,0.0,1000.0,1000.0,-5.7739733e-05,0.07191052,0.9999761,-0.99998045,1000.0,0.0,1000,1000,10,0.0008111433253864684,1.0,0.0,1.0,1.0,1000.0,0.0,1000.0,1000.0,-0.63349694,0.6638578,1.0,-1.0,1000.0,0.0,1000,1000,1000.0,480,480000,485,175.46331880794605,45.08047014998738,66.39197061595041,286.93575957388384,11608.248863800545,47
0.004482414,0.01685997,6.2309546e-06,2.7876368,1.0,0.0,1.0,1.0,1000.0,0.0,1000.0,1000.0,-6.268646e-05,0.07096847,0.99996495,-0.99999595,1000.0,0.0,1000,1000,10,0.0007958003327770008,1.0,0.0,1.0,1.0,1000.0,0.0,1000.0,1000.0,-0.61029166,0.6747552,1.0,-1.0,1000.0,0.0,1000,1000,1000.0,490,490000,495,194.25996993802255,45.83994294103468,65.08490752486978,305.184820403927,11913.382946740545,48
0.01978325,0.017194888,1.2617712e-06,2.8003736,1.0,0.0,1.0,1.0,1000.0,0.0,1000.0,1000.0,-6.763727e-05,0.07262695,0.99996257,-0.9999863,1000.0,0.0,1000,1000,10,0.000774045042944873,1.0,0.0,1.0,1.0,1000.0,0.0,1000.0,1000.0,-0.56941277,0.69965136,1.0,-1.0,1000.0,0.0,1000,1000,1000.0,500,500000,505,149.90768883103738,45.79232267203042,66.2152110459865,261.9152225490543,12176.626252872637,49
0.00043863873,0.014371867,3.9179413e-06,2.7346785,1.0,0.0,1.0,1.0,1000.0,0.0,1000.0,1000.0,-6.798634e-05,0.07243164,0.9999916,-0.99999475,1000.0,0.0,1000,1000,10,0.0010105102437035548,1.0,0.0,1.0,1.0,1000.0,0.0,1000.0,1000.0,-0.6880789,0.63098174,1.0,-1.0,1000.0,0.0,1000,1000,1000.0,510,510000,515,156.85036908794427,47.115538665035274,66.91243527812185,270.8783430311014,12451.31240409863,50
0.007849706,0.015947143,1.4647924e-06,2.7414865,1.0,0.0,1.0,1.0,1000.0,0.0,1000.0,1000.0,-7.7870376e-05,0.07244404,0.99996257,-0.9999995,1000.0,0.0,1000,1000,10,0.0011545238272907433,1.0,0.0,1.0,1.0,1000.0,0.0,1000.0,1000.0,-0.6805408,0.6327966,1.0,-1.0,1000.0,0.0,1000,1000,1000.0,520,520000,525,156.5236235180637,50.9036209229962,62.666964836011175,270.09420927707106,12719.734701761801,51
0.0034307432,0.011364411,6.9061673e-07,2.7701998,1.0,0.0,1.0,1.0,1000.0,0.0,1000.0,1000.0,-6.8372414e-05,0.074384674,0.9999379,-0.99999994,1000.0,0.0,1000,1000,10,0.0009219677828116012,1.0,0.0,1.0,1.0,1000.0,0.0,1000.0,1000.0,-0.7601051,0.5711344,1.0,-1.0,1000.0,0.0,1000,1000,1000.0,530,530000,535,178.59146549698198,49.24106810102239,66.14317727083107,293.97571086883545,13013.01281386672,52
0.0076701175,0.012665588,2.3424598e-06,2.4119716,1.0,0.0,1.0,1.0,1000.0,0.0,1000.0,1000.0,-9.703598e-05,0.07128357,0.99982244,-0.999995,1000.0,0.0,1000,1000,10,0.000621841893220551,1.0,0.0,1.0,1.0,1000.0,0.0,1000.0,1000.0,-0.5571089,0.70415837,0.99999994,-1.0,1000.0,0.0,1000,1000,1000.0,540,540000,545,175.979460300121,48.56060503103072,64.1931809730595,288.7332463042112,13301.352723478863,53
0.0044082687,0.014167549,9.860519e-06,2.468432,1.0,0.0,1.0,1.0,1000.0,0.0,1000.0,1000.0,-5.9389164e-05,0.07490137,0.9998834,-0.99999875,1000.0,0.0,1000,1000,10,0.0009112610826570828,1.0,0.0,1.0,1.0,1000.0,0.0,1000.0,1000.0,-0.64127517,0.6595772,0.99999994,-1.0,1000.0,0.0,1000,1000,1000.0,550,550000,555,199.81070486304816,48.16960879502585,64.96388365991879,312.9441973179928,13613.466232612962,54
0.006536372,0.013351504,3.949477e-06,2.7441916,1.0,0.0,1.0,1.0,1000.0,0.0,1000.0,1000.0,-6.707229e-05,0.07333485,0.99992025,-0.9999847,1000.0,0.0,1000,1000,10,0.0008946776661124766,1.0,0.0,1.0,1.0,1000.0,0.0,1000.0,1000.0,-0.81875193,0.5013341,0.9999997,-1.0,1000.0,0.0,1000,1000,1000.0,560,560000,565,278.16631949302973,47.340632214036305,64.54917873779777,390.0561304448638,14004.545586740947,55
0.008829302,0.013321851,2.5381246e-06,2.4669561,1.0,0.0,1.0,1.0,1000.0,0.0,1000.0,1000.0,-6.724744e-05,0.074750446,0.99987674,-0.99999726,1000.0,0.0,1000,1000,10,0.0007821380143623698,1.0,0.0,1.0,1.0,1000.0,0.0,1000.0,1000.0,-0.81714284,0.50557727,1.0,-1.0,1000.0,0.0,1000,1000,1000.0,570,570000,575,331.62329904793296,48.36449232004816,67.25310897198506,447.2409003399662,14455.603491135873,56
0.017690143,0.015315494,1.4699442e-06,2.4677439,1.0,0.0,1.0,1.0,1000.0,0.0,1000.0,1000.0,-6.402635e-05,0.07384168,0.999963,-0.99998,1000.0,0.0,1000,1000,10,0.0011178180797327675,1.0,0.0,1.0,1.0,1000.0,0.0,1000.0,1000.0,-0.78815955,0.5369106,0.9999999,-1.0,1000.0,0.0,1000,1000,1000.0,580,580000,585,202.71610743604833,52.20324661099585,65.80953531496925,320.72888936201343,14773.119957550953,57
0.0086222235,0.013004431,2.7490314e-06,3.144056,1.0,0.0,1.0,1.0,1000.0,0.0,1000.0,1000.0,-6.708854e-05,0.073081754,0.9999383,-0.9999408,1000.0,0.0,1000,1000,10,0.000846194300255639,1.0,0.0,1.0,1.0,1000.0,0.0,1000.0,1000.0,-0.848167,0.46362242,0.99999994,-1.0,1000.0,0.0,1000,1000,1000.0,590,590000,595,188.22167226596503,48.97474182804581,64.02950733510079,301.2259214291116,15074.486194089986,58
0.002977932,0.01262616,1.6102238e-06,2.8572636,1.0,0.0,1.0,1.0,1000.0,0.0,1000.0,1000.0,-7.861674e-05,0.072933726,0.9998958,-0.9999996,1000.0,0.0,1000,1000,10,0.0008953589270489938,1.0,0.0,1.0,1.0,1000.0,0.0,1000.0,1000.0,-0.7053837,0.61049676,0.99999994,-1.0,1000.0,0.0,1000,1000,1000.0,600,600000,605,191.03748748789076,49.098607993044425,61.38886593905045,301.52496141998563,15378.138800046989,59
0.012322724,0.013029668,2.3263278e-06,2.8832095,1.0,0.0,1.0,1.0,1000.0,0.0,1000.0,1000.0,-7.8810015e-05,0.072699286,0.99996793,-0.99993235,1000.0,0.0,1000,1000,10,0.0009039250352345689,1.0,0.0,1.0,1.0,1000.0,0.0,1000.0,1000.0,-0.8950656,0.39127535,1.0,-1.0,1000.0,0.0,1000,1000,1000.0,610,610000,615,215.17895814304939,51.22948089998681,68.25165132293478,334.660090365971,15710.399370360887,60
0.014514979,0.013342337,7.788219e-07,2.715305,1.0,0.0,1.0,1.0,1000.0,0.0,1000.0,1000.0,-7.032447e-05,0.07534997,0.9999503,-0.99999595,1000.0,0.0,1000,1000,10,0.0009306678649053968,1.0,0.0,1.0,1.0,1000.0,0.0,1000.0,1000.0,-0.8918878,0.37247884,1.0,-1.0,1000.0,0.0,1000,1000,1000.0,620,620000,625,322.92114657495404,48.84702843497507,64.29204446199583,436.06021947192494,16144.582408081857,61
0.017789407,0.011858135,1.2564421e-06,2.7082686,1.0,0.0,1.0,1.0,1000.0,0.0,1000.0,1000.0,-7.655792e-05,0.07455158,0.99995285,-0.99999154,1000.0,0.0,1000,1000,10,0.0010148784396710247,1.0,0.0,1.0,1.0,1000.0,0.0,1000.0,1000.0,-0.81140745,0.5101383,0.99999994,-1.0,1000.0,0.0,1000,1000,1000.0,630,630000,635,237.5286323588225,46.96462602500105,65.27144464105368,349.76470302487724,16495.77057693171,62
0.009938209,0.013690872,5.8678097e-06,2.1813962,1.0,0.0,1.0,1.0,1000.0,0.0,1000.0,1000.0,-7.8547404e-05,0.07391331,0.99998564,-0.9999884,1000.0,0.0,1000,1000,10,0.00159434336746762,1.0,0.0,1.0,1.0,1000.0,0.0,1000.0,1000.0,-0.88544405,0.4006405,1.0,-1.0,1000.0,0.0,1000,1000,1000.0,640,640000,645,370.69739454216324,48.382540062011685,62.64669100404717,481.7266256082221,16977.02022490895,63
0.013535234,0.01001889,7.263952e-07,2.7937384,1.0,0.0,1.0,1.0,1000.0,0.0,1000.0,1000.0,-5.950786e-05,0.07326223,0.9999829,-0.9999814,1000.0,0.0,1000,1000,10,0.0007826260830618076,1.0,0.0,1.0,1.0,1000.0,0.0,1000.0,1000.0,-0.8235503,0.43991095,1.0,-1.0,1000.0,0.0,1000,1000,1000.0,650,650000,655,207.10341667587636,47.992927224957384,67.83859553589718,322.93493943673093,17299.866873345745,64
0.010004924,0.008477618,1.3188715e-06,2.7391443,1.0,0.0,1.0,1.0,1000.0,0.0,1000.0,1000.0,-6.686281e-05,0.07402271,0.99998814,-0.9999863,1000.0,0.0,1000,1000,10,0.0010390990704795481,1.0,0.0,1.0,1.0,1000.0,0.0,1000.0,1000.0,-0.8048213,0.443924,0.99999994,-1.0,1000.0,0.0,1000,1000,1000.0,660,660000,665,263.725999256887,47.82131400896469,67.35779461212223,378.90510787797393,17679.38964862679,65
0.0010345236,0.013997673,1.0279118e-06,2.4068875,1.0,0.0,1.0,1.0,1000.0,0.0,1000.0,1000.0,-6.0688268e-05,0.073171675,0.9999887,-0.999973,1000.0,0.0,1000,1000,10,0.0009635632223850035,1.0,0.0,1.0,1.0,1000.0,0.0,1000.0,1000.0,-0.82259756,0.42301306,0.9999997,-1.0,1000.0,0.0,1000,1000,1000.0,670,670000,675,232.79284630401526,48.457290140970144,62.280599671881646,343.53073611686705,18018.780371537607,66
0.01949485,0.010628936,1.4482488e-06,2.166182,1.0,0.0,1.0,1.0,1000.0,0.0,1000.0,1000.0,-7.1556315e-05,0.072319314,0.99997175,-0.99997807,1000.0,0.0,1000,1000,10,0.0008249809925357445,1.0,0.0,1.0,1.0,1000.0,0.0,1000.0,1000.0,-0.7177172,0.45149052,0.9999999,-1.0,1000.0,0.0,1000,1000,1000.0,680,680000,685,195.61485939688282,44.322709444968496,66.11122740095016,306.0487962428015,18327.966143390455,67
0.0015684573,0.009300677,2.3976268e-06,2.1070495,1.0,0.0,1.0,1.0,1000.0,0.0,1000.0,1000.0,-6.769945e-05,0.07197001,0.9999872,-0.9999848,1000.0,0.0,1000,1000,10,0.0008101493589661765,1.0,0.0,1.0,1.0,1000.0,0.0,1000.0,1000.0,-0.6488755,0.48982218,0.99999994,-1.0,1000.0,0.0,1000,1000,1000.0,690,690000,695,235.71811409288784,47.478597076027654,64.62226558191469,347.8189767508302,18677.153943047335,68
0.0075054457,0.009586616,3.429404e-06,2.0358543,1.0,0.0,1.0,1.0,1000.0,0.0,1000.0,1000.0,-6.2343905e-05,0.07356763,0.9999951,-0.9999928,1000.0,0.0,1000,1000,10,0.0007640457940758814,1.0,0.0,1.0,1.0,1000.0,0.0,1000.0,1000.0,-0.5965541,0.53374,1.0,-1.0,1000.0,0.0,1000,1000,1000.0,700,700000,705,499.38393299811287,48.8215137340012,64.33506101492094,612.540507747035,19291.27430519124,69
0.02472882,0.010277888,2.079787e-06,2.2221353,1.0,0.0,1.0,1.0,1000.0,0.0,1000.0,1000.0,-6.5067296e-05,0.07411188,0.9999928,-0.9999193,1000.0,0.0,1000,1000,10,0.001287554761355331,1.0,0.0,1.0,1.0,1000.0,0.0,1000.0,1000.0,-0.6054777,0.53149855,1.0,-1.0,1000.0,0.0,1000,1000,1000.0,710,710000,715,321.7736514839926,50.74170328397304,66.97371452697553,439.48906929494115,19731.070708904183,70
0.03504342,0.016300961,4.7453154e-06,2.3043184,1.0,0.0,1.0,1.0,1000.0,0.0,1000.0,1000.0,-6.771653e-05,0.07210619,0.9999981,-0.9999801,1000.0,0.0,1000,1000,10,0.0009005978184027969,1.0,0.0,1.0,1.0,1000.0,0.0,1000.0,1000.0,-0.6088841,0.5111211,0.99999994,-1.0,1000.0,0.0,1000,1000,1000.0,720,720000,725,221.26129169407068,50.7670486549614,66.39109169790754,338.4194320469396,20068.78623900318,71
0.015474438,0.011364946,1.1349628e-06,2.5670645,1.0,0.0,1.0,1.0,1000.0,0.0,1000.0,1000.0,-7.582237e-05,0.07407928,0.99999785,-0.9998917,1000.0,0.0,1000,1000,10,0.0009796300012675744,1.0,0.0,1.0,1.0,1000.0,0.0,1000.0,1000.0,-0.5893433,0.530491,1.0,-1.0,1000.0,0.0,1000,1000,1000.0,730,730000,735,288.87229880003724,50.01899824698921,69.93161029095063,408.8229073379771,20479.93467064912,72
0.008632438,0.012121136,6.591548e-07,122.71979,1.0,0.0,1.0,1.0,1000.0,0.0,1000.0,1000.0,-4.8256454e-05,0.07399338,0.9999937,-0.9999882,1000.0,0.0,1000,1000,10,0.0010903323126203598,1.0,0.0,1.0,1.0,1000.0,0.0,1000.0,1000.0,-0.70428026,0.4705408,1.0,-1.0,1000.0,0.0,1000,1000,1000.0,740,740000,745,310.45341653295327,52.3460495719919,70.1154867738951,432.91495287884027,20912.88749619492,73
0.009037351,0.009640785,1.3633971e-06,105.586205,1.0,0.0,1.0,1.0,1000.0,0.0,1000.0,1000.0,-6.560244e-05,0.072440214,0.9999961,-0.9999144,1000.0,0.0,1000,1000,10,0.0008648933937780546,1.0,0.0,1.0,1.0,1000.0,0.0,1000.0,1000.0,-0.59533143,0.5205199,0.99999994,-1.0,1000.0,0.0,1000,1000,1000.0,750,750000,755,361.8666937330854,52.43693387496751,67.74111473403173,482.04474234208465,21388.792764129117,74
0.004927298,0.011170938,4.0498588e-07,1.9909436,1.0,0.0,1.0,1.0,1000.0,0.0,1000.0,1000.0,-6.501637e-05,0.0731882,0.9999983,-0.99997735,1000.0,0.0,1000,1000,10,0.0011925164798042426,1.0,0.0,1.0,1.0,1000.0,0.0,1000.0,1000.0,-0.538533,0.5581551,0.99999994,-1.0,1000.0,0.0,1000,1000,1000.0,760,760000,765,273.0930174420937,46.272242559003644,64.80207636510022,384.16733636619756,21772.77031307132,75
0.0055128103,0.011861732,1.4554465e-06,2.5962436,1.0,0.0,1.0,1.0,1000.0,0.0,1000.0,1000.0,-7.03858e-05,0.07321109,0.9999963,-0.9999639,1000.0,0.0,1000,1000,10,0.0007649846186644683,1.0,0.0,1.0,1.0,1000.0,0.0,1000.0,1000.0,-0.55187434,0.5469998,1.0,-1.0,1000.0,0.0,1000,1000,1000.0,770,770000,775,344.286197621841,46.08843990700552,64.89570561394794,455.27034314279445,22233.76001674612,76
0.007061584,0.013002519,9.035077e-07,1.995512,1.0,0.0,1.0,1.0,1000.0,0.0,1000.0,1000.0,-6.572862e-05,0.07276791,0.99999666,-0.9999484,1000.0,0.0,1000,1000,10,0.0007334021949168041,1.0,0.0,1.0,1.0,1000.0,0.0,1000.0,1000.0,-0.5055462,0.56971914,1.0,-1.0,1000.0,0.0,1000,1000,1000.0,780,780000,785,368.4104822460795,51.802193539973814,64.62524393998319,484.8379197260365,22716.640675983275,77
0.0072295032,0.010786055,8.4577596e-07,3.5990052,1.0,0.0,1.0,1.0,1000.0,0.0,1000.0,1000.0,-6.5045926e-05,0.07126058,0.9999895,-0.9999915,1000.0,0.0,1000,1000,10,0.0009949332241763597,1.0,0.0,1.0,1.0,1000.0,0.0,1000.0,1000.0,-0.44451925,0.62069845,1.0,-1.0,1000.0,0.0,1000,1000,1000.0,790,790000,795,490.5161806058604,49.85471900703851,68.39546809205785,608.7663677049568,23323.835893343203,78
0.010461269,0.011449719,1.1060841e-06,2.517337,1.0,0.0,1.0,1.0,1000.0,0.0,1000.0,1000.0,-7.160835e-05,0.07049917,0.99999666,-0.9999733,1000.0,0.0,1000,1000,10,0.0008849240846104057,1.0,0.0,1.0,1.0,1000.0,0.0,1000.0,1000.0,-0.39440262,0.69007415,1.0,-1.0,1000.0,0.0,1000,1000,1000.0,800,800000,805,240.20663780299947,48.29500426101731,65.6498822121066,354.1515242761234,23677.69521184644,79
0.00852493,0.01459699,7.414599e-07,3.3850174,1.0,0.0,1.0,1.0,1000.0,0.0,1000.0,1000.0,-5.3644253e-05,0.072925605,0.9999944,-0.99999106,1000.0,0.0,1000,1000,10,0.000874165396214408,1.0,0.0,1.0,1.0,1000.0,0.0,1000.0,1000.0,-0.38545087,0.6745539,1.0,-1.0,1000.0,0.0,1000,1000,1000.0,810,810000,815,335.39951285894495,47.976594389998354,67.4888553909841,450.8649626399274,24130.933941223368,80
0.0070839403,0.013113857,6.834661e-07,2.3844624,1.0,0.0,1.0,1.0,1000.0,0.0,1000.0,1000.0,-6.482334e-05,0.0733423,0.99999803,-0.99999744,1000.0,0.0,1000,1000,10,0.0009637510353776481,1.0,0.0,1.0,1.0,1000.0,0.0,1000.0,1000.0,-0.39538556,0.67299956,1.0,-1.0,1000.0,0.0,1000,1000,1000.0,820,820000,825,340.0679566320614,50.37839929101756,64.9555400289828,455.40189595206175,24583.880654382403,81
0.033263348,0.0129405605,5.083386e-06,2.8226914,1.0,0.0,1.0,1.0,1000.0,0.0,1000.0,1000.0,-5.5704004e-05,0.07343942,0.99999005,-0.99999887,1000.0,0.0,1000,1000,10,0.0006367411028389025,1.0,0.0,1.0,1.0,1000.0,0.0,1000.0,1000.0,-0.41015908,0.6474778,1.0,-1.0,1000.0,0.0,1000,1000,1000.0,830,830000,835,367.4003603490419,47.93758602801245,63.728967441944405,479.0669138189987,25067.672367368417,82
0.00040483312,0.011493917,1.3844494e-06,166.25204,1.0,0.0,1.0,1.0,1000.0,0.0,1000.0,1000.0,-6.641001e-05,0.07376533,0.9999944,-0.9999987,1000.0,0.0,1000,1000,10,0.0009414466176926986,1.0,0.0,1.0,1.0,1000.0,0.0,1000.0,1000.0,-0.4344416,0.66338885,1.0,-1.0,1000.0,0.0,1000,1000,1000.0,840,840000,845,276.3791152629419,52.63153487001546,63.30058771005133,392.3112378430087,25457.927413518482,83
0.013231617,0.015839579,9.3238464e-07,119.97935,1.0,0.0,1.0,1.0,1000.0,0.0,1000.0,1000.0,-7.304815e-05,0.07209743,0.99999684,-0.9999976,1000.0,0.0,1000,1000,10,0.0007412456020471069,1.0,0.0,1.0,1.0,1000.0,0.0,1000.0,1000.0,-0.3766489,0.67916524,1.0,-1.0,1000.0,0.0,1000,1000,1000.0,850,850000,855,227.0660580190597,50.60560599697055,64.68229046283523,342.3539544788655,25795.69339950435,84
0.008360981,0.013539711,1.0107369e-06,2.4107168,1.0,0.0,1.0,1.0,1000.0,0.0,1000.0,1000.0,-6.068735e-05,0.07482091,0.9999935,-0.99999017,1000.0,0.0,1000,1000,10,0.0007718180698059376,1.0,0.0,1.0,1.0,1000.0,0.0,1000.0,1000.0,-0.36838672,0.7024906,1.0,-1.0,1000.0,0.0,1000,1000,1000.0,860,860000,865,233.70335601089755,46.01432974805357,65.37527162500191,345.09295738395303,26140.874902113166,85
0.0042873695,0.013252168,3.3915244e-06,2.6988661,1.0,0.0,1.0,1.0,1000.0,0.0,1000.0,1000.0,-5.7590903e-05,0.07226108,0.99999523,-0.9999995,1000.0,0.0,1000,1000,10,0.000901535069560969,1.0,0.0,1.0,1.0,1000.0,0.0,1000.0,1000.0,-0.3849542,0.69126576,1.0,-1.0,1000.0,0.0,1000,1000,1000.0,870,870000,875,459.0843592560268,46.08361555595184,64.71300120506203,569.8809760170407,26714.115162633185,86
0.0074059307,0.013295676,2.4411816e-06,2.712151,1.0,0.0,1.0,1.0,1000.0,0.0,1000.0,1000.0,-7.578561e-05,0.072610416,0.9999828,-0.99999917,1000.0,0.0,1000,1000,10,0.0008513208198021779,1.0,0.0,1.0,1.0,1000.0,0.0,1000.0,1000.0,-0.39277667,0.6759396,1.0,-1.0,1000.0,0.0,1000,1000,1000.0,880,880000,885,260.6119250151096,49.53327310399618,63.28016846306855,373.4253665821743,27086.107996295323,87
0.032100968,0.013918075,4.377728e-06,2.2638335,1.0,0.0,1.0,1.0,1000.0,0.0,1000.0,1000.0,-6.741126e-05,0.07145091,0.9999987,-0.9999996,1000.0,0.0,1000,1000,10,0.0008319380730913863,1.0,0.0,1.0,1.0,1000.0,0.0,1000.0,1000.0,-0.37986612,0.69969076,1.0,-1.0,1000.0,0.0,1000,1000,1000.0,890,890000,895,240.92818213201826,48.0193896839628,64.72711263003293,353.674684446014,27442.087886983412,88
0.01401036,0.013895013,2.0447826e-06,3.0304155,1.0,0.0,1.0,1.0,1000.0,0.0,1000.0,1000.0,-6.645735e-05,0.071481965,0.9999976,-0.9999982,1000.0,0.0,1000,1000,10,0.0008757005771188186,1.0,0.0,1.0,1.0,1000.0,0.0,1000.0,1000.0,-0.39041635,0.72146946,1.0,-1.0,1000.0,0.0,1000,1000,1000.0,900,900000,905,318.8350629499182,50.33208356698742,65.79030925396364,434.9574557708693,27877.783987170318,89
0.023549765,0.011361518,1.6379562e-06,218.77452,1.0,0.0,1.0,1.0,1000.0,0.0,1000.0,1000.0,-7.030925e-05,0.07239251,0.99999,-0.9999979,1000.0,0.0,1000,1000,10,0.0008396164526453293,1.0,0.0,1.0,1.0,1000.0,0.0,1000.0,1000.0,-0.44464862,0.7205973,1.0,-1.0,1000.0,0.0,1000,1000,1000.0,910,910000,915,240.9885963270208,51.08369393995963,66.74237857892876,358.8146688459092,28236.4939440242,90
0.018865695,0.014400935,1.3655607e-06,462.10074,1.0,0.0,1.0,1.0,1000.0,0.0,1000.0,1000.0,-7.3201496e-05,0.07166925,0.9999842,-0.99999946,1000.0,0.0,1000,1000,10,0.0008498690771005764,1.0,0.0,1.0,1.0,1000.0,0.0,1000.0,1000.0,-0.51275015,0.7108048,1.0,-1.0,1000.0,0.0,1000,1000,1000.0,920,920000,925,376.5824454460526,51.0521862260066,64.08513645699713,491.7197681290563,28727.760165072163,91
0.010341844,0.0123945065,2.7683345e-06,355.8266,1.0,0.0,1.0,1.0,1000.0,0.0,1000.0,1000.0,-6.8495436e-05,0.07489006,0.99999577,-0.9999997,1000.0,0.0,1000,1000,10,0.0010718515790665098,1.0,0.0,1.0,1.0,1000.0,0.0,1000.0,1000.0,-0.38359877,0.73810184,1.0,-1.0,1000.0,0.0,1000,1000,1000.0,930,930000,935,570.2962011210038,50.53553375595948,66.43216167093487,687.2638965478982,29411.14777817711,92
0.012711362,0.01498966,1.1718255e-06,3.129817,1.0,0.0,1.0,1.0,1000.0,0.0,1000.0,1000.0,-6.388027e-05,0.07293732,0.9999826,-0.99999994,1000.0,0.0,1000,1000,10,0.0009467252070279488,1.0,0.0,1.0,1.0,1000.0,0.0,1000.0,1000.0,-0.3930264,0.72671324,1.0,-1.0,1000.0,0.0,1000,1000,1000.0,940,940000,945,383.9707445401,46.682726119004656,65.19323831988731,495.84670897899196,29909.4261199272,93
0.021915864,0.01120253,1.6747574e-06,2.3450646,1.0,0.0,1.0,1.0,1000.0,0.0,1000.0,1000.0,-7.600358e-05,0.071260855,0.99999386,-1.0,1000.0,0.0,1000,1000,10,0.0008231047336318845,1.0,0.0,1.0,1.0,1000.0,0.0,1000.0,1000.0,-0.38180143,0.73763746,1.0,-1.0,1000.0,0.0,1000,1000,1000.0,950,950000,955,308.2209564180812,49.1314260950312,67.08235699008219,424.4347395031946,30333.372285877296,94
0.009112413,0.018282967,2.7255198e-06,428.12665,1.0,0.0,1.0,1.0,1000.0,0.0,1000.0,1000.0,-7.424223e-05,0.07340515,0.99999714,-0.99999994,1000.0,0.0,1000,1000,10,0.0006829665511390038,1.0,0.0,1.0,1.0,1000.0,0.0,1000.0,1000.0,-0.50876886,0.7120127,1.0,-1.0,1000.0,0.0,1000,1000,1000.0,960,960000,965,394.1701309219352,48.59759939799551,66.58960917592049,509.3573394958512,30840.86022770818,95
0.009458306,0.009439192,5.347737e-07,939.55505,1.0,0.0,1.0,1.0,1000.0,0.0,1000.0,1000.0,-6.570266e-05,0.073935054,0.99999344,-1.0,1000.0,0.0,1000,1000,10,0.0009792333782540302,1.0,0.0,1.0,1.0,1000.0,0.0,1000.0,1000.0,-0.56681716,0.6947354,1.0,-1.0,1000.0,0.0,1000,1000,1000.0,970,970000,975,254.709550620988,46.750999265990686,68.11377369402908,369.5743235810078,31213.427099315275,96
0.009127752,0.012612477,5.7365023e-06,1021.5775,1.0,0.0,1.0,1.0,1000.0,0.0,1000.0,1000.0,-6.4217e-05,0.071276315,0.9999987,-1.0,1000.0,0.0,1000,1000,10,0.0008222130663715017,1.0,0.0,1.0,1.0,1000.0,0.0,1000.0,1000.0,-0.51891154,0.7167838,1.0,-1.0,1000.0,0.0,1000,1000,1000.0,980,980000,985,308.67744780000066,49.74087806401076,66.90985319809988,425.3281790621113,31641.238590641355,97
0.00014227167,0.013063659,1.4512955e-06,333.01813,1.0,0.0,1.0,1.0,1000.0,0.0,1000.0,1000.0,-6.746521e-05,0.07062412,0.999998,-1.0,1000.0,0.0,1000,1000,10,0.0007327264616356523,1.0,0.0,1.0,1.0,1000.0,0.0,1000.0,1000.0,-0.40623152,0.7382793,1.0,-1.0,1000.0,0.0,1000,1000,1000.0,990,990000,995,520.4882102940464,52.22691212699283,66.64953495009104,639.3646573711303,32277.38865963649,98
0.0188028,0.013388448,1.3711017e-06,202.37924,1.0,0.0,1.0,1.0,1000.0,0.0,1000.0,1000.0,-7.0871894e-05,0.07279287,0.9999989,-1.0,1000.0,0.0,1000,1000,10,0.0008392851689955055,1.0,0.0,1.0,1.0,1000.0,0.0,1000.0,1000.0,-0.4573458,0.7459944,1.0,-1.0,1000.0,0.0,1000,1000,1000.0,1000,1000000,1005,288.42813160509104,49.05538155295653,67.8326753769652,405.31618853501277,32684.984534691495,99
0.009982712,0.01751335,2.5960746e-06,487.65717,1.0,0.0,1.0,1.0,1000.0,0.0,1000.0,1000.0,-6.371636e-05,0.07094737,0.9999986,-0.9999996,1000.0,0.0,1000,1000,10,0.00064499725017945,1.0,0.0,1.0,1.0,1000.0,0.0,1000.0,1000.0,-0.5267349,0.72018635,1.0,-1.0,1000.0,0.0,1000,1000,1000.0,1010,1010000,1015,319.9483301229775,51.32711424300214,64.9817966511473,436.25724101712694,33119.76045517973,100
0.012857533,0.009138351,2.7562432e-06,651.5188,1.0,0.0,1.0,1.0,1000.0,0.0,1000.0,1000.0,-6.679952e-05,0.06990995,0.99999905,-1.0,1000.0,0.0,1000,1000,10,0.0006859472278228989,1.0,0.0,1.0,1.0,1000.0,0.0,1000.0,1000.0,-0.52870744,0.7288061,1.0,-1.0,1000.0,0.0,1000,1000,1000.0,1020,1020000,1025,378.20545807795133,49.80214351898758,65.25079161097528,493.2583932079142,33614.390227813565,101
0.009930202,0.015675109,2.8448076e-06,648.8987,1.0,0.0,1.0,1.0,1000.0,0.0,1000.0,1000.0,-6.573752e-05,0.07349622,0.99999756,-1.0,1000.0,0.0,1000,1000,10,0.0008551624103311551,1.0,0.0,1.0,1.0,1000.0,0.0,1000.0,1000.0,-0.52609533,0.7280305,1.0,-1.0,1000.0,0.0,1000,1000,1000.0,1030,1030000,1035,288.324140754994,51.18225362699013,65.6455813649809,405.15197574696504,34021.23840336851,102
0.014899435,0.01484538,1.1283225e-06,380.8913,1.0,0.0,1.0,1.0,1000.0,0.0,1000.0,1000.0,-5.6394805e-05,0.07225235,0.9999975,-1.0,1000.0,0.0,1000,1000,10,0.0009914398069294172,1.0,0.0,1.0,1.0,1000.0,0.0,1000.0,1000.0,-0.41370592,0.76561856,1.0,-1.0,1000.0,0.0,1000,1000,1000.0,1040,1040000,1045,262.40056686202297,52.88235748501029,64.78511354915099,380.06803789618425,34400.86727166962,103
0.0016321571,0.009680688,1.8196263e-06,219.47348,1.0,0.0,1.0,1.0,1000.0,0.0,1000.0,1000.0,-7.233291e-05,0.07344692,0.9999994,-1.0,1000.0,0.0,1000,1000,10,0.0011828757904618866,1.0,0.0,1.0,1.0,1000.0,0.0,1000.0,1000.0,-0.47481626,0.74621546,1.0,-1.0,1000.0,0.0,1000,1000,1000.0,1050,1050000,1055,379.04194884194294,52.445256924955174,68.84635084500769,500.3335566119058,34901.64138428157,104
0.0043059182,0.009636627,2.7046483e-06,189.472,1.0,0.0,1.0,1.0,1000.0,0.0,1000.0,1000.0,-7.798196e-05,0.07290033,0.9999997,-1.0,1000.0,0.0,1000,1000,10,0.0011487327293888039,1.0,0.0,1.0,1.0,1000.0,0.0,1000.0,1000.0,-0.42075357,0.7692058,1.0,-1.0,1000.0,0.0,1000,1000,1000.0,1060,1060000,1065,348.9783004320343,52.89237206999678,64.79894827597309,466.6696207780042,35363.88744850061,105
0.0065100524,0.008247364,4.2512613e-07,118.57179,1.0,0.0,1.0,1.0,1000.0,0.0,1000.0,1000.0,-6.8745634e-05,0.072636254,0.9999995,-1.0,1000.0,0.0,1000,1000,10,0.0007808058809868838,1.0,0.0,1.0,1.0,1000.0,0.0,1000.0,1000.0,-0.4768842,0.74786127,1.0,-1.0,1000.0,0.0,1000,1000,1000.0,1070,1070000,1075,260.9564010450267,48.47099767299369,65.65916022105375,375.08655893907417,35741.8826612258,106
0.009313725,0.01016797,5.088126e-07,146.88713,1.0,0.0,1.0,1.0,1000.0,0.0,1000.0,1000.0,-5.4939414e-05,0.073982485,0.9999993,-1.0,1000.0,0.0,1000,1000,10,0.0010520573975453323,1.0,0.0,1.0,1.0,1000.0,0.0,1000.0,1000.0,-0.41308776,0.7630317,1.0,-1.0,1000.0,0.0,1000,1000,1000.0,1080,1080000,1085,258.9356262968504,51.3846001449856,66.11626047594473,376.4364869177807,36120.218726998486,107
0.010858505,0.012476144,2.36782e-06,359.1194,1.0,0.0,1.0,1.0,1000.0,0.0,1000.0,1000.0,-7.1880844e-05,0.07270179,0.99999976,-1.0,1000.0,0.0,1000,1000,10,0.0008558805860073944,1.0,0.0,1.0,1.0,1000.0,0.0,1000.0,1000.0,-0.26667652,0.8419176,1.0,-1.0,1000.0,0.0,1000,1000,1000.0,1090,1090000,1095,437.49379018711625,53.307501121016685,68.97675679915119,559.7780481072841,36677.75933810277,108
0.004728647,0.009516459,2.8230053e-07,452.6311,1.0,0.0,1.0,1.0,1000.0,0.0,1000.0,1000.0,-6.393436e-05,0.07410431,0.99999994,-1.0,1000.0,0.0,1000,1000,10,0.001153803124520995,1.0,0.0,1.0,1.0,1000.0,0.0,1000.0,1000.0,-0.284086,0.84207934,1.0,-1.0,1000.0,0.0,1000,1000,1000.0,1100,1100000,1105,319.0625989229884,51.098466155002825,69.16888697107788,439.3299520490691,37116.40628735692,109
0.0113591505,0.010932858,1.6619008e-06,204.80167,1.0,0.0,1.0,1.0,1000.0,0.0,1000.0,1000.0,-6.528212e-05,0.07215039,0.99999994,-1.0,1000.0,0.0,1000,1000,10,0.0008122889231413722,1.0,0.0,1.0,1.0,1000.0,0.0,1000.0,1000.0,-0.40804243,0.7676962,1.0,-1.0,1000.0,0.0,1000,1000,1000.0,1110,1110000,1115,319.49388398893643,50.435158144973684,70.14700202597305,440.07604415988317,37557.89021988469,110
0.008977619,0.010987831,5.82843e-07,3.1114957,1.0,0.0,1.0,1.0,1000.0,0.0,1000.0,1000.0,-6.6420595e-05,0.07141085,0.99999994,-1.0,1000.0,0.0,1000,1000,10,0.0007754940258504591,1.0,0.0,1.0,1.0,1000.0,0.0,1000.0,1000.0,-0.41569692,0.7713731,1.0,-1.0,1000.0,0.0,1000,1000,1000.0,1120,1120000,1125,287.35330389701994,51.87049455702072,69.71775680594146,408.9415552599821,37967.46039745177,111
0.007947129,0.013962239,3.0212918e-06,3.6834893,1.0,0.0,1.0,1.0,1000.0,0.0,1000.0,1000.0,-6.5769695e-05,0.072414644,0.99999976,-1.0,1000.0,0.0,1000,1000,10,0.0007812134890167427,1.0,0.0,1.0,1.0,1000.0,0.0,1000.0,1000.0,-0.42593238,0.7695396,1.0,-1.0,1000.0,0.0,1000,1000,1000.0,1130,1130000,1135,431.9918063911027,52.50746279297164,68.34288571414072,552.8421548982151,38516.82653516298,112
0.015587969,0.009106449,3.8304306e-06,193.28244,1.0,0.0,1.0,1.0,1000.0,0.0,1000.0,1000.0,-6.376745e-05,0.072436586,0.99999994,-1.0,1000.0,0.0,1000,1000,10,0.0009814325578008751,1.0,0.0,1.0,1.0,1000.0,0.0,1000.0,1000.0,-0.4738365,0.7517723,1.0,-1.0,1000.0,0.0,1000,1000,1000.0,1140,1140000,1145,348.9312094610068,49.053249037009664,64.38327483198373,462.3677333300002,38976.387021675066,113
0.008876483,0.008879827,8.5536504e-07,252.78113,1.0,0.0,1.0,1.0,1000.0,0.0,1000.0,1000.0,-5.9237467e-05,0.072695166,1.0,-1.0,1000.0,0.0,1000,1000,10,0.0008736526253909101,1.0,0.0,1.0,1.0,1000.0,0.0,1000.0,1000.0,-0.41477352,0.7671644,1.0,-1.0,1000.0,0.0,1000,1000,1000.0,1150,1150000,1155,322.88215711305384,46.25303351401817,64.92990281397942,434.06509344105143,39411.87760162604,114
0.008872112,0.009239945,6.939133e-07,128.88745,1.0,0.0,1.0,1.0,1000.0,0.0,1000.0,1000.0,-6.818004e-05,0.07243442,1.0,-0.99999994,1000.0,0.0,1000,1000,10,0.0009200503052600812,1.0,0.0,1.0,1.0,1000.0,0.0,1000.0,1000.0,-0.47801358,0.74786055,1.0,-1.0,1000.0,0.0,1000,1000,1000.0,1160,1160000,1165,381.91020418406697,47.70261135499459,68.71625930600567,498.3290748450672,39913.47791725211,115
0.0064342944,0.011656059,1.335505e-06,335.64755,1.0,0.0,1.0,1.0,1000.0,0.0,1000.0,1000.0,-6.266555e-05,0.07155205,0.9999998,-1.0,1000.0,0.0,1000,1000,10,0.0008338799571582827,1.0,0.0,1.0,1.0,1000.0,0.0,1000.0,1000.0,-0.47085243,0.7427816,1.0,-1.0,1000.0,0.0,1000,1000,1000.0,1170,1170000,1175,349.19207290402846,50.993684934976045,70.33955067000352,470.525308509008,40384.624205234286,116
0.003312707,0.009521619,4.4745593e-06,229.86206,1.0,0.0,1.0,1.0,1000.0,0.0,1000.0,1000.0,-7.1864e-05,0.0722883,1.0,-1.0,1000.0,0.0,1000,1000,10,0.0011163380337685489,1.0,0.0,1.0,1.0,1000.0,0.0,1000.0,1000.0,-0.4260549,0.7679552,1.0,-1.0,1000.0,0.0,1000,1000,1000.0,1180,1180000,1185,498.339391430025,51.599241410032846,65.29993383015972,615.2385666702176,40998.95547678339,117
0.004640206,0.008810491,2.3850444e-06,604.3806,1.0,0.0,1.0,1.0,1000.0,0.0,1000.0,1000.0,-5.7962912e-05,0.072818555,1.0,-1.0,1000.0,0.0,1000,1000,10,0.0010257232220140433,1.0,0.0,1.0,1.0,1000.0,0.0,1000.0,1000.0,-0.5665916,0.7109611,1.0,-1.0,1000.0,0.0,1000,1000,1000.0,1190,1190000,1195,323.7849721231614,50.71771853900282,68.64916616806295,443.1518568302272,41440.70822644356,118
0.015465828,0.011056499,1.0989629e-06,398.45648,1.0,0.0,1.0,1.0,1000.0,0.0,1000.0,1000.0,-6.866549e-05,0.07407828,1.0,-1.0,1000.0,0.0,1000,1000,10,0.0007246060982329599,1.0,0.0,1.0,1.0,1000.0,0.0,1000.0,1000.0,-0.411638,0.7797682,1.0,-1.0,1000.0,0.0,1000,1000,1000.0,1200,1200000,1205,380.71707976807375,49.34668861399405,65.91360880702268,495.9773771890905,41937.91784407763,119
0.004275358,0.0046099774,1.1014629e-06,3.8776689,1.0,0.0,1.0,1.0,1000.0,0.0,1000.0,1000.0,-6.482777e-05,0.07278815,1.0,-1.0,1000.0,0.0,1000,1000,10,0.001007455302797318,1.0,0.0,1.0,1.0,1000.0,0.0,1000.0,1000.0,-0.42346886,0.77303827,1.0,-1.0,1000.0,0.0,1000,1000,1000.0,1210,1210000,1215,351.69482115091523,50.58126780198654,69.43598871986615,471.7120776727679,42410.756784847414,120
0.012021919,0.012281941,6.0740413e-06,3.0015998,1.0,0.0,1.0,1.0,1000.0,0.0,1000.0,1000.0,-6.3591324e-05,0.07104726,1.0,-1.0,1000.0,0.0,1000,1000,10,0.0007213586711914771,1.0,0.0,1.0,1.0,1000.0,0.0,1000.0,1000.0,-0.4256302,0.78012514,1.0,-1.0,1000.0,0.0,1000,1000,1000.0,1220,1220000,1225,351.9228275020141,51.708352177985944,70.82210638391552,474.4532860639156,42883.92863512621,121
0.0071515036,0.0077606337,6.380178e-07,3.9476774,1.0,0.0,1.0,1.0,1000.0,0.0,1000.0,1000.0,-6.6341665e-05,0.070805155,1.0,-1.0,1000.0,0.0,1000,1000,10,0.0007598024231983047,1.0,0.0,1.0,1.0,1000.0,0.0,1000.0,1000.0,-0.4220348,0.7818698,1.0,-1.0,1000.0,0.0,1000,1000,1000.0,1230,1230000,1235,406.0926863940549,50.465245005034376,63.39394993003225,519.9518813291215,43399.71367898834,122
0.005917325,0.0077541014,1.267135e-06,3.6664915,1.0,0.0,1.0,1.0,1000.0,0.0,1000.0,1000.0,-5.4109965e-05,0.07219504,1.0,-1.0,1000.0,0.0,1000,1000,10,0.0005832012542989002,1.0,0.0,1.0,1.0,1000.0,0.0,1000.0,1000.0,-0.42092887,0.7823618,1.0,-1.0,1000.0,0.0,1000,1000,1000.0,1240,1240000,1245,505.19143622991396,46.30842377402587,69.1456799780135,620.6455399819533,44025.54020697926,123
0.004845205,0.0071750213,7.2032026e-07,4.23698,1.0,0.0,1.0,1.0,1000.0,0.0,1000.0,1000.0,-6.882927e-05,0.07162446,1.0,-1.0,1000.0,0.0,1000,1000,10,0.0007868361467450628,1.0,0.0,1.0,1.0,1000.0,0.0,1000.0,1000.0,-0.4243473,0.7844657,1.0,-1.0,1000.0,0.0,1000,1000,1000.0,1250,1250000,1255,261.3781098310719,51.51747729501221,67.36161285010166,380.2571999761858,44404.227903913474,124
0.01051923,0.00647812,1.0820613e-06,3.1585677,1.0,0.0,1.0,1.0,1000.0,0.0,1000.0,1000.0,-6.718064e-05,0.074562535,0.99999976,-1.0,1000.0,0.0,1000,1000,10,0.0009346244240231452,1.0,0.0,1.0,1.0,1000.0,0.0,1000.0,1000.0,-0.4180802,0.7846868,1.0,-1.0,1000.0,0.0,1000,1000,1000.0,1260,1260000,1265,350.1246589050279,49.950200252991635,63.10965025785845,463.184509415878,44866.34918876138,125
0.008504856,0.0076027014,9.121974e-07,430.53845,1.0,0.0,1.0,1.0,1000.0,0.0,1000.0,1000.0,-6.5154585e-05,0.07294821,0.99999994,-1.0,1000.0,0.0,1000,1000,10,0.0009416266686143057,1.0,0.0,1.0,1.0,1000.0,0.0,1000.0,1000.0,-0.52434856,0.74770844,1.0,-1.0,1000.0,0.0,1000,1000,1000.0,1270,1270000,1275,500.4079233680386,48.9123345700209,69.0402006850345,618.360458623094,45488.76896750141,126
0.008436648,0.007580734,1.0914364e-06,348.5609,1.0,0.0,1.0,1.0,1000.0,0.0,1000.0,1000.0,-7.42918e-05,0.07244763,1.0,-1.0,1000.0,0.0,1000,1000,10,0.0007543479534713923,1.0,0.0,1.0,1.0,1000.0,0.0,1000.0,1000.0,-0.42989537,0.7877852,1.0,-1.0,1000.0,0.0,1000,1000,1000.0,1280,1280000,1285,376.66596267785644,52.973149104975164,69.3827779829735,499.0218897658051,45986.08334585931,127
0.005867173,0.0072142454,1.4051179e-06,3.9376779,1.0,0.0,1.0,1.0,1000.0,0.0,1000.0,1000.0,-7.579242e-05,0.073386505,1.0,-1.0,1000.0,0.0,1000,1000,10,0.0007452807131893255,1.0,0.0,1.0,1.0,1000.0,0.0,1000.0,1000.0,-0.41762826,0.7869458,1.0,-1.0,1000.0,0.0,1000,1000,1000.0,1290,1290000,1295,293.9411725970567,51.29094160097884,67.38267679704586,412.6147909950814,46399.04599835345,128
0.0025165793,0.0060479785,6.668725e-07,193.612,1.0,0.0,1.0,1.0,1000.0,0.0,1000.0,1000.0,-6.479778e-05,0.073070034,1.0,-1.0,1000.0,0.0,1000,1000,10,0.0008837579836432697,1.0,0.0,1.0,1.0,1000.0,0.0,1000.0,1000.0,-0.46637568,0.77511114,1.0,-1.0,1000.0,0.0,1000,1000,1000.0,1300,1300000,1305,623.1488991030492,51.64132535102544,66.7929603169905,741.5831847710651,47137.77278948546,129
0.008755507,0.009766023,1.3247627e-06,134.36043,1.0,0.0,1.0,1.0,1000.0,0.0,1000.0,1000.0,-6.143831e-05,0.07302069,1.0,-1.0,1000.0,0.0,1000,1000,10,0.0006945337051500764,1.0,0.0,1.0,1.0,1000.0,0.0,1000.0,1000.0,-0.40865317,0.7954619,1.0,-1.0,1000.0,0.0,1000,1000,1000.0,1310,1310000,1315,433.61101080599474,48.78836977900937,64.1317105240305,546.5310911090346,47687.15325722849,130
0.0053764074,0.0071199415,2.1992e-06,780.7396,1.0,0.0,1.0,1.0,1000.0,0.0,1000.0,1000.0,-6.5176224e-05,0.07375083,1.0,-1.0,1000.0,0.0,1000,1000,10,0.0009086501530285902,1.0,0.0,1.0,1.0,1000.0,0.0,1000.0,1000.0,-0.6373525,0.68610233,1.0,-1.0,1000.0,0.0,1000,1000,1000.0,1320,1320000,1325,471.88413347507594,51.637634909013286,69.68257337791147,593.2043417620007,48278.124232114526,131
0.0064577707,0.0069537563,9.986146e-07,720.4765,1.0,0.0,1.0,1.0,1000.0,0.0,1000.0,1000.0,-7.150701e-05,0.07003144,1.0,-1.0,1000.0,0.0,1000,1000,10,0.000727036503848154,1.0,0.0,1.0,1.0,1000.0,0.0,1000.0,1000.0,-0.4193124,0.7904471,1.0,-1.0,1000.0,0.0,1000,1000,1000.0,1330,1330000,1335,260.6780359110562,49.432889846968465,67.83417552022729,377.94510127825197,48658.38453216973,132
0.011451797,0.006765103,9.567013e-07,4.309867,1.0,0.0,1.0,1.0,1000.0,0.0,1000.0,1000.0,-6.297804e-05,0.07147866,1.0,-1.0,1000.0,0.0,1000,1000,10,0.0007627374306087984,1.0,0.0,1.0,1.0,1000.0,0.0,1000.0,1000.0,-0.4223993,0.79471093,1.0,-1.0,1000.0,0.0,1000,1000,1000.0,1340,1340000,1345,412.16047552687814,51.745806848979555,67.99063247710001,531.8969148529577,49188.211404084635,133
0.0061357412,0.005507042,7.7486044e-07,292.36017,1.0,0.0,1.0,1.0,1000.0,0.0,1000.0,1000.0,-6.953106e-05,0.07460417,1.0,-1.0,1000.0,0.0,1000,1000,10,0.0012544696332215347,1.0,0.0,1.0,1.0,1000.0,0.0,1000.0,1000.0,-0.46913275,0.77702767,1.0,-1.0,1000.0,0.0,1000,1000,1000.0,1350,1350000,1355,439.53512187692104,49.70128619496245,63.783872778119985,553.0202808500035,49740.35312300775,134
0.010387062,0.006103908,4.1306436e-07,250.08395,1.0,0.0,1.0,1.0,1000.0,0.0,1000.0,1000.0,-6.939956e-05,0.07276426,1.0,-1.0,1000.0,0.0,1000,1000,10,0.0009215081600621788,1.0,0.0,1.0,1.0,1000.0,0.0,1000.0,1000.0,-0.41755787,0.79556483,1.0,-1.0,1000.0,0.0,1000,1000,1000.0,1360,1360000,1365,321.68582365789916,48.845099488971755,60.764945161063224,431.29586830793414,50170.33588577766,135
0.002494868,0.005425203,5.523106e-07,177.08862,1.0,0.0,1.0,1.0,1000.0,0.0,1000.0,1000.0,-7.7268705e-05,0.07183108,1.0,-1.0,1000.0,0.0,1000,1000,10,0.0008469845755835301,1.0,0.0,1.0,1.0,1000.0,0.0,1000.0,1000.0,-0.46715114,0.77432054,1.0,-1.0,1000.0,0.0,1000,1000,1000.0,1370,1370000,1375,295.28606945008505,47.55376556300325,60.758291872858535,403.59812688594684,50571.58018619765,136
0.0107838,0.0073735197,4.6292524e-07,362.9147,1.0,0.0,1.0,1.0,1000.0,0.0,1000.0,1000.0,-5.9664922e-05,0.07452535,1.0,-1.0,1000.0,0.0,1000,1000,10,0.001122650114622705,1.0,0.0,1.0,1.0,1000.0,0.0,1000.0,1000.0,-0.4665727,0.7759553,1.0,-1.0,1000.0,0.0,1000,1000,1000.0,1380,1380000,1385,267.9733737059287,45.22250809398247,67.39151785289869,380.58739965280984,50953.57735686045,137
0.0023308452,0.005401304,2.4743886e-06,389.26733,1.0,0.0,1.0,1.0,1000.0,0.0,1000.0,1000.0,-6.2544146e-05,0.07257617,1.0,-1.0,1000.0,0.0,1000,1000,10,0.000937304019651215,1.0,0.0,1.0,1.0,1000.0,0.0,1000.0,1000.0,-0.45941994,0.7759978,1.0,-1.0,1000.0,0.0,1000,1000,1000.0,1390,1390000,1395,439.6345107490197,46.657225507020485,63.853641703142785,550.145377959183,51504.40463603166,138
0.0013785001,0.007658145,6.187779e-07,131.54785,1.0,0.0,1.0,1.0,1000.0,0.0,1000.0,1000.0,-6.7998255e-05,0.07155563,1.0,-1.0,1000.0,0.0,1000,1000,10,0.0007476742652879751,1.0,0.0,1.0,1.0,1000.0,0.0,1000.0,1000.0,-0.40819526,0.79051435,1.0,-1.0,1000.0,0.0,1000,1000,1000.0,1400,1400000,1405,319.31165212596534,47.34369534801226,66.93635713896947,433.59170461294707,51937.36723636958,139
0.0062097874,0.004631598,2.079776e-06,4.285586,1.0,0.0,1.0,1.0,1000.0,0.0,1000.0,1000.0,-6.148959e-05,0.07238725,1.0,-1.0,1000.0,0.0,1000,1000,10,0.0009377648869254791,1.0,0.0,1.0,1.0,1000.0,0.0,1000.0,1000.0,-0.41131678,0.7950694,1.0,-1.0,1000.0,0.0,1000,1000,1000.0,1410,1410000,1415,321.12864312401507,46.73619907395914,64.86204200994689,432.7268842079211,52370.07499437843,140
0.0064154193,0.004185952,4.997345e-07,208.42847,1.0,0.0,1.0,1.0,1000.0,0.0,1000.0,1000.0,-6.91087e-05,0.073243834,1.0,-1.0,1000.0,0.0,1000,1000,10,0.0009566412403702627,1.0,0.0,1.0,1.0,1000.0,0.0,1000.0,1000.0,-0.46663496,0.77622443,1.0,-1.0,1000.0,0.0,1000,1000,1000.0,1420,1420000,1425,262.7525451159454,46.71804434194928,65.47347459301818,374.94406405091286,52745.155576105346,141
0.007820492,0.005318888,4.976339e-07,178.91962,1.0,0.0,1.0,1.0,1000.0,0.0,1000.0,1000.0,-6.110045e-05,0.07272393,1.0,-1.0,1000.0,0.0,1000,1000,10,0.0008250037800574388,1.0,0.0,1.0,1.0,1000.0,0.0,1000.0,1000.0,-0.40578645,0.7969084,1.0,-1.0,1000.0,0.0,1000,1000,1000.0,1430,1430000,1435,381.3665269839694,46.87904912600061,66.98140620981576,495.22698231978575,53243.95401183015,142
0.00744362,0.0061662137,7.170652e-07,5.0845203,1.0,0.0,1.0,1.0,1000.0,0.0,1000.0,1000.0,-6.403588e-05,0.07345477,1.0,-1.0,1000.0,0.0,1000,1000,10,0.0009239353198450482,1.0,0.0,1.0,1.0,1000.0,0.0,1000.0,1000.0,-0.41195005,0.79801476,1.0,-1.0,1000.0,0.0,1000,1000,1000.0,1440,1440000,1445,350.5167957080412,50.47460631100694,65.80002184398472,466.79142386303283,53709.098841959145,143
0.0014281003,0.0068365773,2.6550176e-06,4.879977,1.0,0.0,1.0,1.0,1000.0,0.0,1000.0,1000.0,-6.8919566e-05,0.07014186,1.0,-1.0,1000.0,0.0,1000,1000,10,0.000705380474656804,1.0,0.0,1.0,1.0,1000.0,0.0,1000.0,1000.0,-0.40586707,0.7981445,1.0,-1.0,1000.0,0.0,1000,1000,1000.0,1450,1450000,1455,411.2123343978892,48.850999203976244,65.9448499539867,526.0081835558522,54235.141216067015,144
0.0029069425,0.0046434477,1.1128118e-06,3.6265993,1.0,0.0,1.0,1.0,1000.0,0.0,1000.0,1000.0,-6.977747e-05,0.06985433,1.0,-1.0,1000.0,0.0,1000,1000,10,0.0006194801018019673,1.0,0.0,1.0,1.0,1000.0,0.0,1000.0,1000.0,-0.4049861,0.7991411,1.0,-1.0,1000.0,0.0,1000,1000,1000.0,1460,1460000,1465,265.2734136339859,48.90549351205118,65.90324683801737,380.08215398405446,54613.56621296704,145
0.0065183253,0.005072843,6.6770997e-07,3.7315536,1.0,0.0,1.0,1.0,1000.0,0.0,1000.0,1000.0,-6.541763e-05,0.073605716,1.0,-1.0,1000.0,0.0,1000,1000,10,0.0009282410183486853,1.0,0.0,1.0,1.0,1000.0,0.0,1000.0,1000.0,-0.40454698,0.799077,1.0,-1.0,1000.0,0.0,1000,1000,1000.0,1470,1470000,1475,319.10132579290075,47.27632243203698,64.66802333097439,431.0456715559121,55045.60364684189,146
0.005389413,0.006237976,9.539235e-07,5.2810993,1.0,0.0,1.0,1.0,1000.0,0.0,1000.0,1000.0,-7.453175e-05,0.07268054,1.0,-1.0,1000.0,0.0,1000,1000,10,0.0009633617721478519,1.0,0.0,1.0,1.0,1000.0,0.0,1000.0,1000.0,-0.41341913,0.7996999,1.0,-1.0,1000.0,0.0,1000,1000,1000.0,1480,1480000,1485,262.715067012934,48.28840546798892,67.07170854310971,378.07518102403264,55427.38767350803,147
0.0051487074,0.0059370175,5.189093e-07,3.8057175,1.0,0.0,1.0,1.0,1000.0,0.0,1000.0,1000.0,-7.055217e-05,0.07011071,1.0,-1.0,1000.0,0.0,1000,1000,10,0.0007124386129014619,1.0,0.0,1.0,1.0,1000.0,0.0,1000.0,1000.0,-0.40891895,0.79665655,1.0,-1.0,1000.0,0.0,1000,1000,1000.0,1490,1490000,1495,265.05867005803157,52.06924796698149,66.93409019795945,384.0620082229725,55809.85670238896,148
0.0023277192,0.006243617,8.531023e-07,6.3037925,1.0,0.0,1.0,1.0,1000.0,0.0,1000.0,1000.0,-7.1530296e-05,0.07354965,1.0,-1.0,1000.0,0.0,1000,1000,10,0.0007014014726982551,1.0,0.0,1.0,1.0,1000.0,0.0,1000.0,1000.0,-0.41334376,0.79561955,1.0,-1.0,1000.0,0.0,1000,1000,1000.0,1500,1500000,1505,559.4280930319219,50.44685858004959,69.37034274614416,679.2452943581156,56488.85736456403,149
0.004610913,0.0043852217,5.790125e-07,183.43707,1.0,0.0,1.0,1.0,1000.0,0.0,1000.0,1000.0,-5.4918088e-05,0.07263804,1.0,-1.0,1000.0,0.0,1000,1000,10,0.0007478513533970682,1.0,0.0,1.0,1.0,1000.0,0.0,1000.0,1000.0,-0.26951268,0.86446846,1.0,-1.0,1000.0,0.0,1000,1000,1000.0,1510,1510000,1515,348.3094843479921,50.22897578304401,67.65263907215558,466.1910992031917,56953.799830368196,150
0.0026455733,0.006725035,1.5667599e-06,328.47586,1.0,0.0,1.0,1.0,1000.0,0.0,1000.0,1000.0,-6.7914036e-05,0.07334639,1.0,-1.0,1000.0,0.0,1000,1000,10,0.0008703153587996194,1.0,0.0,1.0,1.0,1000.0,0.0,1000.0,1000.0,-0.27724537,0.8617006,1.0,-1.0,1000.0,0.0,1000,1000,1000.0,1520,1520000,1525,322.4748864150024,49.00509326800238,66.10055536410073,437.5805350471055,57392.502882488305,151
0.0011377825,0.002438975,1.3700028e-06,179.28964,1.0,0.0,1.0,1.0,1000.0,0.0,1000.0,1000.0,-6.185024e-05,0.075188905,1.0,-1.0,1000.0,0.0,1000,1000,10,0.0011167101470546358,1.0,0.0,1.0,1.0,1000.0,0.0,1000.0,1000.0,-0.40569952,0.7959091,1.0,-1.0,1000.0,0.0,1000,1000,1000.0,1530,1530000,1535,348.3001050730818,50.12654086796101,64.4277927269577,462.8544386680005,57856.61898233625,152
0.0054343725,0.0077569066,3.7668417e-07,4.313919,1.0,0.0,1.0,1.0,1000.0,0.0,1000.0,1000.0,-5.8776528e-05,0.072237864,1.0,-1.0,1000.0,0.0,1000,1000,10,0.0007954870275074119,1.0,0.0,1.0,1.0,1000.0,0.0,1000.0,1000.0,-0.41273004,0.7984217,1.0,-1.0,1000.0,0.0,1000,1000,1000.0,1540,1540000,1545,379.59147533396026,51.41264521400444,68.72561271995073,499.72973326791544,58355.62798770226,153
0.003914739,0.0069674687,6.5467816e-07,3.636888,1.0,0.0,1.0,1.0,1000.0,0.0,1000.0,1000.0,-6.611298e-05,0.07368984,1.0,-1.0,1000.0,0.0,1000,1000,10,0.0009058808623302331,1.0,0.0,1.0,1.0,1000.0,0.0,1000.0,1000.0,-0.40167212,0.79684615,1.0,-1.0,1000.0,0.0,1000,1000,1000.0,1550,1550000,1555,265.3628834161209,50.71768882899778,67.16999514703639,383.25056739215506,58737.86413272144,154
0.022924751,0.00483321,6.409565e-07,195.07108,1.0,0.0,1.0,1.0,1000.0,0.0,1000.0,1000.0,-6.341059e-05,0.0736178,1.0,-1.0,1000.0,0.0,1000,1000,10,0.0008311924143807939,1.0,0.0,1.0,1.0,1000.0,0.0,1000.0,1000.0,-0.27050364,0.8670052,1.0,-1.0,1000.0,0.0,1000,1000,1000.0,1560,1560000,1565,434.62370713200653,49.741185538994614,64.5606083777966,548.9255010487977,59286.82253826334,155
0.0035944767,0.005511634,3.8675165e-07,192.57486,1.0,0.0,1.0,1.0,1000.0,0.0,1000.0,1000.0,-6.624831e-05,0.07336193,1.0,-1.0,1000.0,0.0,1000,1000,10,0.001085157433358738,1.0,0.0,1.0,1.0,1000.0,0.0,1000.0,1000.0,-0.41444668,0.8004268,1.0,-1.0,1000.0,0.0,1000,1000,1000.0,1570,1570000,1575,376.8909909098875,49.80341064999811,66.07682574604405,492.77122730592964,59779.05952984525,156
0.0037900945,0.007773978,7.149678e-07,4.13021,1.0,0.0,1.0,1.0,1000.0,0.0,1000.0,1000.0,-6.702412e-05,0.07379586,1.0,-1.0,1000.0,0.0,1000,1000,10,0.0010051075267440723,1.0,0.0,1.0,1.0,1000.0,0.0,1000.0,1000.0,-0.40408316,0.8055588,1.0,-1.0,1000.0,0.0,1000,1000,1000.0,1580,1580000,1585,501.20475233491743,49.311980697966646,54.52076009201119,605.0374931248953,60375.8648602342,157
0.005563706,0.004308843,6.6872633e-07,149.75453,1.0,0.0,1.0,1.0,1000.0,0.0,1000.0,1000.0,-6.860939e-05,0.0755885,1.0,-1.0,1000.0,0.0,1000,1000,10,0.0012334047572726658,1.0,0.0,1.0,1.0,1000.0,0.0,1000.0,1000.0,-0.27307406,0.86754036,1.0,-1.0,1000.0,0.0,1000,1000,1000.0,1590,1590000,1595,440.40047521609813,41.060693559003994,52.841040288913064,534.3022090640152,60908.667304495175,158
0.001663941,0.0033049006,5.674674e-07,1003.72797,1.0,0.0,1.0,1.0,1000.0,0.0,1000.0,1000.0,-6.43509e-05,0.07277661,1.0,-1.0,1000.0,0.0,1000,1000,10,0.0008666287365296254,1.0,0.0,1.0,1.0,1000.0,0.0,1000.0,1000.0,-0.54212123,0.788756,1.0,-1.0,1000.0,0.0,1000,1000,1000.0,1600,1600000,1605,238.47050973103615,39.585622348997276,41.157554984034505,319.2136870640679,61221.138325035165,159
0.003718934,0.007888345,9.3443884e-07,1687.8462,1.0,0.0,1.0,1.0,1000.0,0.0,1000.0,1000.0,-6.860419e-05,0.073435985,1.0,-1.0,1000.0,0.0,1000,1000,10,0.0007880717792968276,1.0,0.0,1.0,1.0,1000.0,0.0,1000.0,1000.0,-0.18587297,0.908674,1.0,-1.0,1000.0,0.0,1000,1000,1000.0,1610,1610000,1615,267.3098010761314,32.8865646639606,33.58526012295624,333.78162586304825,61548.79183389916,160
0.0038296543,0.0071532964,8.7923587e-07,1534.9518,1.0,0.0,1.0,1.0,1000.0,0.0,1000.0,1000.0,-6.424198e-05,0.0728639,1.0,-1.0,1000.0,0.0,1000,1000,10,0.0010105217728764522,1.0,0.0,1.0,1.0,1000.0,0.0,1000.0,1000.0,0.25641963,0.90710884,1.0,-1.0,1000.0,0.0,1000,1000,1000.0,1620,1620000,1625,436.2622973151156,26.77756641502492,32.247534943860956,495.28739867400145,62039.87919184915,161
