Disc CE Loss,Disc Acc,Grad Pen,Grad Pen W,Disc Rew Mean,Disc Rew Std,Disc Rew Max,Disc Rew Min,Reward Scale,QF1 Loss,QF2 Loss,Policy Loss,Q1 Predictions Mean,Q1 Predictions Std,Q1 Predictions Max,Q1 Predictions Min,Q2 Predictions Mean,Q2 Predictions Std,Q2 Predictions Max,Q2 Predictions Min,Alpha Mean,Alpha Std,Alpha Max,Alpha Min,Log Pis Mean,Log Pis Std,Log Pis Max,Log Pis Min,Policy mu Mean,Policy mu Std,Policy mu Max,Policy mu Min,Policy log std Mean,Policy log std Std,Policy log std Max,Policy log std Min,Test Rewards Mean,Test Rewards Std,Test Rewards Max,Test Rewards Min,Test Returns Mean,Test Returns Std,Test Returns Max,Test Returns Min,Test Actions Mean,Test Actions Std,Test Actions Max,Test Actions Min,Test Ep. Len. Mean,Test Ep. Len. Std,Test Ep. Len. Max,Test Ep. Len. Min,Num Paths,Exploration Rewards Mean,Exploration Rewards Std,Exploration Rewards Max,Exploration Rewards Min,Exploration Returns Mean,Exploration Returns Std,Exploration Returns Max,Exploration Returns Min,Exploration Actions Mean,Exploration Actions Std,Exploration Actions Max,Exploration Actions Min,Exploration Ep. Len. Mean,Exploration Ep. Len. Std,Exploration Ep. Len. Max,Exploration Ep. Len. Min,AverageReturn,Number of train calls total,Number of env steps total,Number of rollouts total,Train Time (s),(Previous) Eval Time (s),Sample Time (s),Epoch Time (s),Total Train Time (s),Epoch
0.7306428,0.19921875,0.88163996,4.0,-7.971935,1.9528531,-0.32730725,-10.000046,2.0,0.9972079,0.99863803,-0.14095083,0.022273764,0.009830456,0.049061768,0.0055338154,0.023529485,0.011519784,0.041698635,-0.0012054857,1.0,0.0,1.0,1.0,-0.18008742,0.36444378,1.0198169,-1.3127546,0.0033405472,0.004222876,0.015971545,-0.00629442,0.0064109867,0.0070616505,0.030990139,-0.0020117515,1.9675125614930686,0.36724066948382267,2.5474015950512743,1.0010011595433275,194.2797502223082,0.7483933615481589,196.1144526398573,192.5854925449465,0.10268191,0.22281888,0.6936377,-0.22326902,98.74384236453201,0.7383906176375067,100,97,10,1.0539388973698034,0.6119791433460948,3.579734394838662,-1.4782212097166032,1053.9388973698035,130.9169776356277,1194.596789740197,856.5143528499527,0.0030166432,0.60612833,0.99836236,-0.9991862,1000.0,0.0,1000,1000,194.2797502223082,6,10000,10,148.77224210099666,0,29.161276227998314,177.93351832899498,216.0072930430033,0
0.021991756,0.9921875,0.00056140183,4.0,-8.113952,2.4901288,-0.7369324,-10.000046,2.0,5.258518,6.2691345,312.56888,-316.20203,78.83801,-51.103996,-426.95105,-316.8902,78.777985,-50.47336,-428.2018,1.0,0.0,1.0,1.0,0.81848854,1.3926694,5.8567023,-3.652244,-0.14985633,0.628947,1.6322652,-1.3538013,-0.2733012,0.11256705,-0.11108172,-0.77409893,1.5597288347483238,0.20406488486509283,2.037506096147527,0.9856085333304827,283.12591253463046,1.6171703931231534,287.3185764832861,278.89028557405317,0.061039884,0.24299642,0.6411084,-0.30035663,181.52252252252254,0.9381489042843109,184,179,10,1.179162585743057,0.5577841675111042,4.16785078422714,-0.34205809999328535,1179.1625857430568,42.02060795924369,1223.6193623841684,1109.612320075326,-0.089473024,0.5698283,0.9949781,-0.99730545,1000.0,0.0,1000,1000,283.12591253463046,16,20000,20,243.96466225899349,38.23126051199506,30.281528287014225,312.47745105800277,529.8476927410084,1
0.031631783,0.9941406,0.00054714957,4.0,-7.1220694,2.8665504,-0.6052831,-10.000046,2.0,35.87394,38.957405,720.14026,-714.28845,218.88338,-119.79993,-998.7924,-713.769,218.59886,-119.251305,-996.3152,1.0,0.0,1.0,1.0,1.072334,1.7590301,7.7621555,-7.623969,-0.02941615,0.73391074,2.1596327,-1.7256005,-0.3654115,0.14839529,-0.07550204,-0.8949461,1.0087796828394908,0.33621500042023633,1.5133020801387393,0.3918828395388163,1008.7796828394909,0.4520486401246458,1009.7526902343574,1008.0077464974664,0.029641947,0.15895031,0.56031585,-0.38250145,1000.0,0.0,1000,1000,10,1.1315255374638058,0.6057316234193715,3.6755395804943882,-1.0594763355948775,1131.5255374638057,190.97034118904227,1296.0030129921602,717.8581322599142,0.06501423,0.569626,0.9998033,-0.99835867,1000.0,0.0,1000,1000,1008.7796828394909,26,30000,30,244.6342011539964,39.50763266500144,32.35756902700814,316.499402846006,846.0682508690224,2
0.035155773,0.9980469,0.0045191688,4.0,-6.80075,3.3453565,-0.5402352,-10.000046,2.0,29.760834,27.695515,897.91327,-903.4684,331.97754,-222.57433,-1396.3049,-903.60706,332.67163,-222.07155,-1397.6489,1.0,0.0,1.0,1.0,1.3133252,1.3892822,5.5136404,-2.4375553,-0.0031889726,0.7413577,1.8872328,-1.9875673,-0.5233205,0.20146164,-0.12491952,-1.3220181,2.0174057950310234,0.6374969234094945,4.0134316550747755,0.9723290874002181,346.2695997932737,1.7317079620432876,350.1689549139617,341.8516724379996,-0.0033709318,0.20702606,0.72799295,-0.8265482,171.64102564102564,0.6975113081402791,173,170,10,1.2454304348906413,0.6862567693292807,4.14593688391347,-1.1810117131581792,1245.43043489064,218.26997976775604,1452.220048465667,774.3979904900062,0.03943706,0.59816396,0.9991428,-0.99847734,1000.0,0.0,1000,1000,346.2695997932737,36,40000,40,240.5132543130021,39.23216774700268,32.9390408690233,312.6844629290281,1158.1838671490696,3
0.052546017,0.9902344,0.0054174173,4.0,-6.6577,3.482388,-0.2871728,-10.000046,2.0,24.239002,27.947647,933.8079,-931.511,417.6627,-290.3309,-1514.8411,-931.75134,416.87634,-295.4975,-1512.1228,1.0,0.0,1.0,1.0,1.3976119,1.5013148,4.9024525,-4.7345676,0.1527478,0.7224677,1.903175,-1.8029107,-0.5802929,0.23574199,-0.19426508,-1.4683708,2.366878475584438,0.5195713783083209,3.4154051338069786,0.8658461086680548,519.2468290513119,2.2626909762308762,526.8685512633689,514.7925896692542,0.08373268,0.37484658,0.928629,-0.9631971,219.3804347826087,0.6400134391311099,221,218,10,1.384536064395528,0.7586701770007978,4.638389466272743,-1.7776467553595678,1384.5360643955285,246.1012791959075,1928.1275998854662,1027.8849557706244,0.028536903,0.56419367,0.99984396,-0.9997366,1000.0,0.0,1000,1000,519.2468290513119,46,50000,50,243.67731068006833,38.64599834699766,32.07436899797176,314.39767802503775,1470.8505383060692,4
0.08331273,0.97265625,0.02053737,4.0,-5.739309,3.4691324,-0.39007515,-10.000046,2.0,47.634495,180.16699,1019.9528,-1015.95654,469.28595,-291.42752,-1526.956,-996.44336,459.9991,-282.38803,-1500.5841,1.0,0.0,1.0,1.0,2.3440237,1.7091621,6.5936103,-3.339531,-0.09010577,1.0027583,2.2469072,-2.2466252,-0.58972013,0.27132565,-0.039621294,-1.6830125,1.0225327866221865,0.13547554390497077,1.9423543911623893,0.5284886495094723,1022.5327866221869,0.6360112248395546,1023.8419097417977,1021.2790489041588,-0.024323255,0.049415015,0.7471711,-0.6508968,1000.0,0.0,1000,1000,10,1.5358413374769369,0.7544940905779346,3.9691989413770745,-2.0545094103447554,1535.841337476937,301.21696496965586,2096.812239230729,1011.2796231752528,0.06077973,0.5290048,0.99933326,-0.99785894,1000.0,0.0,1000,1000,1022.5327866221869,56,60000,60,243.35747028706828,36.91472873100429,31.9711665379873,312.24336555605987,1785.434470597087,5
0.07572872,0.9902344,0.0014832233,4.0,-5.1724367,3.1162245,-0.41956607,-10.000046,2.0,42.306538,37.159424,901.9497,-910.8811,493.9043,-355.08832,-1860.6725,-909.8469,492.9591,-355.2656,-1865.4586,1.0,0.0,1.0,1.0,2.6466718,1.8289763,7.3768044,-3.438808,-0.26850685,0.99367607,2.471291,-2.2657785,-0.7250187,0.31823328,-0.12623578,-1.7286482,2.5255565063095036,0.5589696371606588,3.7515491111547554,0.9921712634960468,1124.8267444323349,27.86307680947764,1156.1614249391534,1083.5704141453848,0.0056690485,0.38249528,0.983565,-0.98333,445.3777777777778,10.530988956174141,459,431,10,1.3752750544353611,0.8369148437166065,5.464383946249454,-1.2267798366753697,1375.2750544353607,295.5413137632849,2018.2625788164798,1020.5959666766223,-0.016095597,0.5504278,0.9995918,-0.9999996,1000.0,0.0,1000,1000,1124.8267444323349,66,70000,70,240.1883136840479,39.24696303499513,31.728256415983196,311.1635331350262,2097.42419837114,6
0.08575845,0.9921875,0.0019670522,4.0,-4.6377993,2.9310987,-0.38449872,-10.000046,2.0,107.37087,52.25273,937.64197,-930.28784,573.16174,-340.95532,-3936.513,-928.12036,574.9739,-348.39725,-3940.8816,1.0,0.0,1.0,1.0,2.387323,1.9298753,10.708835,-2.4810004,0.013143648,1.0201823,2.66791,-3.0280952,-0.6995628,0.26966304,-0.13356137,-1.4518557,1.5119711760005659,0.25921873602598466,2.2887890193784832,1.0041350678225989,262.63982065871903,2.600505888661437,268.3501972843461,257.1922747641232,-0.029409647,0.20004414,0.9332683,-0.82744586,173.70689655172413,2.915526927531372,180,168,10,1.7388887754650932,0.7800651501998332,6.78707746538366,-1.103918556081458,1738.8887754650927,400.47110578655787,2352.293054982303,1063.4239305021213,-0.05307659,0.5409949,0.99976087,-0.9999626,1000.0,0.0,1000,1000,262.63982065871903,76,80000,80,242.69519899506122,40.093114741990576,32.08331029195688,314.8716240290087,2412.3115506161557,7
0.08244613,0.9941406,0.0052851234,4.0,-4.3949137,2.896225,-0.6985228,-10.000046,2.0,50.07154,49.006485,914.1918,-910.9167,481.5442,-388.31155,-3221.7332,-908.87427,480.37347,-390.73087,-3223.306,1.0,0.0,1.0,1.0,2.3119214,1.9728625,9.001743,-4.9676933,-0.17813687,0.91870284,2.4886694,-2.8786676,-0.81254977,0.283182,-0.20667455,-1.6673181,2.070980222936885,0.29572510367197646,2.994520393116391,1.0074002894442418,2070.980222936884,31.55580442899959,2128.412976444784,1979.7078516442582,-0.010154836,0.37091428,0.99577445,-0.9907549,1000.0,0.0,1000,1000,10,1.4720641534172811,0.7040464037088708,5.200227714524414,-1.604816227107076,1472.0641534172805,308.29822769535116,2017.2794848347296,1073.2074228194122,-0.022456385,0.5341346,0.99976593,-0.99990535,1000.0,0.0,1000,1000,2070.980222936884,86,90000,90,243.18941706302576,40.10291613600566,31.844151845987653,315.13648504501907,2728.7713266911596,8
0.08482888,0.9863281,0.0013670751,4.0,-4.3358994,3.0227103,-0.59434736,-10.000046,2.0,37.621063,37.423737,847.68475,-846.85095,319.1618,-475.64252,-1651.783,-846.64935,319.92093,-471.69955,-1673.8317,1.0,0.0,1.0,1.0,2.610372,1.901896,8.1666355,-4.472481,0.10885211,0.9862243,2.676366,-3.057756,-0.7909705,0.31268618,-0.21311577,-1.655599,2.2857336890762645,0.6226029344176389,3.9379213288751904,0.7375742725689035,1908.4923914749695,326.3541774454483,2374.8282997607125,1375.8459822193809,-0.03896394,0.38324267,0.9987239,-0.99813706,834.9583333333334,119.29147747103403,1000,652,10,1.8970071647138127,0.796935249393502,4.208860147486733,-1.0293626486328051,1897.0071647138125,445.1157548566966,2656.0252759704586,1054.2711966763911,-0.0122389635,0.53234684,0.9999639,-0.9998081,1000.0,0.0,1000,1000,1908.4923914749695,96,100000,100,243.8328448709799,41.42034200200578,31.81411862099776,317.06730549398344,3043.7859312691,9
0.09598072,0.9902344,0.0019554535,4.0,-3.785833,2.7366283,-0.71120065,-10.000046,2.0,41.032078,50.555126,850.17194,-844.6967,328.71347,-511.92773,-1809.046,-842.69385,327.90228,-512.616,-1829.133,1.0,0.0,1.0,1.0,2.484221,1.7495316,8.139622,-1.7959695,-0.051536333,0.9424027,2.2782578,-2.5070267,-0.81413597,0.28185305,-0.05114287,-1.6613966,2.692583632122844,0.7361903201425998,4.330121168403285,0.9953847806615125,1178.415080041241,78.35613049700984,1699.0928782804206,1153.9217629137056,0.020200182,0.424428,0.9877921,-0.99623287,437.6521739130435,23.7094893782732,595,430,10,2.2120349637920067,0.7733756305910133,4.308228762076786,-4.260994411287641,2212.034963792007,235.33415371175528,2490.7270154127073,1737.2971978386288,-0.0061865407,0.54505885,0.9999954,-0.9999687,1000.0,0.0,1000,1000,1178.415080041241,106,110000,110,240.80363818601472,39.375103238999145,32.91205039896886,313.0907918239827,3359.979255516155,10
0.12362783,0.9824219,0.0062779817,4.0,-2.8497443,2.1898525,-0.67423594,-10.000046,2.0,110.81167,103.09827,888.57715,-880.7181,365.4857,-519.7387,-1964.5204,-879.9489,365.10217,-518.06,-1926.295,1.0,0.0,1.0,1.0,2.6666687,1.8382664,10.57867,-1.7882705,-0.067908645,0.9194807,2.8432057,-2.5024364,-0.887985,0.2741637,-0.3056733,-1.6792591,2.424240915069129,0.3366988487794177,3.248711756030146,0.85190730338408,2424.2409150691287,13.83775910518144,2438.3410067050504,2389.7236100077666,0.038470045,0.4192697,0.9863388,-0.96382207,1000.0,0.0,1000,1000,10,2.4408282750427848,0.6848096654807453,4.354622617595124,-0.948630843550317,2440.828275042786,378.03571544082445,2870.46685839252,1364.567878501486,-0.0015521143,0.5270342,0.9995574,-0.99952567,1000.0,0.0,1000,1000,2424.2409150691287,116,120000,120,242.8146892899822,42.513728655001614,33.15559185194434,318.48400979692815,3679.2187901501165,11
0.14338914,0.9941406,0.0068239747,4.0,-2.650688,2.0172966,-0.57853216,-10.000046,2.0,27.861229,27.642189,740.96594,-740.26306,226.20715,-538.47687,-1585.9908,-739.2767,227.59908,-538.1219,-1587.9563,1.0,0.0,1.0,1.0,2.3477185,1.750241,10.65162,-2.2000735,-0.0064965817,0.8800019,2.6745346,-2.6541839,-0.8941173,0.32150376,-0.19634819,-1.7764199,2.237414582199322,0.5865080929206409,3.6864465407348086,0.9583828141916583,500.9322647924037,5.7580995393177865,512.1009143080386,484.57890666578487,0.04686145,0.42943275,0.99870116,-0.97812814,223.88888888888889,1.5947444549341472,227,220,10,2.3986155919172774,0.5425118240743827,4.5535881281998165,0.57858720499153,2398.6155919172766,228.46434030009968,2560.438238889965,1734.0868316646734,0.015060297,0.5435147,0.9996888,-0.9992984,1000.0,0.0,1000,1000,500.9322647924037,126,130000,130,246.05599571901257,43.77861093901447,32.21252009901218,322.0471267570392,3998.9150921681576,12
0.15468651,0.99609375,0.0023094506,4.0,-3.9419856,3.0712926,-0.60601854,-9.584219,2.0,26.11189,17.486532,717.6761,-712.7722,209.43233,-569.5737,-1463.7034,-711.1526,209.64737,-564.75397,-1450.387,1.0,0.0,1.0,1.0,1.9678798,1.688757,7.1196632,-3.7331147,-0.014861971,0.75198096,2.7719784,-2.6144633,-0.85319585,0.275994,-0.22477874,-1.8068004,2.4825846794183457,0.37132157811083827,3.4488205766031896,0.8948528015317496,2482.584679418346,20.230148670645256,2512.080960512933,2440.2579474106897,-0.01977532,0.33128312,0.90104437,-0.9835111,1000.0,0.0,1000,1000,10,1.9293758408956092,0.9749108543744277,5.215774878981784,-1.3060654738257067,1929.3758408956085,417.2806218499747,2649.7363403221075,1296.6548793683903,-0.1056054,0.57497555,0.9999972,-1.0,1000.0,0.0,1000,1000,2482.584679418346,136,140000,140,241.68218334703124,42.362319623003714,31.86678774599568,315.91129071603063,4317.221252886215,13
0.13992545,0.984375,0.0021188247,4.0,-3.57261,3.1370366,-0.48899144,-9.921761,2.0,23.01912,26.666584,808.11975,-811.08594,296.09842,-570.0291,-1807.1208,-812.9219,297.32086,-568.3512,-1808.4452,1.0,0.0,1.0,1.0,2.1023388,1.8335673,9.672361,-4.132758,-0.06336371,0.90337175,2.4124722,-2.7792807,-0.7357461,0.2557703,-0.19483683,-1.5396917,2.803660338454806,0.3692230400611462,3.833882385331632,0.8774614464939846,2803.660338454807,25.166698240761292,2860.9236363001346,2761.35377846205,-0.0065171695,0.38931215,0.95466155,-0.9800922,1000.0,0.0,1000,1000,10,2.5683284923867755,0.6197796979965586,4.480976191425261,-0.17855383658087942,2568.3284923867764,216.3103057193384,2941.8933599457355,2005.4503953198348,-0.01956636,0.5257935,0.99409574,-0.99969274,1000.0,0.0,1000,1000,2803.660338454807,146,150000,150,244.6298391461023,43.35492505200091,34.175925377960084,322.1606895760633,4639.342108256285,14
0.1815584,0.9824219,0.003814714,4.0,-3.356369,3.0290437,-0.380118,-9.784833,2.0,13.3311825,20.894995,752.42737,-749.46045,266.02634,-552.78186,-1490.4523,-748.8767,265.67166,-556.7743,-1485.2603,1.0,0.0,1.0,1.0,1.6087348,1.4269248,5.8059216,-2.4165864,-0.020091577,0.74592006,1.9983314,-2.6439307,-0.71728593,0.19052032,-0.14153558,-1.4484053,2.5554571551456946,0.37075274513538564,3.650321254056247,0.9132696342898837,2555.4571551456947,1.4967140730940243,2557.8278249573946,2551.802436880115,-0.037632223,0.32499257,0.93073696,-0.9382725,1000.0,0.0,1000,1000,10,2.174651703222279,1.0050736184342715,5.266198984798924,0.2151064768337935,2174.6517032222782,415.42487971971934,2969.8637397513044,1451.7690581448414,-0.02230485,0.5387647,0.99981016,-0.999841,1000.0,0.0,1000,1000,2555.4571551456947,156,160000,160,243.91711668798234,43.31066218498745,33.610852625977714,320.8386314989475,4958.026500551219,15
0.1958833,0.9863281,0.0033759105,4.0,-4.7034025,3.4668715,-0.3595954,-10.000046,2.0,32.501064,45.5722,771.414,-772.17896,334.80676,-521.59674,-1684.5927,-771.5892,334.69675,-519.83844,-1694.1411,1.0,0.0,1.0,1.0,1.6911372,1.8439548,7.222741,-5.5196733,-0.06839647,0.80265254,2.1836977,-2.2483745,-0.66802436,0.2124657,-0.032395482,-1.4809135,2.4862208879019967,0.3349887858616901,3.700583742331774,0.9197646297368557,2465.739163444518,67.56568694139449,2521.187797480197,2199.8660369120134,-0.029278204,0.33617654,0.964669,-0.97411466,991.7619047619048,28.16601255127443,1000,874,10,1.8749939620091398,1.0997306717703188,4.482293567112144,-0.4983924548838013,1874.9939620091402,216.3011530659076,2238.336505289573,1499.1268078864682,-0.027460586,0.55503964,0.99978,-0.99883854,1000.0,0.0,1000,1000,2465.739163444518,166,170000,170,242.6889443959808,41.091634826007066,33.44090270600282,317.2214819279907,5280.363654492263,16
0.1598568,0.9941406,0.00282335,4.0,-4.3249364,3.335637,-0.5277061,-9.810072,2.0,23.060806,46.070778,1014.4972,-1007.9962,428.00174,-492.00937,-1625.5616,-1005.0789,426.38263,-492.8042,-1618.9487,1.0,0.0,1.0,1.0,1.6132828,1.7212431,6.257546,-5.2888784,-0.15637653,0.8071168,1.7040309,-2.9703164,-0.60660404,0.21025684,-0.114815,-1.464644,2.5509080043591994,0.357415211242226,3.5634110123836957,0.8990211893454991,2550.9080043592,6.2583464629614,2564.3487046167693,2536.228243204079,-0.053250186,0.33514878,0.90479326,-0.9587615,1000.0,0.0,1000,1000,10,2.2904250057828586,0.9214895408499968,4.427807222297665,-0.49221259929979,2290.4250057828585,355.660896385851,2731.3036969183026,1720.263195973186,-0.02943122,0.54513973,0.99980974,-0.99875265,1000.0,0.0,1000,1000,2550.9080043592,176,180000,180,242.91143063100753,46.205032358993776,33.04895972597296,322.1654227159743,5599.0386406801845,17
0.16201344,0.9941406,0.002355679,4.0,-3.7359512,3.1940422,-0.5709609,-10.000046,2.0,37.062447,34.251568,968.2148,-973.193,453.6912,-473.5035,-1689.1102,-972.0654,453.10413,-473.2378,-1678.875,1.0,0.0,1.0,1.0,1.7008898,1.642098,8.730997,-3.778531,0.0042030886,0.81174594,2.2560098,-2.665173,-0.67980814,0.21068996,-0.24670649,-1.4874549,2.854716968414887,0.4102222734606775,4.254185896867318,0.990158246853652,2646.063109996198,310.02800185514354,2890.1646752933825,1942.822971469586,0.0012586517,0.38386405,0.99407953,-0.99548185,926.9090909090909,116.11941701655438,1000,676,10,2.1451392362356274,1.043029910377668,4.577251276778031,-2.070987489471233,2145.1392362356264,390.7221917464819,2735.1754776924276,1588.540404197239,-0.0031000671,0.5764502,0.99987614,-1.0,1000.0,0.0,1000,1000,2646.063109996198,186,190000,190,245.54281040496426,42.73136454701307,33.73655199105269,322.01072694303,5922.453503971206,18
0.16816679,0.99609375,0.0065823165,4.0,-3.2279944,3.0042498,-0.4630307,-10.000046,2.0,37.924656,48.5381,916.22925,-914.3811,479.18182,-451.42453,-2526.3083,-916.2862,480.6906,-457.61752,-2544.8818,1.0,0.0,1.0,1.0,2.0556567,1.6304516,7.515167,-1.771248,-0.045716267,0.8792934,2.5376256,-3.0368564,-0.7156741,0.21713684,-0.21467218,-1.5280361,2.701804026266858,0.4564884307224651,4.41460402836695,0.7744228456995648,1867.505576086868,563.0022558040671,2847.9592355315135,1087.067452187779,-0.01452883,0.37091324,0.9881046,-0.99926746,691.2068965517242,195.92633719745282,1000,424,10,2.2848905358219334,0.8732617909818272,4.376582775323038,-1.7100405787130886,2284.890535821935,455.17266495254904,2825.7092818129954,1611.412463260279,-0.0062679905,0.57117635,0.9995888,-0.99996215,1000.0,0.0,1000,1000,1867.505576086868,196,200000,200,244.37195792995044,44.118404770008055,33.36015007502283,321.8505127749813,6242.882785283131,19
0.1888879,0.9824219,0.007028943,4.0,-3.597764,3.169949,-0.31132853,-9.949011,2.0,69.02264,36.31043,947.34314,-942.44995,527.29974,-459.4757,-2408.4128,-943.7804,528.0745,-459.23987,-2392.3108,1.0,0.0,1.0,1.0,2.1585732,1.9800316,7.501414,-3.8761675,0.069569826,0.9309909,2.250948,-3.117268,-0.74759346,0.23469308,-0.07923049,-1.6684783,3.037399233905291,0.5778593478529521,4.519753053635097,0.9845347674397611,2570.652218295179,371.2046067940115,3080.442310163833,1878.8686872409653,0.015241046,0.42968664,0.9946315,-0.99653065,846.3333333333334,125.14080957953813,1000,624,10,2.3711761975492687,1.0113906333337201,4.897833970242977,-0.9332884843397677,2371.176197549268,427.99962737021593,2942.378946594132,1567.397035011491,-0.014015392,0.5525408,0.99931955,-0.99991953,1000.0,0.0,1000,1000,2570.652218295179,206,210000,210,244.6177722629509,42.69689172698418,33.30072311902768,320.61538710896275,6564.771190608051,20
0.21572074,0.96484375,0.004598067,4.0,-2.680534,2.574728,-0.44158468,-9.748646,2.0,34.541027,33.281044,859.9749,-857.3248,454.63544,-477.61987,-1945.5607,-854.4482,452.06204,-472.88562,-1935.255,1.0,0.0,1.0,1.0,2.2177558,1.9636793,8.748423,-4.4848213,-0.12404237,0.88380873,2.3973901,-2.835629,-0.80002046,0.2771026,-0.24616152,-1.9483247,2.985763811571234,0.42364084438768634,3.6570893627717376,0.896894848828809,2985.7638115712334,5.577627849942101,2993.4769097431467,2973.04007491001,-0.031881005,0.3645714,0.9765574,-0.93939084,1000.0,0.0,1000,1000,10,2.8164344445918448,0.5835970744932091,4.687769819903116,-0.03339232774401121,2816.434444591845,224.7195802640577,3111.276632011261,2458.3977073675883,-0.012473913,0.5352823,0.99841726,-0.99955773,1000.0,0.0,1000,1000,2985.7638115712334,216,220000,220,243.88948669901583,44.02372644099523,34.16099925301387,322.07421239302494,6885.384983342097,21
0.22704494,0.984375,0.003736056,4.0,-2.3424673,2.1152573,-0.42369002,-10.000046,2.0,27.099041,48.916122,712.87085,-708.95605,359.17816,-496.99695,-1882.8289,-708.58984,359.09277,-493.16974,-1885.0334,1.0,0.0,1.0,1.0,2.0444374,1.814688,9.414753,-3.4226155,-0.07442091,0.79914415,2.3322787,-2.555891,-0.7791956,0.2603984,-0.21855852,-1.8655957,2.5931095029983635,0.354692957187096,3.539339834532315,0.9600699557773646,2593.109502998363,1.638861425094694,2596.6182456828983,2590.1900982150273,-0.024569195,0.33983275,0.9282041,-0.9194328,1000.0,0.0,1000,1000,10,2.514343995336001,1.0007286912357034,5.367449197633353,-2.2448234335464496,2514.3439953360016,415.73845478755715,3061.929349521161,1926.0818811081367,-0.017650256,0.56003594,0.99991405,-0.9999806,1000.0,0.0,1000,1000,2593.109502998363,226,230000,230,243.37010359598207,42.504944368003635,33.638550517032854,319.51359848101856,7207.260540901087,22
0.23319975,0.9765625,0.005060681,4.0,-2.2464385,2.0885637,-0.50772375,-9.2243185,2.0,16.174313,11.305324,675.4354,-676.4983,301.6665,-477.3788,-1754.7404,-675.1602,301.11725,-483.4942,-1750.7523,1.0,0.0,1.0,1.0,1.5425216,1.7992269,8.326561,-3.7113326,-0.061709255,0.7680252,2.160819,-2.3982265,-0.7363372,0.2299785,-0.25292033,-1.6482201,2.7981140090553134,0.36916691451943867,3.534811367089714,0.965061723691079,2798.114009055314,5.107238301617916,2805.775349609906,2788.85548479177,-0.04954283,0.35247487,0.9452537,-0.9441289,1000.0,0.0,1000,1000,10,2.8878413225812345,0.4163213654232752,3.8619462376632177,0.8903375655117196,2887.841322581234,51.275607959272556,2989.5037990604537,2782.971774422491,-0.041519105,0.5452686,0.99624103,-0.99834657,1000.0,0.0,1000,1000,2798.114009055314,236,240000,240,244.24020409805235,45.42059887800133,33.820218067994574,323.48102104404825,7529.068884319146,23
0.2386483,0.97265625,0.0033077686,4.0,-1.9847629,1.7089018,-0.51921284,-9.32007,2.0,10.138802,10.335409,673.8667,-674.077,310.68808,-467.52203,-1760.0784,-675.4319,310.81937,-471.83456,-1762.181,1.0,0.0,1.0,1.0,1.4877315,1.4846499,6.137057,-1.6729395,-0.14255513,0.72020644,1.9588723,-2.7713315,-0.6473678,0.19820201,-0.24161679,-1.5288975,2.7877161079975163,0.3676809718423428,3.6152148960671,0.9753910369406562,2787.716107997516,22.28484393660154,2810.296514290326,2720.907322555838,-0.011221053,0.35011315,0.9127746,-0.9341829,1000.0,0.0,1000,1000,10,2.6048361514134633,0.840877229557722,4.6522730036923745,-1.0427490141881848,2604.836151413461,428.2871193215646,3028.2062483842533,1516.7191935733254,-0.05645747,0.55832213,0.9984656,-0.99999917,1000.0,0.0,1000,1000,2787.716107997516,246,250000,250,244.78005981000024,43.63777814700734,32.79914457502309,321.21698253203067,7851.535875235146,24
0.25446448,0.9863281,0.0033242228,4.0,-2.2518816,2.1987057,-0.47634336,-9.820742,2.0,6.611844,8.776421,639.13885,-637.516,352.10486,-462.32922,-3012.1865,-637.95306,353.68872,-456.0357,-3038.7095,1.0,0.0,1.0,1.0,1.4895427,1.5148137,6.7594995,-3.551074,-0.04553816,0.7273994,1.7484497,-2.4883993,-0.6901884,0.22466409,0.080118,-1.3868167,2.7612827776545386,0.440419321998817,4.920936667181208,1.0020971761194029,1906.2055441741836,1017.7551798155959,2948.0536556318752,416.3577735383716,-0.003724667,0.38739166,0.9846538,-0.997836,690.3333333333334,362.8494943575856,1000,165,10,2.767290667325239,0.8130518921722132,4.70518692851009,-0.34941726471358714,2767.2906673252387,438.4025961392994,3133.3956424458293,1860.584837574034,-0.031863827,0.5496967,0.99908465,-0.99990785,1000.0,0.0,1000,1000,1906.2055441741836,256,260000,260,242.68441312402138,44.657740305003244,32.96797979803523,320.31013322705985,8173.718212927182,25
0.25732046,0.9746094,0.0029063218,4.0,-2.2193696,2.2677543,-0.5167532,-8.805734,2.0,9.34841,7.52841,632.8264,-630.24915,319.60904,-420.62546,-2683.3625,-630.446,319.39502,-422.42337,-2673.8552,1.0,0.0,1.0,1.0,1.8261448,1.504941,6.4917927,-3.4299345,-0.06308844,0.7816981,2.134444,-2.323343,-0.67672783,0.19674121,-0.066547394,-1.4546018,3.0255838130368202,0.4407246717579717,3.9731984781803154,0.9849362322711674,3025.583813036821,1.3895297324967935,3028.2666565109976,3023.2618986396947,0.0022814958,0.386607,0.9056635,-0.974192,1000.0,0.0,1000,1000,10,2.7977126557309706,0.8656987932257447,4.945583751623561,-0.25006140296784723,2797.712655730971,533.5269870423764,3196.1107929036543,1423.8801579362907,-0.028180262,0.55239624,0.9982801,-0.99959344,1000.0,0.0,1000,1000,3025.583813036821,266,270000,270,249.66806946205907,46.431736525992164,34.08052717204555,330.1803331600968,8500.416498541264,26
0.2849966,0.9824219,0.0032460606,4.0,-1.8943346,1.851387,-0.5713477,-8.193695,2.0,7.1759987,19.04018,646.56525,-648.8004,383.15213,-428.13306,-1775.4636,-651.0731,385.6298,-431.59628,-1786.3314,1.0,0.0,1.0,1.0,1.4515665,1.5175186,7.5249615,-2.7194307,5.596752e-05,0.73438406,2.3322082,-1.9505769,-0.6592676,0.1883159,-0.12774062,-1.4170036,3.0736261559078657,0.45824476325432395,4.008852169938586,1.003553517608079,3073.6261559078653,9.777728746693482,3101.7925881059437,3060.616074398733,0.008359031,0.37738055,0.907028,-0.9663051,1000.0,0.0,1000,1000,10,2.876003240943299,0.8247692514188695,5.127718683251429,-1.2203884962291818,2876.003240943298,473.374595261734,3149.4297272990852,1727.2546971228644,-0.02823515,0.5600557,0.99990463,-0.99983937,1000.0,0.0,1000,1000,3073.6261559078653,276,280000,280,243.56261147302575,42.836925312003586,33.62986643894692,320.02940322397626,8821.05136436825,27
0.29513523,0.9785156,0.0037954361,4.0,-3.1049461,3.0403204,-0.52594006,-8.845358,2.0,70.21335,11.037908,633.829,-629.3849,376.18076,-417.3974,-1746.4548,-630.1668,377.74112,-421.21185,-1752.9675,1.0,0.0,1.0,1.0,1.3739121,1.5662153,7.660929,-3.242255,0.08157059,0.70847815,2.0037777,-2.3959184,-0.6324098,0.1702382,-0.0046025515,-1.1665728,3.1288934644750213,0.5116945750405377,4.840631794846516,1.0068848545673414,2771.3833764471797,496.6868350601553,3173.0066118004474,1529.7409253942476,-0.03542716,0.36589807,0.9942194,-0.99953014,885.7391304347826,156.60396390988106,1000,499,10,2.242178015266584,1.2686233714608297,5.952417700005881,-1.8634716077119533,2242.1780152665833,220.41962920975334,2647.053397493217,1732.7127016591585,-0.070333496,0.5789966,0.9999005,-0.9999717,1000.0,0.0,1000,1000,2771.3833764471797,286,290000,290,241.5757219529769,43.47442213699105,33.153774280974176,318.2039183709421,9141.509095678208,28
0.2612424,0.9707031,0.0038073692,4.0,-3.6328888,3.2150674,-0.39937916,-9.331723,2.0,39.68141,46.621944,782.3779,-777.4275,450.00284,-411.5537,-1933.0209,-777.4308,449.11197,-410.47894,-1935.7443,1.0,0.0,1.0,1.0,2.1340203,1.8392997,10.882427,-4.1646223,-0.23291318,0.8456135,2.718946,-2.8445485,-0.7431261,0.20317046,-0.20231956,-1.4209977,2.9895541587463317,0.4335765696532519,3.9407632171778193,0.9953029288249575,2989.5541587463317,20.63921520775516,3022.3177861659997,2952.864912759421,-0.042166024,0.3690031,0.90467733,-0.9807768,1000.0,0.0,1000,1000,10,2.8200284184542683,1.003574390267985,5.628068230443747,-1.3805813802598024,2820.028418454269,362.3262895762711,3238.270145786753,2081.646373164198,-0.01986875,0.5493275,0.9984635,-0.9998491,1000.0,0.0,1000,1000,2989.5541587463317,296,300000,300,246.11063907598145,45.74506928399205,33.807449789950624,325.66315814992413,9464.402200154072,29
0.26570547,0.94921875,0.004010979,4.0,-2.8263788,2.6530275,-0.43770728,-9.140108,2.0,48.74901,36.43557,773.7463,-768.5778,431.8769,-398.45728,-1840.6099,-768.50085,431.25403,-400.5074,-1851.8763,1.0,0.0,1.0,1.0,2.0295157,1.8373733,7.812669,-3.408437,0.015557181,0.8689394,2.4788759,-2.596263,-0.7374303,0.24774127,-0.15807208,-1.5582471,2.2848218714090245,0.30082664679723947,3.319255975207202,0.9743579568169711,2284.8218714090244,7.72980961979399,2298.1267764457216,2268.373870833257,-0.019788204,0.35852757,0.9684173,-0.9781428,1000.0,0.0,1000,1000,10,2.4913981388451054,1.2148143434004242,5.56871991191762,-1.9443818646902795,2491.398138845106,357.5739204470448,3077.304221560968,1875.1643194249168,-0.0178428,0.57025063,0.99973816,-0.9994635,1000.0,0.0,1000,1000,2284.8218714090244,306,310000,310,244.71677770797396,42.98987610198674,34.660878605995094,322.3675324159558,9788.689111257016,30
0.2672131,0.9667969,0.0037504353,4.0,-2.6841135,2.334385,-0.5483668,-9.401469,2.0,69.14876,65.44507,695.34845,-694.83746,327.75388,-408.48776,-1420.4026,-690.07153,324.14462,-404.11063,-1422.3385,1.0,0.0,1.0,1.0,2.1126027,1.9488802,7.61761,-3.786428,-0.12001223,0.8953904,2.2200031,-2.9887316,-0.8222833,0.24723959,-0.24005944,-1.7200749,2.026751799617875,0.6155121563446432,2.922691478360317,0.9923278153693117,147.0423117230012,1.5745843481042614,150.40224679831573,143.29226096608429,0.011392288,0.2561891,0.89687437,-0.93366075,72.55072463768116,0.752507535405633,74,71,10,2.6891260822487077,0.7438305189747568,4.411488296017855,-1.0889117273022355,2689.126082248709,289.22469518882764,2922.912850851966,1939.226791721171,0.020119993,0.5666578,0.9986988,-0.99924016,1000.0,0.0,1000,1000,147.0423117230012,316,320000,320,244.22620949801058,45.170541063998826,33.41181899807998,322.8085695600894,10111.176975133145,31
0.256024,0.9628906,0.00477196,4.0,-2.1029363,1.8295523,-0.598727,-8.416569,2.0,43.371468,45.439186,638.82886,-638.03595,252.63329,-418.52997,-1371.0481,-638.1107,252.70988,-418.94388,-1359.7944,1.0,0.0,1.0,1.0,2.1304245,2.071473,9.219084,-3.5436897,-0.020421153,0.91219294,2.2949336,-3.3424268,-0.78033924,0.22138035,-0.20114446,-1.7418311,2.1735067518683966,0.7433557890178637,4.074485020042152,0.9710963538570407,177.8372095834852,192.03091159105924,3177.0377260408354,158.68013585212466,0.063760385,0.33702114,0.8361387,-0.98445386,81.82040816326531,58.80296042662686,1000,75,10,2.8358079202835698,0.9140931973808247,5.37956630050884,-1.6165499565032364,2835.807920283571,229.91081409897146,3172.3222883106137,2443.803157293367,0.0031020243,0.5564426,0.99998474,-0.9999743,1000.0,0.0,1000,1000,177.8372095834852,326,330000,330,243.08936848098529,44.72236020400305,33.61026059099822,321.42198927598656,10430.8790786061,32
0.2828431,0.98046875,0.0029869433,4.0,-2.3390594,2.1981206,-0.28182206,-8.561175,2.0,16.744411,13.521252,587.5501,-588.5488,231.60284,-442.2093,-1438.4194,-586.41394,229.20978,-438.89102,-1437.3079,1.0,0.0,1.0,1.0,1.7320613,1.6744866,8.086935,-3.0177734,0.04387026,0.76709014,2.2201772,-2.7896583,-0.7867157,0.21197882,-0.27856216,-1.674288,3.1748599797570236,0.46927420388766866,3.946849002290607,0.9946543593714632,3174.8599797570237,4.898369716712263,3184.013961241314,3165.0493109013446,-0.02155723,0.3651388,0.9121415,-0.9352937,1000.0,0.0,1000,1000,10,2.9029357219883036,0.8846029568752625,5.565918447741782,-1.127254681064099,2902.935721988305,228.74253888801618,3102.576040064069,2340.6164067266914,-0.042219363,0.5427387,0.99805975,-0.9998659,1000.0,0.0,1000,1000,3174.8599797570237,336,340000,340,243.53396353501012,43.181827452994185,33.588114539015805,320.3039055270201,10752.040477872142,33
0.29813042,0.9765625,0.0033877594,4.0,-2.2663023,2.2053757,-0.45966926,-8.265414,2.0,35.371468,33.107285,626.9121,-630.09924,264.2862,-436.30005,-1437.3079,-628.0281,263.4965,-433.15857,-1406.1486,1.0,0.0,1.0,1.0,2.2283182,1.829967,9.39051,-6.275816,-0.061662763,0.8568394,2.3668382,-3.2544303,-0.8119077,0.22800967,-0.3224287,-1.6601169,3.154929308691481,0.44375073771931756,3.9694444631609946,1.0024295933596703,3154.9293086914813,2.423789878301025,3161.12723016607,3151.325035301257,0.01945125,0.3946286,0.94836205,-0.9667183,1000.0,0.0,1000,1000,10,2.8682150532144792,0.9114632778755223,5.432991095091705,-1.3858876801693853,2868.2150532144783,352.36961802386276,3204.3472660215425,2151.344786739224,-0.026454447,0.5497329,0.9982352,-0.9999982,1000.0,0.0,1000,1000,3154.9293086914813,346,350000,350,226.0013772350212,43.91763469899888,29.38552099899971,299.3045329330198,11044.255180649096,34
0.3175778,0.95703125,0.0030688967,4.0,-2.0330653,2.108815,-0.4711791,-8.317951,2.0,28.72496,21.21799,597.575,-590.135,225.07164,-436.44238,-1432.4583,-590.1849,226.10733,-433.2232,-1439.8531,1.0,0.0,1.0,1.0,1.7920697,1.7083519,6.9790015,-3.6445336,-0.09812033,0.80087864,2.2490168,-2.7961092,-0.7654392,0.22905964,-0.010820746,-1.4263406,3.0625726429565248,0.4381729783414204,4.022622744827817,0.9936828716816094,3062.5726429565234,10.444830556726979,3076.9231660914475,3032.8326906760426,-0.010540795,0.36362755,0.851157,-0.96884596,1000.0,0.0,1000,1000,10,2.8090370495130896,0.8322388359932907,5.485803590685938,-0.9995688674500413,2809.0370495130887,387.76288030700044,3055.45814043211,1962.610446376598,-0.0067835124,0.55135524,0.99717754,-0.9994318,1000.0,0.0,1000,1000,3062.5726429565234,356,360000,360,228.3333092360699,36.74584638798842,30.547422478033695,295.626578102092,11342.456707802208,35
0.30823717,0.953125,0.0043523703,4.0,-2.6282253,2.5176365,-0.5229223,-8.899535,2.0,7.076031,6.9692783,584.20013,-581.21094,239.28479,-430.79028,-1374.7325,-581.29114,239.26515,-431.2817,-1379.6858,1.0,0.0,1.0,1.0,1.3699069,1.5982438,6.8210692,-3.2216117,-0.039340768,0.6966397,1.9221252,-2.4383779,-0.7049186,0.18362536,-0.11150789,-1.4651598,3.2889582683484173,0.5847031227110718,5.221132087982612,0.9937425715320151,2459.89715818622,568.7985832368963,3310.454425105588,1544.2005301773904,-0.041927874,0.3808155,0.94307613,-0.9947231,747.925925925926,172.43977497814427,1000,477,10,2.708477777139402,1.2090718738542072,5.690064609748721,-1.5692665054175465,2708.4777771394024,334.5528798558298,3207.9324967492166,2216.320532125409,-0.033506688,0.5554248,0.99875224,-0.99995786,1000.0,0.0,1000,1000,2459.89715818622,366,370000,370,223.83829883197905,39.1853295309993,29.63811964399065,292.661748006969,11634.02153670213,36
0.3060001,0.95703125,0.0037618605,4.0,-2.5523872,2.4815092,-0.49930593,-8.527677,2.0,23.785587,22.905611,691.51483,-688.02466,316.77603,-425.11963,-1448.5771,-687.3109,315.8937,-426.95084,-1449.2047,1.0,0.0,1.0,1.0,1.7261188,1.6815206,7.647305,-2.5298948,-0.006948592,0.8038401,2.1757545,-3.0711553,-0.72571677,0.19987744,-0.15180898,-1.5145893,3.031455685814709,0.42036263091184456,4.157115059106945,1.005188131057716,3031.455685814708,4.37006263686562,3042.4665618884865,3025.930289221974,0.013954387,0.40384802,0.93303263,-0.956744,1000.0,0.0,1000,1000,10,2.7446385389930974,0.9235049383965142,5.146956496399357,-1.3273568248356153,2744.638538993096,351.6205580325899,3072.2699391763344,2132.5567801128095,0.009646486,0.5562335,0.9976609,-0.9995598,1000.0,0.0,1000,1000,3031.455685814708,376,380000,380,226.73878651001723,38.06647819300997,29.701374202006264,294.50663890503347,11929.605729863208,37
0.29500842,0.9472656,0.002941321,4.0,-1.7075601,1.5034499,-0.4707682,-8.119768,2.0,29.494015,18.3074,659.7371,-652.0989,310.10507,-427.978,-1448.7422,-655.63745,312.1802,-427.54205,-1454.4674,1.0,0.0,1.0,1.0,1.681473,1.6949371,7.2108874,-3.3084397,-0.010738999,0.81471336,2.617951,-2.245859,-0.7158262,0.1690343,-0.19027847,-1.523968,2.982431134251072,0.41954026291679414,3.965206168034269,0.9905720588211713,2982.4311342510714,6.3573182830285955,2994.7293440063454,2973.621505103296,0.009403588,0.3666064,0.9195056,-0.92937744,1000.0,0.0,1000,1000,10,3.089891060363817,0.6136813646600382,5.307108886997589,-0.7019476396132026,3089.891060363815,60.43043788326738,3149.4650058274,2924.6518831765634,-0.02579743,0.5588129,0.99970454,-0.99990493,1000.0,0.0,1000,1000,2982.4311342510714,386,390000,390,227.10779835499125,39.21550734699122,29.890210353943985,296.21351605592645,12224.884390478153,38
0.330545,0.9589844,0.0030768344,4.0,-1.4080659,1.0108234,-0.57974,-8.260543,2.0,11.317275,21.713959,540.1302,-538.517,213.12355,-422.43683,-1456.5787,-537.44855,211.95592,-424.3652,-1439.801,1.0,0.0,1.0,1.0,1.4468215,1.7045345,10.345228,-4.050758,-0.027623212,0.7346037,2.1858587,-2.5549247,-0.6953802,0.16366385,-0.28191864,-1.3412354,3.1853666738779736,0.5230748923553123,4.275397408618283,1.0052127908826374,3185.366673877974,2.8382787819287567,3190.7618412727984,3181.4218995461897,0.008037802,0.37742975,0.8736094,-0.9616368,1000.0,0.0,1000,1000,10,3.1127373412046144,0.5820801302035661,4.891182152275346,-0.8141063308480069,3112.737341204615,92.64915275762708,3192.4271385361217,2854.153842618729,-0.008811709,0.5609442,0.9960974,-0.99965,1000.0,0.0,1000,1000,3185.366673877974,396,400000,400,225.00794431002578,38.22046091497759,31.209875643020496,294.43828086802387,12520.022233200274,39
0.3462819,0.9609375,0.003873028,4.0,-1.460825,0.9655094,-0.59250474,-8.075823,2.0,8.694218,8.858241,491.27466,-485.6153,139.52092,-401.58704,-1283.8505,-485.3468,139.67328,-404.16626,-1280.289,1.0,0.0,1.0,1.0,1.5043511,1.700382,6.667878,-4.4482393,-0.049387593,0.7595183,2.7901232,-2.5493455,-0.6788392,0.17258607,-0.21892974,-1.2940397,3.092634120082023,0.45416775317140834,4.124510933918324,1.0022836157222155,3092.6341200820234,2.274075310509012,3097.668225936175,3087.058695583548,0.014279183,0.3848929,0.87940776,-0.89067024,1000.0,0.0,1000,1000,10,3.1444876403569344,0.6079713712076451,5.296397147592043,-1.269118140312165,3144.487640356936,36.547300498458526,3189.1015044326673,3070.3315065532615,-0.003996695,0.57826865,0.9990658,-0.9989235,1000.0,0.0,1000,1000,3092.6341200820234,406,410000,410,224.04851130396128,38.91990184399765,29.64534632806317,292.6137594760221,12812.475516115272,40
0.35524687,0.93359375,0.0038884669,4.0,-1.6199536,1.6688696,-0.45802385,-8.772605,2.0,28.646984,57.08264,501.85742,-488.46555,150.60362,-397.18204,-1255.9781,-489.6682,149.26619,-400.0864,-1268.8732,1.0,0.0,1.0,1.0,1.1466937,1.6186396,5.9734097,-3.1108768,-0.012966015,0.6760937,2.2422616,-3.191743,-0.59648055,0.16638497,-0.1833477,-1.4276547,3.0998258985347293,0.46030409580376913,4.109638877440001,1.0020890682178152,3099.825898534729,1.6260845049645376,3103.5865136836564,3096.3849831028037,-0.024567457,0.3608174,0.88739806,-0.89224225,1000.0,0.0,1000,1000,10,2.7733624715388565,1.04223877271163,5.3807525204942825,-1.6346872064122238,2773.362471538857,509.1964744863794,3204.5998978139696,1618.096976962748,-0.03521508,0.58720064,0.99975365,-0.99998474,1000.0,0.0,1000,1000,3099.825898534729,416,420000,420,227.62831082902267,39.08496221501264,30.79312450994621,297.5063975539815,13109.059865631294,41
0.37400764,0.9472656,0.0044355155,4.0,-1.9928241,2.2752235,-0.34626502,-9.710073,2.0,13.695847,18.219105,567.6241,-565.1465,232.65381,-398.2254,-1222.6299,-563.4008,230.9792,-397.4504,-1230.4213,1.0,0.0,1.0,1.0,1.6798619,1.9104694,7.877229,-5.0225096,-0.03914586,0.82417256,2.587365,-2.854234,-0.6575306,0.20378369,-0.07166928,-1.4626126,3.163389195367436,0.48917569193843713,4.285650215154193,1.0032366256017662,3163.389195367436,2.298437076417957,3167.323670199788,3158.7971477660512,-0.012206457,0.3780086,0.8718256,-0.933034,1000.0,0.0,1000,1000,10,3.0565961668227106,0.6567867307179788,4.817018547493988,-0.10105519199916481,3056.5961668227105,267.885239926306,3196.587781368088,2264.6625131966716,-0.026607182,0.58336115,0.99838656,-0.9999908,1000.0,0.0,1000,1000,3163.389195367436,426,430000,430,224.3775166849955,37.851908020005794,28.732088613003725,290.961513318005,13399.132055789276,42
0.38284117,0.9433594,0.0037397312,4.0,-1.3865973,1.326307,-0.3990777,-9.480731,2.0,15.322985,22.798016,527.9027,-524.2417,300.7134,-386.81702,-2339.456,-525.90735,302.50238,-392.11243,-2387.31,1.0,0.0,1.0,1.0,1.4366884,1.648162,7.193917,-2.8071265,-0.07801724,0.76109403,2.2128675,-2.609022,-0.6124678,0.16540174,-0.17833614,-1.2307291,3.2081486303442603,0.5359238251724369,4.422707980144124,0.9997180513275167,3208.1486303442603,1.324720432126766,3210.3095237166876,3205.548299864262,0.026498923,0.39181107,0.86591554,-0.9347243,1000.0,0.0,1000,1000,10,3.2061042011609704,0.5197920056284839,4.498282232464767,0.9660222867935415,3206.1042011609698,54.61432287701595,3315.7461019880247,3085.5351939620946,-0.02941298,0.57639873,0.9984446,-0.9993454,1000.0,0.0,1000,1000,3208.1486303442603,436,440000,440,225.6089843979571,36.943045207008254,28.344762265041936,290.8967918700073,13691.57930003728,43
0.39646876,0.9394531,0.00404348,4.0,-1.2934394,0.8971753,-0.49474987,-7.7174797,2.0,5.6055546,4.2537856,502.87332,-498.602,306.57864,-377.4395,-1863.5032,-498.6859,307.53864,-379.86975,-1865.2964,1.0,0.0,1.0,1.0,1.2831517,1.5956932,7.52677,-2.542576,-0.035382483,0.7204316,2.3071263,-2.562405,-0.5468407,0.1546185,-0.14912313,-1.269322,3.2870267377082025,0.5047577220424954,4.282906438940911,0.9992300260789734,3287.0267377082027,12.222590198813784,3299.7810450202446,3256.303751703583,-0.020249207,0.38776156,0.981968,-0.97887033,1000.0,0.0,1000,1000,10,3.157301779769304,0.6506923919805592,4.9282129089595506,0.6293829506608759,3157.3017797693037,175.27938153390662,3309.8320259878533,2659.5821719961677,-0.038393084,0.57932353,0.9968279,-0.99984187,1000.0,0.0,1000,1000,3287.0267377082027,446,450000,450,227.20036789798178,38.63892249998753,27.698963190981885,293.5382535889512,13985.821586127233,44
0.4198774,0.92578125,0.003029951,4.0,-1.6502756,1.721482,-0.50400186,-8.778285,2.0,2.6122608,2.437679,420.97684,-418.92664,55.618366,-370.51224,-1181.4196,-419.89615,55.640068,-371.0251,-1184.5293,1.0,0.0,1.0,1.0,1.1159506,1.3937925,5.3795633,-2.324143,-0.06600477,0.6757562,1.7604392,-2.207755,-0.5454777,0.11659069,-0.19662559,-1.0312605,3.150059147250592,0.5168305727891614,4.2499632199870865,1.0008608737348987,3150.0591472505903,4.83433175938487,3158.9499288681955,3141.560307609901,0.020289026,0.377541,0.79717,-0.93566585,1000.0,0.0,1000,1000,10,2.942730144322475,0.8880729081689301,5.853222135435484,-0.8933528368565368,2942.7301443224756,368.9884645929847,3294.148811814042,2017.625552489482,-0.019110613,0.5822467,0.99985707,-0.9996299,1000.0,0.0,1000,1000,3150.0591472505903,456,460000,460,227.21793935092865,39.91987553698709,28.104900611069752,295.2427154989855,14279.454495876198,45
0.3958595,0.92578125,0.004558474,4.0,-1.8683546,1.9653187,-0.48801,-8.172787,2.0,5.4774466,6.7070227,485.9303,-485.5264,228.96146,-353.97583,-1711.3,-485.4823,228.9845,-354.25864,-1716.5933,1.0,0.0,1.0,1.0,1.3284985,1.7020599,7.436122,-5.8472133,-0.05255605,0.7621083,2.0001576,-2.5579739,-0.57237285,0.13479635,-0.2336312,-1.0781395,3.2277160945270356,0.4948591808841915,4.1973755041532534,1.0011939074489682,3227.7160945270352,17.163790206312015,3258.57638628299,3203.604913463251,-0.009526005,0.38670582,0.98267925,-0.98043036,1000.0,0.0,1000,1000,10,2.957241328226606,0.8755491568352846,5.600758705296291,-0.19270331684665434,2957.241328226606,309.5632653072861,3217.177637329442,2255.3353518955296,-0.02747829,0.5778963,0.99914294,-0.99874413,1000.0,0.0,1000,1000,3227.7160945270352,466,470000,470,227.2965721859946,38.09631175399409,28.154826084995875,293.54771002498455,14574.5350395532,46
0.37803113,0.9160156,0.0036466816,4.0,-1.6958476,1.7620028,-0.33080804,-7.586262,2.0,16.331888,20.992458,527.045,-527.5756,250.33913,-357.61154,-1238.1335,-526.24396,249.6999,-356.71597,-1231.7092,1.0,0.0,1.0,1.0,1.44923,1.6090974,6.882778,-3.0448976,-0.089895405,0.7659751,2.21385,-2.8706596,-0.5798599,0.16414005,-0.23065907,-1.3164381,3.2223528509138655,0.5214984256861279,4.407864698737841,0.999056014418022,3222.352850913864,1.3448174651870868,3224.882346544055,3220.0180650203542,0.06615215,0.41747186,0.8611543,-0.939416,1000.0,0.0,1000,1000,10,3.087981388688503,0.7153073154153621,4.4746028815741825,0.066257952401813,3087.981388688503,352.3003493628256,3284.0146958829723,2035.626086982631,-0.0019288375,0.58589995,0.99512625,-0.9976872,1000.0,0.0,1000,1000,3222.352850913864,476,480000,480,223.02444145601476,39.9841253090126,29.069291736988816,292.07785850201617,14860.04614403924,47
0.40200326,0.9121094,0.0025134655,4.0,-1.2487867,0.9310773,-0.46231383,-7.747676,2.0,4.050698,13.981983,480.61957,-475.6936,222.16966,-339.39612,-1312.8308,-473.03214,220.58182,-334.5574,-1304.7042,1.0,0.0,1.0,1.0,1.1777387,1.7286011,8.4047785,-3.3170996,-0.08215477,0.7504142,1.9391279,-2.5975165,-0.5488967,0.14595938,-0.0897457,-1.222795,3.2518059557599814,0.4993673350214848,4.3301390986577974,0.9979655879299266,3251.8059557599813,2.153187150146544,3256.7815499000026,3246.252238481237,0.0114849815,0.38668692,0.79824626,-0.9510935,1000.0,0.0,1000,1000,10,3.248369121003411,0.5424277284052462,4.389547148238006,0.7840108018949754,3248.369121003412,36.765020262545555,3298.0462530507143,3182.4910760170533,-0.014518331,0.5916315,0.99900573,-0.99843293,1000.0,0.0,1000,1000,3251.8059557599813,486,490000,490,209.32562888300163,32.60324077299447,24.327944270975422,266.2568139269715,15125.756529604216,48
0.43098468,0.9121094,0.0040313248,4.0,-1.1984286,0.6480493,-0.49164382,-6.4593916,2.0,2.24425,2.5819755,394.95706,-392.6942,25.335081,-344.0282,-488.61087,-394.00275,25.046972,-346.23846,-488.8557,1.0,0.0,1.0,1.0,1.0587479,1.3889674,5.535924,-3.8914704,-0.021718003,0.6702645,1.3505862,-2.4734952,-0.52538854,0.11487927,-0.18630877,-0.906221,3.2223724328734513,0.4734135040364466,4.304261290263042,0.999379063799418,3222.3724328734506,2.113071218134034,3225.3411043759843,3218.0834342004337,0.0033464136,0.37761304,0.77394044,-0.9318095,1000.0,0.0,1000,1000,10,3.1982519150355806,0.6647522651366773,4.914021359128397,-0.7008136964753547,3198.2519150355806,171.29387660746283,3307.8918920533906,2691.352899927765,-0.026081173,0.59434044,0.9994044,-0.99986017,1000.0,0.0,1000,1000,3222.3724328734506,496,500000,500,190.3873048729729,32.02661080498365,19.57822302094428,241.99213869890082,15357.175118940082,49
0.4362157,0.9003906,0.0044681667,4.0,-1.1826851,0.57482773,-0.3709164,-6.4135885,2.0,6.035753,2.1559677,400.3899,-402.6635,91.24434,-347.91452,-1208.8589,-400.80682,90.60601,-345.78836,-1190.5554,1.0,0.0,1.0,1.0,1.0664394,1.4406483,6.382387,-2.9703689,-0.05720554,0.6769857,1.8132807,-2.5091388,-0.5049097,0.11942042,-0.21199203,-0.94022095,3.2091140574525396,0.4707482391423333,4.236203330634881,1.000597730233842,3209.11405745254,2.0658197424814144,3213.465672674657,3204.868954417899,-0.015460041,0.35091224,0.7101549,-0.92619795,1000.0,0.0,1000,1000,10,3.2147575726068935,0.4871622674993765,4.499501802939772,0.874089688902919,3214.757572606894,42.53900013852509,3306.789993411004,3146.2660427294927,-0.030702226,0.5901314,0.99915934,-0.99875325,1000.0,0.0,1000,1000,3209.11405745254,506,510000,510,175.0477529640484,21.47542103700107,14.52103133397759,211.04420533502707,15568.316133348053,50
0.42993852,0.9160156,0.0034796018,4.0,-1.2238898,0.8214191,-0.42571604,-7.0641594,2.0,2.5924795,2.1144018,394.9693,-392.5061,81.95244,-328.0438,-1132.8269,-392.0251,81.8378,-328.3781,-1136.7313,1.0,0.0,1.0,1.0,0.9172945,1.3362415,6.733767,-4.393276,-0.06412378,0.63689554,1.7831526,-2.0701811,-0.46760035,0.10957034,-0.14226544,-0.76274633,3.2860462480238115,0.48307864927072086,4.293915707132485,1.00127796434395,3286.046248023812,1.6714886591427813,3289.747799946399,3283.1978089355525,-0.021471985,0.3747522,0.91849816,-0.9517049,1000.0,0.0,1000,1000,10,3.1347308367847875,0.6936996675647358,4.98732221471987,-0.2946704434437206,3134.730836784788,248.28620816511165,3296.373764075703,2396.553401634404,-0.038826104,0.5909316,0.9990098,-0.9999805,1000.0,0.0,1000,1000,3286.046248023812,516,520000,520,173.835528209107,21.54517603799468,15.812111938954331,211.192816186056,15779.71933689418,51
0.42847997,0.91796875,0.003970832,4.0,-1.5971962,1.5811429,-0.43066248,-7.599219,2.0,3.3387167,2.408915,400.25214,-398.99915,127.04476,-334.50662,-2007.6368,-398.58517,126.75536,-335.93253,-2004.4052,1.0,0.0,1.0,1.0,1.1168807,1.5474564,7.237062,-3.8159728,-0.11328598,0.6802864,1.789523,-2.2152991,-0.4890853,0.123743996,-0.063955486,-1.0307423,2.957279566713466,0.4445208366856955,4.127119902962226,1.0007980827082399,2957.2795667134665,30.98699746046863,3017.066881432956,2905.762023980703,0.0046096863,0.3487808,0.8012589,-0.9565447,1000.0,0.0,1000,1000,10,3.0083074975886155,0.907621617568008,5.223880473975642,-0.5752089789185341,3008.3074975886166,388.32786609635536,3352.5869600863166,2176.640095115613,-0.030225491,0.58737665,0.999995,-0.999885,1000.0,0.0,1000,1000,2957.2795667134665,526,530000,530,172.9703632290475,22.176760508009465,16.055682138045086,211.20280587510206,15989.68997292324,52
0.4208533,0.8808594,0.0034514042,4.0,-2.1888967,2.3646705,-0.43176785,-8.302591,2.0,7.1998057,8.94733,462.21164,-462.34116,240.40067,-322.21152,-2288.834,-462.70258,240.04613,-325.55133,-2288.415,1.0,0.0,1.0,1.0,1.4160428,1.937459,8.656841,-6.9060326,-0.02490429,0.80290014,2.1740746,-2.595767,-0.56339127,0.1877256,-0.072319925,-1.3456352,3.291626275423301,0.501674548153265,4.277638100704422,0.9992662334327842,3291.6262754233007,12.972978166114626,3314.410645789869,3265.7593620018856,-0.053493097,0.37618473,0.8536168,-0.9851478,1000.0,0.0,1000,1000,10,2.723924726681318,1.02315744311992,6.367917510157718,0.17916336587061082,2723.9247266813177,447.6512777072966,3246.961560393584,2033.8090226376178,-0.025375197,0.5705783,0.9999614,-0.9998673,1000.0,0.0,1000,1000,3291.6262754233007,536,540000,540,173.19454860597034,20.57942534299218,14.722670930001186,208.4966448789637,16197.419299110203,53
0.36950454,0.90234375,0.004715079,4.0,-2.4515738,2.5022745,-0.40156594,-8.441654,2.0,8.843531,18.448273,506.1546,-506.48785,246.20686,-335.99933,-1415.0922,-509.12988,247.90958,-337.0664,-1408.9814,1.0,0.0,1.0,1.0,1.3384401,1.6201427,7.703283,-4.558777,-0.11224542,0.80548817,2.215428,-2.641292,-0.53322506,0.15554598,-0.0073288083,-1.1585064,3.2573861435105402,0.4812816921559726,4.313678798368275,1.0005707224797462,3257.3861435105405,16.642926112979065,3283.797011043689,3224.547627346726,0.0045227692,0.39705884,0.95802355,-0.9728004,1000.0,0.0,1000,1000,10,2.5979069202171945,1.3512677272390206,7.283458799008442,-3.2625186123963754,2597.9069202171936,542.0053867185089,3406.695537137813,1719.4992362202247,-0.028023383,0.5922126,0.99993795,-0.9998888,1000.0,0.0,1000,1000,3257.3861435105405,546,550000,550,175.75392561010085,19.751872986002127,14.966925340995658,210.47272393709864,16407.381110879316,54
0.32219934,0.9160156,0.0034206477,4.0,-2.5017042,2.5404055,-0.27197623,-8.576235,2.0,19.99269,27.108868,637.7447,-636.8711,337.4732,-337.6056,-1273.0449,-635.724,337.03165,-335.6826,-1275.5919,1.0,0.0,1.0,1.0,1.7446133,1.8724726,7.7736387,-4.2225704,0.018448507,0.8818391,2.4541905,-2.542046,-0.60319084,0.16700332,-0.19249114,-1.2065635,3.2379713910736987,0.8394949172967191,5.738806539984966,0.992538199199984,1135.8580331514736,72.46159973913069,1346.2206700908566,1085.4858646780865,0.0020410195,0.4246931,0.9982593,-0.99831355,350.7931034482759,14.561118066073293,396,339,10,2.8352680005832585,1.2167684616509866,6.492461207910236,-1.9697441043279273,2835.2680005832576,158.7094514518129,3080.4303200586933,2584.236520875517,0.007968927,0.5880889,0.9997784,-0.9993812,1000.0,0.0,1000,1000,1135.8580331514736,556,560000,560,173.47100183097064,19.26441477899789,15.666254003037466,208.401670613006,16615.938448149318,55
0.34598184,0.8847656,0.0033731926,4.0,-2.5903125,2.4679735,-0.29191974,-8.90192,2.0,29.39092,39.10444,625.8156,-621.0654,318.29492,-336.13187,-1388.4862,-623.09204,319.95868,-336.4475,-1395.6329,1.0,0.0,1.0,1.0,1.8050345,1.9628528,9.910913,-3.140602,0.011589655,0.8914024,2.6223955,-2.9760516,-0.6607278,0.16609658,-0.20272022,-1.2372745,3.0806151864129814,0.452206924974439,4.067773416796785,1.0001064516822376,3035.286134384333,201.77258985917342,3160.8633507270656,2161.830163091484,-0.009515471,0.391827,0.9532294,-0.9781566,985.2857142857143,65.80428619499381,1000,691,10,2.747236963705197,1.2236614658485545,5.684737878605188,-1.9078059634438667,2747.236963705197,657.0425532616474,3243.723586177247,848.1842898224695,0.009428522,0.61776316,1.0,-0.9997709,1000.0,0.0,1000,1000,3035.286134384333,566,570000,570,172.99800510401838,19.698321635019965,15.839023806067416,208.53535054510576,16827.029796289382,56
0.33092964,0.9277344,0.003197269,4.0,-2.4570138,2.3302736,-0.37118202,-8.978531,2.0,33.253372,34.96906,625.1743,-627.53406,351.9535,-361.07852,-1605.7522,-627.49225,351.80713,-359.38504,-1604.1884,1.0,0.0,1.0,1.0,2.089723,1.7925975,7.8892646,-3.106381,0.016746664,0.8795145,2.693527,-2.7693048,-0.7326863,0.20386912,-0.23831946,-1.3805354,3.1332349268197075,0.42871864997553444,4.045580881864129,1.0010723964828616,3133.2349268197086,3.3087166576031715,3137.067862506863,3126.3976275968525,-0.014464671,0.3556707,0.8632041,-0.96206516,1000.0,0.0,1000,1000,10,2.8599070595190006,1.1108772913158744,5.852175794183255,-1.8139558678117234,2859.9070595190005,240.17220960094247,3155.177196848385,2253.4317690305984,-0.01937548,0.5746775,0.9996419,-0.9999935,1000.0,0.0,1000,1000,3133.2349268197086,576,580000,580,170.7193262699875,21.956692997016944,15.522793873969931,208.19881314097438,17034.528077399373,57
0.3306243,0.921875,0.00457676,4.0,-1.9958402,1.8477107,-0.4845978,-8.513966,2.0,26.077713,21.133482,676.4683,-674.33545,366.9377,-398.97733,-2702.518,-675.0565,366.6263,-399.27054,-2699.2563,1.0,0.0,1.0,1.0,2.1163306,2.0214984,8.695675,-3.9237237,-0.002431256,0.8800848,2.7874398,-2.8185863,-0.77545804,0.19537444,-0.33934194,-1.3428012,2.8461132253034402,0.4486141312722223,3.831940186330376,1.0015872515958442,2846.113225303442,2.0767931278165874,2849.8831016684044,2842.4257927355984,-0.028117187,0.32292652,0.8279821,-0.9603519,1000.0,0.0,1000,1000,10,2.899057265162249,0.6078867858891458,5.519095396539389,-1.1143046104530712,2899.0572651622483,138.75559841021604,3166.0690137570414,2748.611222704776,-0.017070433,0.5369724,0.99991816,-0.99950874,1000.0,0.0,1000,1000,2846.113225303442,586,590000,590,172.6866735871008,21.480858821014408,15.38681035398622,209.55434276210144,17244.54476103549,58
0.30713335,0.9375,0.003552336,4.0,-1.4928908,0.6460072,-0.5852517,-6.687503,2.0,29.581108,27.876745,607.5029,-600.2528,268.78326,-430.601,-2416.126,-600.0602,269.1168,-425.15356,-2412.2227,1.0,0.0,1.0,1.0,1.7449424,1.6956042,7.7698917,-2.8988245,-0.082112364,0.78606915,2.126225,-2.741037,-0.77544737,0.1991521,-0.2733984,-1.4880483,3.2006283842551193,0.45444572413170325,4.188907888689598,0.9959325220440646,3200.6283842551197,4.24050755408454,3209.3893283971656,3195.0389479853125,-0.04010485,0.3618018,0.9046315,-0.97210073,1000.0,0.0,1000,1000,10,2.9424401088448713,0.5759100860463947,5.176544231598198,-0.842635493443655,2942.4401088448717,129.64827768737763,3106.6841093298235,2688.7509071425807,-0.034907337,0.5371131,0.9981827,-0.99931294,1000.0,0.0,1000,1000,3200.6283842551197,596,600000,600,172.74752527000965,21.724600959016243,15.746372003981378,210.21849823300727,17454.739540750466,59
0.30077398,0.9667969,0.002702477,4.0,-1.5151205,1.0021293,-0.59098536,-7.3168626,2.0,6.3670006,5.9089575,513.2963,-513.03076,127.60456,-432.06662,-1231.9462,-510.37506,126.60934,-429.775,-1228.8438,1.0,0.0,1.0,1.0,1.1927223,1.5095146,5.786222,-4.7525644,-0.02374882,0.66987085,1.6252071,-2.146622,-0.6434513,0.15145274,-0.30089408,-1.2797232,3.140751471922338,0.4532751232710683,4.14158453301039,1.001370805453,3140.7514719223386,3.2993042589575343,3147.343805046935,3134.365443998399,-0.009145362,0.35630327,0.9283577,-0.9603352,1000.0,0.0,1000,1000,10,3.1126628117950577,0.5985779346277892,5.423252653931197,-1.4719958318042552,3112.6628117950586,99.34156161960598,3185.205185978738,2825.9577511948064,-0.029437272,0.56759846,0.9999229,-0.9993428,1000.0,0.0,1000,1000,3140.7514719223386,606,610000,610,172.76505693601212,21.70614346198272,15.472152377013117,209.94335277500795,17663.91247112451,60
0.3525166,0.9453125,0.0038977053,4.0,-1.2629796,0.4649833,-0.35534975,-5.3531775,2.0,6.5106087,4.7225056,489.08362,-485.10898,122.221535,-413.5274,-1274.3389,-486.41278,122.76064,-410.3504,-1280.9974,1.0,0.0,1.0,1.0,1.1960263,1.5900799,6.3981905,-3.986238,-0.05191465,0.70409167,2.4214861,-2.3888898,-0.59559304,0.16030532,-0.27320942,-1.3390795,3.1809693208990146,0.44925298709034606,4.102123436853721,0.9932809398716754,3180.9693208990147,1.767076555434454,3185.6558874551047,3177.910182921668,-0.036116593,0.35040528,0.8080808,-0.9323303,1000.0,0.0,1000,1000,10,3.159205703978437,0.46067080330607685,4.292398678070935,0.8907554691936137,3159.2057039784368,26.59815832913682,3202.9766490559937,3125.0188493255414,-0.030390043,0.5746808,0.99907875,-0.99863464,1000.0,0.0,1000,1000,3180.9693208990147,616,620000,620,174.74150550400373,20.92553487000987,15.70339949298068,211.37043986699427,17873.878835350522,61
0.37483764,0.9296875,0.0029195938,4.0,-1.4528042,1.1284727,-0.60300565,-7.9481287,2.0,2.511457,5.7840996,451.89966,-449.92126,74.97686,-398.4709,-1254.5278,-446.4636,74.91014,-390.1511,-1243.2843,1.0,0.0,1.0,1.0,1.0781627,1.4177418,5.64013,-4.9756436,-0.13842227,0.64749825,1.4847155,-2.2306762,-0.529887,0.14771439,-0.093161166,-1.0852726,3.2375401596947415,0.4906103929847748,4.315456598373609,1.0072758210012884,3237.5401596947418,10.03138081828209,3248.235108756641,3205.3926354467617,-0.023739742,0.36465484,0.9177192,-0.97674,1000.0,0.0,1000,1000,10,3.054743002821823,0.7611658055092697,4.6116081019873505,-1.0920039241246047,3054.743002821823,304.7947963523592,3200.2937572520395,2173.7647402309426,-0.053571947,0.5850977,0.9978822,-0.9987031,1000.0,0.0,1000,1000,3237.5401596947418,626,630000,630,172.65789994297666,19.52994808400399,15.943762433016673,208.13161045999732,18081.760640592503,62
0.391222,0.94140625,0.0032710484,4.0,-1.7590154,1.7308832,-0.5865813,-7.968236,2.0,6.739785,12.958121,453.86166,-454.97162,142.58319,-384.12454,-1330.7609,-454.02185,141.98204,-382.20837,-1323.5037,1.0,0.0,1.0,1.0,1.0199764,1.5710965,6.4734826,-3.0911338,-0.013982136,0.68849266,1.4373486,-2.3396516,-0.52612936,0.13039841,-0.14297277,-0.9963499,2.963064818842921,0.4710114175285186,4.0716134478259995,1.0032994459102198,2963.0648188429213,3.6710200118685594,2970.6200597074258,2956.3629318447042,0.011289018,0.36567774,0.7825621,-0.93641704,1000.0,0.0,1000,1000,10,3.0195800368947565,0.8732751613574269,4.942755259673391,-0.7185491545972932,3019.580036894756,357.7607714628389,3252.9639816798895,1968.2528662816999,-0.048700243,0.58668613,0.9964557,-0.99987507,1000.0,0.0,1000,1000,2963.0648188429213,636,640000,640,172.57774596501258,19.28049695098889,15.676587508030934,207.5348304240324,18290.18016812754,63
